source_root,relative_path,extension,bytes,sha256,title,frontmatter_updated,review_status,review_scope
local-evidence/restaurant-ai-automation,.github/copilot-instructions.md,.md,903,4cd2d1f7a1fb273151a5a070e2beb1776c9c4e6c307b3d3e447e6fe3b691d5ad,WineOps AI - Copilot Instructions,,inventoried_only,Metadata only; no semantic-read claim.
local-evidence/restaurant-ai-automation,.planning/00-index/AGENDA.md,.md,4983,4ee0326a9f492f48446f214b013d0bc22830ffcd55f132f89789a4ad5dbb76a8,Agenda — what is happening now,2026-08-27,read_full,Complete displayed text reviewed.
local-evidence/restaurant-ai-automation,.planning/00-index/CARD-MAP.md,.md,11504,e08476d296fda5b32de9808680ab92924abf0a8a3666caf7b3f10004a0e18a41,"CARD-MAP — the agent-card layer, one row per card",,inventoried_only,Metadata only; no semantic-read claim.
local-evidence/restaurant-ai-automation,.planning/00-index/DECISION-INDEX.md,.md,12510,3536fbbf3991a0479b3a93b9e4706d566158f4002f759a34d4f904b0a78d8af3,Decision Index,2026-08-26,inventoried_only,Metadata only; no semantic-read claim.
local-evidence/restaurant-ai-automation,.planning/00-index/DESIGN-MAP-CLUSTERS.html,.html,338394,06e369ea677a603e5fb08c8fdae65e0e8f9c4b30db1adaa4786c362dae83ec00,,,inventoried_only,Metadata only; no semantic-read claim.
local-evidence/restaurant-ai-automation,.planning/00-index/DESIGN-MAP.html,.html,347504,0360183431958eeb5b235c0602a22f13ff4b4c403b8213e19406151e32a4bdff,,,inventoried_only,Metadata only; no semantic-read claim.
local-evidence/restaurant-ai-automation,.planning/00-index/GLOSSARY.md,.md,17926,dca68ed46b4047eb94e53969f9c4547655cf977d653715d0f4cf305265a3767c,Glossary,2026-08-24,inventoried_only,Metadata only; no semantic-read claim.
local-evidence/restaurant-ai-automation,.planning/00-index/HOME.md,.md,2604,5a122bfe8f92fb5460973d27f855ad5fc39dda659dc973e748471dbdbc6aa7a2,Mudavym — Vault Home,2026-08-28,read_full,Complete displayed text reviewed.
local-evidence/restaurant-ai-automation,.planning/00-index/LOOP-MAP.md,.md,1708,0ff406b791c575347f7f114c5d5e70c9ab6926b055b7919ccf854f91427aea73,Loop Map,2026-08-24,inventoried_only,Metadata only; no semantic-read claim.
local-evidence/restaurant-ai-automation,.planning/00-index/METRICS.md,.md,78728,609bba2e05342918ebb54825125fe2e5b74e34ad80c1413812aa623297354090,"Metrics — every metric the org names, and whether it has a number",2026-08-24,inventoried_only,Metadata only; no semantic-read claim.
local-evidence/restaurant-ai-automation,.planning/00-index/ORG-MAP.md,.md,6848,0bfab003b16c49555e80a30395f8e56c28638d63833c27c459d3bd6599ed8e6f,Org Map,2026-08-24,read_targeted,Selected relevant paragraphs reviewed.
local-evidence/restaurant-ai-automation,.planning/00-index/PLAN.md,.md,11996,d00d96b8b9ecaaa80cce39cb6a00781b04b7eb89d3facaa22efc5bd91bed9ac1,Plan — what gates what,2026-08-26,inventoried_only,Metadata only; no semantic-read claim.
local-evidence/restaurant-ai-automation,.planning/01-org/applied-ai/ai-orchestration/ai-orchestration-agenda-board.md,.md,6918,bcbb4ed70fe444f94bc6c8c6e661d57a7b809e5b27aac8b0395ab61ac5de26b2,AI Orchestration — Board,2026-08-28,inventoried_only,Metadata only; no semantic-read claim.
local-evidence/restaurant-ai-automation,.planning/01-org/applied-ai/ai-orchestration/ai-orchestration-agenda-full.md,.md,24992,d4963d799ec9d94d94f7c15c8919042fe8f466081c4ea6adf09ab8781f5b6591,AI Orchestration — Full Agenda,2026-08-28,inventoried_only,Metadata only; no semantic-read claim.
local-evidence/restaurant-ai-automation,.planning/01-org/applied-ai/ai-orchestration/ai-orchestration-agent-stack.md,.md,6300,6457f4be1fdbb812f0698b3c81c22c7aa042b211ea34b0c3c4cecd0737ad8ca5,AI Orchestration — Agent Stack,2026-08-27,inventoried_only,Metadata only; no semantic-read claim.
local-evidence/restaurant-ai-automation,.planning/01-org/applied-ai/ai-orchestration/ai-orchestration-charter.md,.md,13876,4a0dc0b88320ce797a5d12b119b2b22030add2efc9e53f01f4eb452e30bbc47a,AI Orchestration — Charter,2026-08-24,inventoried_only,Metadata only; no semantic-read claim.
local-evidence/restaurant-ai-automation,.planning/01-org/applied-ai/ai-orchestration/ai-orchestration-directive.md,.md,6467,23bed9a414e8a2cabed89680eaca420f6310866aa3215493117af894a36e56ce,AI Orchestration — Directive,2026-08-24,inventoried_only,Metadata only; no semantic-read claim.
local-evidence/restaurant-ai-automation,.planning/01-org/applied-ai/ai-orchestration/ai-orchestration-loops.md,.md,8260,e3c3e5fecf33648c030225b6d6b73e26fc93ead7d3ad5688aa02319f30082de2,AI Orchestration — Loops,2026-08-24,inventoried_only,Metadata only; no semantic-read claim.
local-evidence/restaurant-ai-automation,.planning/01-org/applied-ai/ai-orchestration/ai-orchestration-premortem.md,.md,9212,e7b0086956f51a360bf294ef1cd41405c017e5c5199a05da38ad06167dbcbe73,AI Orchestration — Premortem,2026-08-24,inventoried_only,Metadata only; no semantic-read claim.
local-evidence/restaurant-ai-automation,.planning/01-org/applied-ai/ai-orchestration/ai-orchestration-questions.md,.md,1880,2b70b72f2d50d4950556ff1672c62b5852585cd0e4dad03a13698c32db12c86a,AI Orchestration — Questions & Findings,2026-08-24,inventoried_only,Metadata only; no semantic-read claim.
local-evidence/restaurant-ai-automation,.planning/01-org/applied-ai/ai-orchestration/ai-orchestration-schedule.md,.md,7200,eba9ca6b2fcd1811c68aea0dd1f5b9f4230400388dd8cc864030d3b135820a01,AI Orchestration — Schedule & Skills,2026-08-24,inventoried_only,Metadata only; no semantic-read claim.
local-evidence/restaurant-ai-automation,.planning/01-org/applied-ai/ai-orchestration/teams/action-safety-the-human-gate/action-safety-the-human-gate-agenda-board.md,.md,4054,ac3b55362cc3794f7eae66e07147470a48bd736db3ac4792a1f5b94bb794c101,Action Safety & the Human Gate — Board,2026-08-24,inventoried_only,Metadata only; no semantic-read claim.
local-evidence/restaurant-ai-automation,.planning/01-org/applied-ai/ai-orchestration/teams/action-safety-the-human-gate/action-safety-the-human-gate-agenda-full.md,.md,7552,3104b6f63ccdf0647fcd6cda25cdbfc3c6d3134c98dfdd524260ef11ae532f0a,Action Safety & the Human Gate — Full Agenda,2026-08-24,inventoried_only,Metadata only; no semantic-read claim.
local-evidence/restaurant-ai-automation,.planning/01-org/applied-ai/ai-orchestration/teams/action-safety-the-human-gate/action-safety-the-human-gate-agent-stack.md,.md,6905,9d46d4bbf795ef27de38a6a7cbd79f9cc7f4be5e266787586fcdf90cab7b9c81,Action Safety & the Human Gate — Agent Stack,2026-08-27,inventoried_only,Metadata only; no semantic-read claim.
local-evidence/restaurant-ai-automation,.planning/01-org/applied-ai/ai-orchestration/teams/action-safety-the-human-gate/action-safety-the-human-gate-charter.md,.md,8096,8bf05739e5b9e8f2fd1b8f5473e50e68228c4710635066ac59ef5e274c1cf16f,Action Safety & the Human Gate — Charter,2026-08-24,inventoried_only,Metadata only; no semantic-read claim.
local-evidence/restaurant-ai-automation,.planning/01-org/applied-ai/ai-orchestration/teams/action-safety-the-human-gate/action-safety-the-human-gate-directive.md,.md,6146,698a3362c8c608dbef1b9025ccbfdc6051c54f592d9bc2902aa721fe39dc0ca9,Action Safety & the Human Gate — Directive,2026-08-24,inventoried_only,Metadata only; no semantic-read claim.
local-evidence/restaurant-ai-automation,.planning/01-org/applied-ai/ai-orchestration/teams/action-safety-the-human-gate/action-safety-the-human-gate-loops.md,.md,7943,9537aba128c505d2d24c6531ef6f3c5c3bb9b3282c50889e99bcb58ee5d947ec,Action Safety & the Human Gate — Loops,2026-08-24,inventoried_only,Metadata only; no semantic-read claim.
local-evidence/restaurant-ai-automation,.planning/01-org/applied-ai/ai-orchestration/teams/action-safety-the-human-gate/action-safety-the-human-gate-premortem.md,.md,8686,3284f2a6fc411469739ab296d3350fb71149195d8638bb07e232e6dd9bcaf235,Action Safety & the Human Gate — Premortem,2026-08-24,inventoried_only,Metadata only; no semantic-read claim.
local-evidence/restaurant-ai-automation,.planning/01-org/applied-ai/ai-orchestration/teams/action-safety-the-human-gate/action-safety-the-human-gate-questions.md,.md,1953,9ae57b01da47a99f6021b2b5dbe1e498b51413939005e22b22ac97bd6296bd64,Action Safety & the Human Gate — Questions & Findings,2026-08-24,inventoried_only,Metadata only; no semantic-read claim.
local-evidence/restaurant-ai-automation,.planning/01-org/applied-ai/ai-orchestration/teams/action-safety-the-human-gate/action-safety-the-human-gate-schedule.md,.md,5681,8257b3c9d83b7045c53c37986a58e69a316a7b8c3f3de106771fffd88da57ab8,Action Safety & the Human Gate — Schedule & Skills,2026-08-24,inventoried_only,Metadata only; no semantic-read claim.
local-evidence/restaurant-ai-automation,.planning/01-org/applied-ai/ai-orchestration/teams/agent-evaluation-gates/agent-evaluation-gates-agenda-board.md,.md,4052,0fbe918e7ca2f06eae4967ce052ec8f059c7aa8038d966bb01db5686d6007c83,Agent Evaluation & Gates — Board,2026-08-24,inventoried_only,Metadata only; no semantic-read claim.
local-evidence/restaurant-ai-automation,.planning/01-org/applied-ai/ai-orchestration/teams/agent-evaluation-gates/agent-evaluation-gates-agenda-full.md,.md,6846,a63f74638051f01c7fb008fff3ee48db3b92da43735ba0e3e08a3ecdedba673b,Agent Evaluation & Gates — Full Agenda,2026-08-24,inventoried_only,Metadata only; no semantic-read claim.
local-evidence/restaurant-ai-automation,.planning/01-org/applied-ai/ai-orchestration/teams/agent-evaluation-gates/agent-evaluation-gates-agent-stack.md,.md,6408,0f7210f420222daa83e04452043fa57d222ec16ae7c146bed4f83036a8b1d815,Agent Evaluation & Gates — Agent Stack,2026-08-27,inventoried_only,Metadata only; no semantic-read claim.
local-evidence/restaurant-ai-automation,.planning/01-org/applied-ai/ai-orchestration/teams/agent-evaluation-gates/agent-evaluation-gates-charter.md,.md,7583,f6eceaa3844f93aec677f64a41336b23297fce18d9853e3371d94aba27b097dd,Agent Evaluation & Gates — Charter,2026-08-24,inventoried_only,Metadata only; no semantic-read claim.
local-evidence/restaurant-ai-automation,.planning/01-org/applied-ai/ai-orchestration/teams/agent-evaluation-gates/agent-evaluation-gates-directive.md,.md,6002,60f81cdc3a90f3863a9d6673b89c9d76c102a4b0851576e50bb772bb73b8429f,Agent Evaluation & Gates — Directive,2026-08-24,inventoried_only,Metadata only; no semantic-read claim.
local-evidence/restaurant-ai-automation,.planning/01-org/applied-ai/ai-orchestration/teams/agent-evaluation-gates/agent-evaluation-gates-loops.md,.md,7678,11bf7d30cba525f42eeb81f18a881343dee14718447bbff06578c97b19f232b7,Agent Evaluation & Gates — Loops,2026-08-24,inventoried_only,Metadata only; no semantic-read claim.
local-evidence/restaurant-ai-automation,.planning/01-org/applied-ai/ai-orchestration/teams/agent-evaluation-gates/agent-evaluation-gates-premortem.md,.md,8291,b4235468bbef6960e1e8b69cac64d74852c48b4fa1e21ed169f33a1b4b00e4e1,Agent Evaluation & Gates — Premortem,2026-08-24,inventoried_only,Metadata only; no semantic-read claim.
local-evidence/restaurant-ai-automation,.planning/01-org/applied-ai/ai-orchestration/teams/agent-evaluation-gates/agent-evaluation-gates-questions.md,.md,1929,2bd556ffdd62403c58bcc566289b61d214d982d21f0ec20364be5f2be60edda9,Agent Evaluation & Gates — Questions & Findings,2026-08-24,inventoried_only,Metadata only; no semantic-read claim.
local-evidence/restaurant-ai-automation,.planning/01-org/applied-ai/ai-orchestration/teams/agent-evaluation-gates/agent-evaluation-gates-schedule.md,.md,5102,c67cd6560e908ddd2a19d9a3b51c59d12034c53b8858e25245fd380d230806ce,Agent Evaluation & Gates — Schedule & Skills,2026-08-24,inventoried_only,Metadata only; no semantic-read claim.
local-evidence/restaurant-ai-automation,.planning/01-org/applied-ai/ai-orchestration/teams/agent-evaluation-gates/memory/2026-08-28-coverage-gate.md,.md,398,12cfef21cb72626d7c48a95a9b9bdbbdf3e25288ef53ed6fc0b891c60ee7c3ac,Coverage gate 2026-08-28: PASS,,inventoried_only,Metadata only; no semantic-read claim.
local-evidence/restaurant-ai-automation,.planning/01-org/applied-ai/ai-orchestration/teams/agent-evaluation-gates/memory/agent-evaluation-gates-MEMORY.md,.md,284,24b9dd4b5d0db61330db392a4307d34202b3682aa3cfff7784c6034f01e749f6,agent-evaluation-gates — memory index,,inventoried_only,Metadata only; no semantic-read claim.
local-evidence/restaurant-ai-automation,.planning/01-org/applied-ai/ai-orchestration/teams/agent-fleet/agent-fleet-agenda-board.md,.md,3076,4c3a9c6b54a406ed9be0b6f47f1a48da1f4a3757c50fb0b04b8c970001d6cc30,Agent Fleet — Board,2026-08-24,inventoried_only,Metadata only; no semantic-read claim.
local-evidence/restaurant-ai-automation,.planning/01-org/applied-ai/ai-orchestration/teams/agent-fleet/agent-fleet-agenda-full.md,.md,6240,c82ffc986ac63eae47ed5363abe253d5ab511fff3772d2f1c7d678d8c97c2131,Agent Fleet — Full Agenda,2026-08-24,inventoried_only,Metadata only; no semantic-read claim.
local-evidence/restaurant-ai-automation,.planning/01-org/applied-ai/ai-orchestration/teams/agent-fleet/agent-fleet-agent-stack.md,.md,5662,200c6c6068d226ba17e2f92b4999e4afe95e017865f6006f7e30588dc3b37efb,Agent Fleet — Agent Stack,2026-08-27,inventoried_only,Metadata only; no semantic-read claim.
local-evidence/restaurant-ai-automation,.planning/01-org/applied-ai/ai-orchestration/teams/agent-fleet/agent-fleet-charter.md,.md,7556,d4bba137fa815a97146e089ef3485649200a509feb58c4daacc489198eb1e8a9,Agent Fleet — Charter,2026-08-24,inventoried_only,Metadata only; no semantic-read claim.
local-evidence/restaurant-ai-automation,.planning/01-org/applied-ai/ai-orchestration/teams/agent-fleet/agent-fleet-directive.md,.md,4980,9dcfeeec3ebe5a3368e41c14fdf6fea141077435d0bebffd4c1b8be0ac5956a4,Agent Fleet — Directive,2026-08-24,inventoried_only,Metadata only; no semantic-read claim.
local-evidence/restaurant-ai-automation,.planning/01-org/applied-ai/ai-orchestration/teams/agent-fleet/agent-fleet-loops.md,.md,5975,6e8f8293170d7621df7615f2ed741c8cc3c16d6fc415e6719b366480d790a4b2,Agent Fleet — Loops,2026-08-24,inventoried_only,Metadata only; no semantic-read claim.
local-evidence/restaurant-ai-automation,.planning/01-org/applied-ai/ai-orchestration/teams/agent-fleet/agent-fleet-premortem.md,.md,7471,eb07f0655b7996b16eb27b0fc885669321ff73c825b2a57e0889b45de4fb24b3,Agent Fleet — Premortem,2026-08-24,inventoried_only,Metadata only; no semantic-read claim.
local-evidence/restaurant-ai-automation,.planning/01-org/applied-ai/ai-orchestration/teams/agent-fleet/agent-fleet-questions.md,.md,1883,458bae502a37c6a60b8a4c0ade5a6f0dd034a1f831525b44344a58dc5aa8efb0,Agent Fleet — Questions & Findings,2026-08-24,inventoried_only,Metadata only; no semantic-read claim.
local-evidence/restaurant-ai-automation,.planning/01-org/applied-ai/ai-orchestration/teams/agent-fleet/agent-fleet-schedule.md,.md,5377,2b61f63efdea51f8c535db98a8c7092f5bf238d08f4c7693a35cd2b9a54db5cf,Agent Fleet — Schedule & Skills,2026-08-24,inventoried_only,Metadata only; no semantic-read claim.
local-evidence/restaurant-ai-automation,.planning/01-org/applied-ai/ai-orchestration/teams/agent-fleet/memory/2026-08-28-fleet-census.md,.md,689,cd4dbf092e448f7d493b3f922c0ba1bdc18caf57dcc9555be4273cb5fc7b29a0,Fleet census 2026-08-28: 18/24 can start by default,,inventoried_only,Metadata only; no semantic-read claim.
local-evidence/restaurant-ai-automation,.planning/01-org/applied-ai/ai-orchestration/teams/agent-fleet/memory/agent-fleet-MEMORY.md,.md,368,bb326d361fbd6e5f55384a6975feeabad359a64606a8c445d85211d76b3ccce0,agent-fleet — memory index,,inventoried_only,Metadata only; no semantic-read claim.
local-evidence/restaurant-ai-automation,.planning/01-org/applied-ai/ai-orchestration/teams/harness-runtime/harness-runtime-agenda-board.md,.md,2616,3ab3741646354365b7f1f3b413d85afef66b6293507df264b6d00559ab53b7df,Harness & Runtime — Board,2026-08-24,inventoried_only,Metadata only; no semantic-read claim.
local-evidence/restaurant-ai-automation,.planning/01-org/applied-ai/ai-orchestration/teams/harness-runtime/harness-runtime-agenda-full.md,.md,5967,acc828a36e823635c6593fe06d0779ee172171b2e14ba9d816c7c7a3da23f324,Harness & Runtime — Full Agenda,2026-08-24,inventoried_only,Metadata only; no semantic-read claim.
local-evidence/restaurant-ai-automation,.planning/01-org/applied-ai/ai-orchestration/teams/harness-runtime/harness-runtime-agent-stack.md,.md,6182,1c46ea562ee475c375fdd3b72c5204c3d91e9bb94b55ef31ae4dd65a7cc91796,Harness & Runtime — Agent Stack,2026-08-27,inventoried_only,Metadata only; no semantic-read claim.
local-evidence/restaurant-ai-automation,.planning/01-org/applied-ai/ai-orchestration/teams/harness-runtime/harness-runtime-charter.md,.md,6433,59a7c42395b161c12e109561d1bd9e94d412836ce3e83c05e81d1b3ce7d604ea,Harness & Runtime — Charter,2026-08-24,inventoried_only,Metadata only; no semantic-read claim.
local-evidence/restaurant-ai-automation,.planning/01-org/applied-ai/ai-orchestration/teams/harness-runtime/harness-runtime-directive.md,.md,4897,e79ec6eff0ff372439a91f47ed4773e33bca56ccb3592dc7ab745ca89f6b82ba,Harness & Runtime — Directive,2026-08-24,inventoried_only,Metadata only; no semantic-read claim.
local-evidence/restaurant-ai-automation,.planning/01-org/applied-ai/ai-orchestration/teams/harness-runtime/harness-runtime-loops.md,.md,5138,b029146341982486314ab2d01546738d6b6c060c60f2a8f8bccabc077cf63ed2,Harness & Runtime — Loops,2026-08-24,inventoried_only,Metadata only; no semantic-read claim.
local-evidence/restaurant-ai-automation,.planning/01-org/applied-ai/ai-orchestration/teams/harness-runtime/harness-runtime-premortem.md,.md,7431,6d42bfc38513acfb621be1e5e96721686f8c961dd00c6cd7565b74c1e5bba999,Harness & Runtime — Premortem,2026-08-24,inventoried_only,Metadata only; no semantic-read claim.
local-evidence/restaurant-ai-automation,.planning/01-org/applied-ai/ai-orchestration/teams/harness-runtime/harness-runtime-questions.md,.md,1901,d170388cba257f4831100623a2f5c47d6a259df7aa8533490ef734c948f967dc,Harness & Runtime — Questions & Findings,2026-08-24,inventoried_only,Metadata only; no semantic-read claim.
local-evidence/restaurant-ai-automation,.planning/01-org/applied-ai/ai-orchestration/teams/harness-runtime/harness-runtime-schedule.md,.md,4333,0490efeaef2e7da084edf7d3180887f8b99e1ec52849232a337c05e742c02b1d,Harness & Runtime — Schedule & Skills,2026-08-24,inventoried_only,Metadata only; no semantic-read claim.
local-evidence/restaurant-ai-automation,.planning/01-org/applied-ai/ai-orchestration/teams/harness-runtime/memory/2026-08-28-harness-contract-audit.md,.md,346,8d21e6341a15ea4a373160be04b1f9a4903e52c000dafcc41e5658908a81d3fe,Harness audit 2026-08-28: 1 module(s) outside the contract,,inventoried_only,Metadata only; no semantic-read claim.
local-evidence/restaurant-ai-automation,.planning/01-org/applied-ai/ai-orchestration/teams/harness-runtime/memory/harness-runtime-MEMORY.md,.md,314,6de186180a73e30a3103fa573d7cc57dec906047f3a53c3ce27d6f081d4ea781,harness-runtime — memory index,,inventoried_only,Metadata only; no semantic-read claim.
local-evidence/restaurant-ai-automation,.planning/01-org/applied-ai/ai-orchestration/teams/model-routing-inference-economics/memory/2026-08-28-model-pin-census.md,.md,488,8a7e146f465b2ba3bbc83680b3c0cda39ddded0b54a2cbcf0cb3b5e91985098d,Pin census 2026-08-28: 0 URL constant(s) outside the wrapper,,inventoried_only,Metadata only; no semantic-read claim.
local-evidence/restaurant-ai-automation,.planning/01-org/applied-ai/ai-orchestration/teams/model-routing-inference-economics/memory/model-routing-inference-economics-MEMORY.md,.md,328,f1e214671e9aa11a9faa534da91c6a38761f456072c2893c52af1e72aea0341e,model-routing-inference-economics — memory index,,inventoried_only,Metadata only; no semantic-read claim.
local-evidence/restaurant-ai-automation,.planning/01-org/applied-ai/ai-orchestration/teams/model-routing-inference-economics/model-routing-inference-economics-agenda-board.md,.md,3606,35c745aaa7870c3c11c007115a57c345ea889f3fd7a778a9c936bcd983195193,Model Routing & Inference Economics — Board,2026-08-24,inventoried_only,Metadata only; no semantic-read claim.
local-evidence/restaurant-ai-automation,.planning/01-org/applied-ai/ai-orchestration/teams/model-routing-inference-economics/model-routing-inference-economics-agenda-full.md,.md,6916,8cd11118c1e2771574cc1b69e366d352fc62fa5c93145ba31a69b707a0e6a39f,Model Routing & Inference Economics — Full Agenda,2026-08-24,inventoried_only,Metadata only; no semantic-read claim.
local-evidence/restaurant-ai-automation,.planning/01-org/applied-ai/ai-orchestration/teams/model-routing-inference-economics/model-routing-inference-economics-agent-stack.md,.md,6174,4e01d53ea9cc4fddb620810e3e6107bfa385d069f5d03509fb6fca1ef6133ec8,Model Routing & Inference Economics — Agent Stack,2026-08-27,inventoried_only,Metadata only; no semantic-read claim.
local-evidence/restaurant-ai-automation,.planning/01-org/applied-ai/ai-orchestration/teams/model-routing-inference-economics/model-routing-inference-economics-charter.md,.md,7518,53df4c2e21a0a424d1447c9d91ceee4fcd3260698552448b2b0eed43a4462e9a,Model Routing & Inference Economics — Charter,2026-08-24,inventoried_only,Metadata only; no semantic-read claim.
local-evidence/restaurant-ai-automation,.planning/01-org/applied-ai/ai-orchestration/teams/model-routing-inference-economics/model-routing-inference-economics-directive.md,.md,5317,d1c1c4b09ffdb1fe6c8d24fbd5c1521a0995219b111cc8f200c2ed1ab1ab3b4c,Model Routing & Inference Economics — Directive,2026-08-24,inventoried_only,Metadata only; no semantic-read claim.
local-evidence/restaurant-ai-automation,.planning/01-org/applied-ai/ai-orchestration/teams/model-routing-inference-economics/model-routing-inference-economics-loops.md,.md,6829,477abc889c6d15606e82bfaf412b124691bfacc4133173c7ebb71b493e7869ff,Model Routing & Inference Economics — Loops,2026-08-24,inventoried_only,Metadata only; no semantic-read claim.
local-evidence/restaurant-ai-automation,.planning/01-org/applied-ai/ai-orchestration/teams/model-routing-inference-economics/model-routing-inference-economics-premortem.md,.md,7221,a60e0000b76bd1623cd39e959a112b66e7af0b926bd63d168853a7f08ff97a99,Model Routing & Inference Economics — Premortem,2026-08-24,inventoried_only,Metadata only; no semantic-read claim.
local-evidence/restaurant-ai-automation,.planning/01-org/applied-ai/ai-orchestration/teams/model-routing-inference-economics/model-routing-inference-economics-questions.md,.md,2859,00422a63e3f5ad3ccf0717a0697d2ea8c263cc8ee6c8801379fe85903f4be4d4,Model Routing & Inference Economics — Questions & Findings,2026-08-24,inventoried_only,Metadata only; no semantic-read claim.
local-evidence/restaurant-ai-automation,.planning/01-org/applied-ai/ai-orchestration/teams/model-routing-inference-economics/model-routing-inference-economics-schedule.md,.md,5007,65f5eac78a2855538bf747a6b16b8fdb27b90923b371b3703afbd2ec8667ef91,Model Routing & Inference Economics — Schedule & Skills,2026-08-24,inventoried_only,Metadata only; no semantic-read claim.
local-evidence/restaurant-ai-automation,.planning/01-org/applied-ai/skills/skills-agenda-board.md,.md,4788,79be035da39ce38045b86c46379986ec3f90deb94902d38f3b500fa1866e76ac,Skills — Board,2026-08-28,inventoried_only,Metadata only; no semantic-read claim.
local-evidence/restaurant-ai-automation,.planning/01-org/applied-ai/skills/skills-agenda-full.md,.md,19200,e3adb536fe89814e3748453d98e78db69ff3c6ad15e3b5cad51f6dd3d44c46ea,"Skills — Agenda, 2026-08-28",2026-08-28,inventoried_only,Metadata only; no semantic-read claim.
local-evidence/restaurant-ai-automation,.planning/01-org/applied-ai/skills/skills-agent-stack.md,.md,5750,004fbf629880ecd4b477be7b5ac4e3c76bdffb7ee8e6416e66552fc15db58455,Skills — Agent Stack,2026-08-27,inventoried_only,Metadata only; no semantic-read claim.
local-evidence/restaurant-ai-automation,.planning/01-org/applied-ai/skills/skills-charter.md,.md,8952,a6899d85f04e2a882db4bfafec5553d457987c5587b9ca79728bd531cc656107,Skills — Charter,2026-08-24,inventoried_only,Metadata only; no semantic-read claim.
local-evidence/restaurant-ai-automation,.planning/01-org/applied-ai/skills/skills-directive.md,.md,4787,63b68575a8ca57aff7dbcacc2a2a76c34dd246264a868fc0b7d881857069c9ed,Skills — Directive,2026-08-24,inventoried_only,Metadata only; no semantic-read claim.
local-evidence/restaurant-ai-automation,.planning/01-org/applied-ai/skills/skills-loops.md,.md,5541,34a17cf4f886158ba3e546205b7491b5785c9945d192d7697485b7a010f0265d,Skills — Loops,2026-08-24,inventoried_only,Metadata only; no semantic-read claim.
local-evidence/restaurant-ai-automation,.planning/01-org/applied-ai/skills/skills-premortem.md,.md,9186,73a1444d4c4a8ba05368506d03b8c937032fe8dcff47f0db7df744c15bf65823,Skills — Premortem,2026-08-24,inventoried_only,Metadata only; no semantic-read claim.
local-evidence/restaurant-ai-automation,.planning/01-org/applied-ai/skills/skills-questions.md,.md,2513,a2a4b80e4ded6eab5953ba36c37420acde63031086d6e03d010bdce19416da39,Skills — Questions & Findings,2026-08-24,inventoried_only,Metadata only; no semantic-read claim.
local-evidence/restaurant-ai-automation,.planning/01-org/applied-ai/skills/skills-schedule.md,.md,4192,4c14195b50cc16e2ea24909f61ca9d7c4b156653ffc97f6c23747e1acb9e329a,Skills — Schedule & Skills,2026-08-24,inventoried_only,Metadata only; no semantic-read claim.
local-evidence/restaurant-ai-automation,.planning/01-org/applied-ai/skills/teams/skill-harvesting/skill-harvesting-agenda-board.md,.md,2502,d44127e36ea521858f4df55dd93bee148dcf9b8b847934335d080652ab4ff691,Skill Harvesting — Board,2026-08-24,inventoried_only,Metadata only; no semantic-read claim.
local-evidence/restaurant-ai-automation,.planning/01-org/applied-ai/skills/teams/skill-harvesting/skill-harvesting-agenda-full.md,.md,5254,b9578e56ad7331840f568c8479317dd341a920d245f0c599467300b2aa1f2100,Skill Harvesting — Full Agenda,2026-08-24,inventoried_only,Metadata only; no semantic-read claim.
local-evidence/restaurant-ai-automation,.planning/01-org/applied-ai/skills/teams/skill-harvesting/skill-harvesting-agent-stack.md,.md,5395,3b1a4defd1da7be011b4b9f831669e86a247b645553525e222393d9f30cf6281,Skill Harvesting — Agent Stack,2026-08-27,inventoried_only,Metadata only; no semantic-read claim.
local-evidence/restaurant-ai-automation,.planning/01-org/applied-ai/skills/teams/skill-harvesting/skill-harvesting-charter.md,.md,6454,a453dfcca82f16434fc1396a49162438b33fc4d4d37b763ccaf50223d2c04b94,Skill Harvesting — Charter,2026-08-24,inventoried_only,Metadata only; no semantic-read claim.
local-evidence/restaurant-ai-automation,.planning/01-org/applied-ai/skills/teams/skill-harvesting/skill-harvesting-directive.md,.md,4354,ca3f457067276e9219816e89f9d41d7e6e2a2497e50ae76faefd1bc436094ba6,Skill Harvesting — Directive,2026-08-24,inventoried_only,Metadata only; no semantic-read claim.
local-evidence/restaurant-ai-automation,.planning/01-org/applied-ai/skills/teams/skill-harvesting/skill-harvesting-loops.md,.md,4531,7c67dd70781800bccdca553c1a57f82f7aa5a46b238a499102bf19b16d85ee4b,Skill Harvesting — Loops,2026-08-24,inventoried_only,Metadata only; no semantic-read claim.
local-evidence/restaurant-ai-automation,.planning/01-org/applied-ai/skills/teams/skill-harvesting/skill-harvesting-premortem.md,.md,7650,88558adcdf4d1bb00ad4b0af3e145c93b8e2a5002d1609c04ed8b2c15dc52d7d,Skill Harvesting — Premortem,2026-08-24,inventoried_only,Metadata only; no semantic-read claim.
local-evidence/restaurant-ai-automation,.planning/01-org/applied-ai/skills/teams/skill-harvesting/skill-harvesting-questions.md,.md,1893,93c9c21f0c12707f87fb6fdd57367f6b006b7f11d57c7aed1804e60569f9e150,Skill Harvesting — Questions & Findings,2026-08-24,inventoried_only,Metadata only; no semantic-read claim.
local-evidence/restaurant-ai-automation,.planning/01-org/applied-ai/skills/teams/skill-harvesting/skill-harvesting-schedule.md,.md,4258,89958b2f5d7b6f3917b5fc1c06815a60cc6c9119df0358014bccbd14c081e3c2,Skill Harvesting — Schedule & Skills,2026-08-24,inventoried_only,Metadata only; no semantic-read claim.
local-evidence/restaurant-ai-automation,.planning/01-org/applied-ai/skills/teams/skill-lifecycle-anti-sprawl/memory/2026-08-28-staleness-review.md,.md,413,f35bbb4a5507e10f5dd0051fc2dbd842bd5c09f50f02bfb85ae7d90050507795,"Staleness review 2026-08-28: 4 skill(s), all unmeasurable",,inventoried_only,Metadata only; no semantic-read claim.
local-evidence/restaurant-ai-automation,.planning/01-org/applied-ai/skills/teams/skill-lifecycle-anti-sprawl/memory/skill-lifecycle-anti-sprawl-MEMORY.md,.md,319,270f9e1715403997ffeb96a519f9ddc22e89877d895d0abea44e9ae75e048928,skill-lifecycle-anti-sprawl — memory index,,inventoried_only,Metadata only; no semantic-read claim.
local-evidence/restaurant-ai-automation,.planning/01-org/applied-ai/skills/teams/skill-lifecycle-anti-sprawl/skill-lifecycle-anti-sprawl-agenda-board.md,.md,2302,7504ea8e4aff862a4481a3a96ed260e399779d7240681aa3bc674bc157bedf44,Skill Lifecycle & Anti-Sprawl — Board,2026-08-24,inventoried_only,Metadata only; no semantic-read claim.
local-evidence/restaurant-ai-automation,.planning/01-org/applied-ai/skills/teams/skill-lifecycle-anti-sprawl/skill-lifecycle-anti-sprawl-agenda-full.md,.md,5454,d9def4d3e46800a62e04c20f1ad49f830b404960edff2fb2b07f92824ff044a3,Skill Lifecycle & Anti-Sprawl — Full Agenda,2026-08-24,inventoried_only,Metadata only; no semantic-read claim.
local-evidence/restaurant-ai-automation,.planning/01-org/applied-ai/skills/teams/skill-lifecycle-anti-sprawl/skill-lifecycle-anti-sprawl-agent-stack.md,.md,6085,564ff87f2549727910f03f0b660fb12d32bad81178aa459c4c41049118aaafab,Skill Lifecycle & Anti-Sprawl — Agent Stack,2026-08-27,inventoried_only,Metadata only; no semantic-read claim.
local-evidence/restaurant-ai-automation,.planning/01-org/applied-ai/skills/teams/skill-lifecycle-anti-sprawl/skill-lifecycle-anti-sprawl-charter.md,.md,6736,659a424a1f8f2b8eb23100f9f3767509fe5007fb55d9c38c83f76a8abc753ef4,Skill Lifecycle & Anti-Sprawl — Charter,2026-08-24,inventoried_only,Metadata only; no semantic-read claim.
local-evidence/restaurant-ai-automation,.planning/01-org/applied-ai/skills/teams/skill-lifecycle-anti-sprawl/skill-lifecycle-anti-sprawl-directive.md,.md,4593,d594fc83eca832538d1ba8c11ee4e5fb6abc9a0415a68104636bf3dea7efb3fc,Skill Lifecycle & Anti-Sprawl — Directive,2026-08-24,inventoried_only,Metadata only; no semantic-read claim.
local-evidence/restaurant-ai-automation,.planning/01-org/applied-ai/skills/teams/skill-lifecycle-anti-sprawl/skill-lifecycle-anti-sprawl-loops.md,.md,4733,7c7f6aeb2c68317bddf62622d6674b8d34baa55346d67fe62c58582f326d7057,Skill Lifecycle & Anti-Sprawl — Loops,2026-08-24,inventoried_only,Metadata only; no semantic-read claim.
local-evidence/restaurant-ai-automation,.planning/01-org/applied-ai/skills/teams/skill-lifecycle-anti-sprawl/skill-lifecycle-anti-sprawl-premortem.md,.md,8288,84b434e9dda512e61198f78e78da9efe35657e0a9293a24592715e62eb634a09,Skill Lifecycle & Anti-Sprawl — Premortem,2026-08-24,inventoried_only,Metadata only; no semantic-read claim.
local-evidence/restaurant-ai-automation,.planning/01-org/applied-ai/skills/teams/skill-lifecycle-anti-sprawl/skill-lifecycle-anti-sprawl-questions.md,.md,1939,13455969914e0763b0181c9471b3701a75033d22cb0356cc44b6401431e2fe60,Skill Lifecycle & Anti-Sprawl — Questions & Findings,2026-08-24,inventoried_only,Metadata only; no semantic-read claim.
local-evidence/restaurant-ai-automation,.planning/01-org/applied-ai/skills/teams/skill-lifecycle-anti-sprawl/skill-lifecycle-anti-sprawl-schedule.md,.md,3701,d53b2e5f573baa8f0b30ba621978115d225a2abf0bf2a69f8bdeeff488247db1,Skill Lifecycle & Anti-Sprawl — Schedule & Skills,2026-08-24,inventoried_only,Metadata only; no semantic-read claim.
local-evidence/restaurant-ai-automation,.planning/01-org/applied-ai/skills/teams/skill-registry-authoring/memory/2026-08-28-registry-index.md,.md,286,d5319268962e81a502519e14265c033da960be8f3ebb94796053ff6eec49253b,"Skill registry 2026-08-28: 4 committed, 4 §3.3-compliant",,inventoried_only,Metadata only; no semantic-read claim.
local-evidence/restaurant-ai-automation,.planning/01-org/applied-ai/skills/teams/skill-registry-authoring/memory/skill-registry-authoring-MEMORY.md,.md,314,7bf159e204632f495d10865a9572e1243ffa538a2d5eae5c040c8abad79c9901,skill-registry-authoring — memory index,,inventoried_only,Metadata only; no semantic-read claim.
local-evidence/restaurant-ai-automation,.planning/01-org/applied-ai/skills/teams/skill-registry-authoring/skill-registry-authoring-agenda-board.md,.md,1790,5530ecd0ef8a172a2868d09c25e9216851e472c5fc3eb2974af8d89ac3a43496,Skill Registry & Authoring — Board,2026-08-24,inventoried_only,Metadata only; no semantic-read claim.
local-evidence/restaurant-ai-automation,.planning/01-org/applied-ai/skills/teams/skill-registry-authoring/skill-registry-authoring-agenda-full.md,.md,5086,e6c710a69354c7f2007b5c732e45a759a9a7e79e7d61970f86918d2b3c74b9ae,Skill Registry & Authoring — Full Agenda,2026-08-24,inventoried_only,Metadata only; no semantic-read claim.
local-evidence/restaurant-ai-automation,.planning/01-org/applied-ai/skills/teams/skill-registry-authoring/skill-registry-authoring-agent-stack.md,.md,6265,0a3bfe94f926bf2663a41431b82d6a422684952c8ad11556bbf142795e9648b2,Skill Registry & Authoring — Agent Stack,2026-08-27,inventoried_only,Metadata only; no semantic-read claim.
local-evidence/restaurant-ai-automation,.planning/01-org/applied-ai/skills/teams/skill-registry-authoring/skill-registry-authoring-charter.md,.md,5540,d2e0937350168658f5d32bf1a0b9a209170841f57c70f3c94f1d749b2772e228,Skill Registry & Authoring — Charter,2026-08-24,inventoried_only,Metadata only; no semantic-read claim.
local-evidence/restaurant-ai-automation,.planning/01-org/applied-ai/skills/teams/skill-registry-authoring/skill-registry-authoring-directive.md,.md,4023,95b444f60bfa6d897da260b113ae0e2723777dd31e78e0deee42532f5b7ef5d5,Skill Registry & Authoring — Directive,2026-08-24,inventoried_only,Metadata only; no semantic-read claim.
local-evidence/restaurant-ai-automation,.planning/01-org/applied-ai/skills/teams/skill-registry-authoring/skill-registry-authoring-loops.md,.md,3986,a270c771b85024265dc508442c80b2714f464709d3a4cc48d745b19bac111bd5,Skill Registry & Authoring — Loops,2026-08-24,inventoried_only,Metadata only; no semantic-read claim.
local-evidence/restaurant-ai-automation,.planning/01-org/applied-ai/skills/teams/skill-registry-authoring/skill-registry-authoring-premortem.md,.md,6532,afee957203847fbd3b98814f41856a1c0ea282e7e8fe65ccd77e47f57bec4589,Skill Registry & Authoring — Premortem,2026-08-24,inventoried_only,Metadata only; no semantic-read claim.
local-evidence/restaurant-ai-automation,.planning/01-org/applied-ai/skills/teams/skill-registry-authoring/skill-registry-authoring-questions.md,.md,1927,65d71dc983b8d2fd2d094031d3b26331c3af9f78f0fdb518cb2fa6f92bb39877,Skill Registry & Authoring — Questions & Findings,2026-08-24,inventoried_only,Metadata only; no semantic-read claim.
local-evidence/restaurant-ai-automation,.planning/01-org/applied-ai/skills/teams/skill-registry-authoring/skill-registry-authoring-schedule.md,.md,3824,ce4dfeaa0f45f113dcd661802891c0defd112835b3b8f36fdff8e031109fffc1,Skill Registry & Authoring — Schedule & Skills,2026-08-24,inventoried_only,Metadata only; no semantic-read claim.
local-evidence/restaurant-ai-automation,.planning/01-org/commercial/finance-pricing/finance-pricing-agenda-board.md,.md,7759,50632d248a67acba9fba948c15561c5ed07fb2fe59f2c2e4842f885ca8ed4f00,Finance & Pricing — Board,2026-08-28,inventoried_only,Metadata only; no semantic-read claim.
local-evidence/restaurant-ai-automation,.planning/01-org/commercial/finance-pricing/finance-pricing-agenda-full.md,.md,27967,40f6ddfd43c6d32798fdde52dfa3fa5ebf00a693985ab6bdf41f7f2bb2b96942,Finance & Pricing — Full Agenda,2026-08-28,inventoried_only,Metadata only; no semantic-read claim.
local-evidence/restaurant-ai-automation,.planning/01-org/commercial/finance-pricing/finance-pricing-agent-stack.md,.md,9193,81302708ef673a3f473db01d06a48df50f82709fda167866ff031f43999d28be,Finance & Pricing — Agent Stack,2026-08-27,inventoried_only,Metadata only; no semantic-read claim.
local-evidence/restaurant-ai-automation,.planning/01-org/commercial/finance-pricing/finance-pricing-charter.md,.md,10973,77ed8a45a2363225779b5afe24659c5008856b8cb63a44bd621d1f5701839296,Finance & Pricing — Charter,2026-08-24,inventoried_only,Metadata only; no semantic-read claim.
local-evidence/restaurant-ai-automation,.planning/01-org/commercial/finance-pricing/finance-pricing-directive.md,.md,7074,b3602b583fbc044d317890d20c3116f57c23ee4500beef48eb4657954a467111,Finance & Pricing — Directive,2026-08-24,inventoried_only,Metadata only; no semantic-read claim.
local-evidence/restaurant-ai-automation,.planning/01-org/commercial/finance-pricing/finance-pricing-loops.md,.md,8766,70a0fd658f5b27f184ae7dd79671e4dd35e836a9f740e2ef6b1badda2bf0e40d,Finance & Pricing — Loops,2026-08-24,inventoried_only,Metadata only; no semantic-read claim.
local-evidence/restaurant-ai-automation,.planning/01-org/commercial/finance-pricing/finance-pricing-premortem.md,.md,9100,edf54f50a34368382152c6562e79b75d32b7a90439b39e895c396c4b2cc46626,Finance & Pricing — Premortem,2026-08-24,inventoried_only,Metadata only; no semantic-read claim.
local-evidence/restaurant-ai-automation,.planning/01-org/commercial/finance-pricing/finance-pricing-questions.md,.md,1890,9118c49d3d6295c4ed834b49e6e8d94f0e7f483ab77961a7ac9411177d01db1c,Finance & Pricing (sub-layer) — Questions & Findings,2026-08-24,inventoried_only,Metadata only; no semantic-read claim.
local-evidence/restaurant-ai-automation,.planning/01-org/commercial/finance-pricing/finance-pricing-schedule.md,.md,5487,e82a28df0652349af2b5a976b42cd355e8ae3dd48ac6a21b91f7774fa144fc00,Finance & Pricing — Schedule & Skills,2026-08-24,inventoried_only,Metadata only; no semantic-read claim.
local-evidence/restaurant-ai-automation,.planning/01-org/commercial/finance-pricing/teams/inference-cost/inference-cost-agenda-board.md,.md,4170,beeb148cc4ebcd6d9ce95de367f5cfb9cf03ac7c87dcdafea7c60811963f18a7,Inference Cost — Board,2026-08-24,inventoried_only,Metadata only; no semantic-read claim.
local-evidence/restaurant-ai-automation,.planning/01-org/commercial/finance-pricing/teams/inference-cost/inference-cost-agenda-full.md,.md,10819,2aa1f7c8c047264ebf93aff967276ab3b02fce443c682be0ff5d4d2ee8793e43,Inference Cost — Full Agenda,2026-08-24,inventoried_only,Metadata only; no semantic-read claim.
local-evidence/restaurant-ai-automation,.planning/01-org/commercial/finance-pricing/teams/inference-cost/inference-cost-agent-stack.md,.md,11650,87f6db94e3ec04ab1069dbb44fa13e8e15a615f52ce2762b928d8938cd46cdc9,Inference Cost — Agent Stack,2026-08-27,inventoried_only,Metadata only; no semantic-read claim.
local-evidence/restaurant-ai-automation,.planning/01-org/commercial/finance-pricing/teams/inference-cost/inference-cost-charter.md,.md,10812,6864974f6f493cff2a5d397ffd510503d42d7bafef8242edf2452fb68e1cfc6c,Inference Cost — Charter,2026-08-24,inventoried_only,Metadata only; no semantic-read claim.
local-evidence/restaurant-ai-automation,.planning/01-org/commercial/finance-pricing/teams/inference-cost/inference-cost-directive.md,.md,7148,762ba6e03731d07c69148fb3b872fda084f19d043e64bd7ffd0eae74dda589f3,Inference Cost — Directive,2026-08-24,inventoried_only,Metadata only; no semantic-read claim.
local-evidence/restaurant-ai-automation,.planning/01-org/commercial/finance-pricing/teams/inference-cost/inference-cost-loops.md,.md,9286,8ad4dab7a6c2bc66ad39a816e1f77ce953280c88cd833f1eb0d020b6d28de822,Inference Cost — Loops,2026-08-24,inventoried_only,Metadata only; no semantic-read claim.
local-evidence/restaurant-ai-automation,.planning/01-org/commercial/finance-pricing/teams/inference-cost/inference-cost-premortem.md,.md,10671,e05443963b78f5f1f34979fdaa5657e275ea60a9972950d1701c46ccd5c2f2bd,Inference Cost — Premortem,2026-08-24,inventoried_only,Metadata only; no semantic-read claim.
local-evidence/restaurant-ai-automation,.planning/01-org/commercial/finance-pricing/teams/inference-cost/inference-cost-questions.md,.md,1894,31afbd9024dbec5141162c1f9a6c64e683b85166427a1aace4b2857ee82ca21f,Inference Cost — Questions & Findings,2026-08-24,inventoried_only,Metadata only; no semantic-read claim.
local-evidence/restaurant-ai-automation,.planning/01-org/commercial/finance-pricing/teams/inference-cost/inference-cost-schedule.md,.md,6245,ce8ae0f0e3f9dea9ba4aa3c1d54e185c5415abb99ba310f80a9378a0e112fb2d,Inference Cost — Schedule & Skills,2026-08-24,inventoried_only,Metadata only; no semantic-read claim.
local-evidence/restaurant-ai-automation,.planning/01-org/commercial/finance-pricing/teams/unit-economics-pricing/unit-economics-pricing-agenda-board.md,.md,4495,c9c24e26f32f78d5d98911e084e529cb38a46dcba99f67cce4140d78c050b19d,Unit Economics & Pricing — Board,2026-08-24,inventoried_only,Metadata only; no semantic-read claim.
local-evidence/restaurant-ai-automation,.planning/01-org/commercial/finance-pricing/teams/unit-economics-pricing/unit-economics-pricing-agenda-full.md,.md,9439,ff0bddc8682dcaf1c1b8e8c9b1c3c1e4947c880d4c302e337ac1bcd68cead2b4,Unit Economics & Pricing — Full Agenda,2026-08-24,inventoried_only,Metadata only; no semantic-read claim.
local-evidence/restaurant-ai-automation,.planning/01-org/commercial/finance-pricing/teams/unit-economics-pricing/unit-economics-pricing-agent-stack.md,.md,12085,e9fe9cf3cb6e64cbb825f3d009dfdde79ce62038db68f85e6cfe04bcab6b970b,Unit Economics & Pricing — Agent Stack,2026-08-27,inventoried_only,Metadata only; no semantic-read claim.
local-evidence/restaurant-ai-automation,.planning/01-org/commercial/finance-pricing/teams/unit-economics-pricing/unit-economics-pricing-charter.md,.md,9024,c98014098eb13b4a0d35dfd3242ce5a9ef94e7d7545dacdda2f86c315a7e8dc9,Unit Economics & Pricing — Charter,2026-08-24,inventoried_only,Metadata only; no semantic-read claim.
local-evidence/restaurant-ai-automation,.planning/01-org/commercial/finance-pricing/teams/unit-economics-pricing/unit-economics-pricing-directive.md,.md,8318,8ab05158fcdfb4cc6148fd3c9ac1e59b9f7f79b390530d7acb10da958c245e90,Unit Economics & Pricing — Directive,2026-08-24,inventoried_only,Metadata only; no semantic-read claim.
local-evidence/restaurant-ai-automation,.planning/01-org/commercial/finance-pricing/teams/unit-economics-pricing/unit-economics-pricing-loops.md,.md,8070,0291e5f3a655fe133031a92fb3eff2e699d575832f120b57fb67bbe495960429,Unit Economics & Pricing — Loops,2026-08-24,inventoried_only,Metadata only; no semantic-read claim.
local-evidence/restaurant-ai-automation,.planning/01-org/commercial/finance-pricing/teams/unit-economics-pricing/unit-economics-pricing-premortem.md,.md,9973,cf4a245183e36847fe6a7f76ded6b3d8b1162c62c6cb0f2b66973631683aa391,Unit Economics & Pricing — Premortem,2026-08-24,inventoried_only,Metadata only; no semantic-read claim.
local-evidence/restaurant-ai-automation,.planning/01-org/commercial/finance-pricing/teams/unit-economics-pricing/unit-economics-pricing-questions.md,.md,1928,11f3722d5248462eca36f4d69f8088ca45aa53d153cca5a2a1049468731356bb,Unit Economics & Pricing — Questions & Findings,2026-08-24,inventoried_only,Metadata only; no semantic-read claim.
local-evidence/restaurant-ai-automation,.planning/01-org/commercial/finance-pricing/teams/unit-economics-pricing/unit-economics-pricing-schedule.md,.md,5937,ae257847bd6fcbef98f4e2efcc0584810c62b1ab6eb9c8d19cb1bd9590827346,Unit Economics & Pricing — Schedule & Skills,2026-08-24,inventoried_only,Metadata only; no semantic-read claim.
local-evidence/restaurant-ai-automation,.planning/01-org/commercial/growth/growth-agenda-board.md,.md,6625,b58a87ae69a66d6b2249066137c6e6c3b363f037e2843acfc9823194243c7057,Growth — Board,2026-08-28,inventoried_only,Metadata only; no semantic-read claim.
local-evidence/restaurant-ai-automation,.planning/01-org/commercial/growth/growth-agenda-full.md,.md,29204,8f158163a9241b6c0e445a83ef41af77463edcb53bdcea5b328c554a04b6b6a1,Growth — Full Agenda,2026-08-28,inventoried_only,Metadata only; no semantic-read claim.
local-evidence/restaurant-ai-automation,.planning/01-org/commercial/growth/growth-agent-stack.md,.md,8618,bab9fdcff336c2f9eff8492c5d04c84be1be3a4a13bbe48aab40f142fc2ca749,Growth — Agent Stack,2026-08-27,inventoried_only,Metadata only; no semantic-read claim.
local-evidence/restaurant-ai-automation,.planning/01-org/commercial/growth/growth-charter.md,.md,15798,060cd2e695d139b86bd237bc17f895488f76b1d1efa0f71011fa27d2a2e9acc9,Growth — Charter,2026-08-24,inventoried_only,Metadata only; no semantic-read claim.
local-evidence/restaurant-ai-automation,.planning/01-org/commercial/growth/growth-directive.md,.md,8180,06065991577bd8212e933c721d65d832ae19bbb9e6040dfc1fb7c65e8e49acd5,Growth — Directive,2026-08-24,inventoried_only,Metadata only; no semantic-read claim.
local-evidence/restaurant-ai-automation,.planning/01-org/commercial/growth/growth-loops.md,.md,10409,de3f9083aa77cb7e735306136faab65d236bc4aac42316649b4e49c2e5678ac2,Growth — Loops,2026-08-24,inventoried_only,Metadata only; no semantic-read claim.
local-evidence/restaurant-ai-automation,.planning/01-org/commercial/growth/growth-premortem.md,.md,9947,c0dd42e6895ec848eaf0bf53861b30636f075f303058a39f53432d86fc381d9d,Growth — Premortem,2026-08-24,inventoried_only,Metadata only; no semantic-read claim.
local-evidence/restaurant-ai-automation,.planning/01-org/commercial/growth/growth-questions.md,.md,1840,684bbd3f8a5207dfbaac2f1f4d94bc5878437e2b4740047768399364dad941a5,Growth — Questions & Findings,2026-08-24,inventoried_only,Metadata only; no semantic-read claim.
local-evidence/restaurant-ai-automation,.planning/01-org/commercial/growth/growth-schedule.md,.md,6874,1f60c52f5ca325287bd14375d3687dd9a004698132ace71b64b0b2aa4a3c667f,Growth — Schedule & Skills,2026-08-24,inventoried_only,Metadata only; no semantic-read claim.
local-evidence/restaurant-ai-automation,.planning/01-org/commercial/growth/teams/content-production/content-production-agenda-board.md,.md,2940,b8f2299a14452c2259ee4fc459c53780153b0dc3245427244f0d3991595c5aa2,Content Production — Board,2026-08-24,inventoried_only,Metadata only; no semantic-read claim.
local-evidence/restaurant-ai-automation,.planning/01-org/commercial/growth/teams/content-production/content-production-agenda-full.md,.md,5862,f1fdc5846b3111148b0ac53f9ac8d571e1955eef4a321476fbfb4a95204a03c5,Content Production — Full Agenda,2026-08-24,inventoried_only,Metadata only; no semantic-read claim.
local-evidence/restaurant-ai-automation,.planning/01-org/commercial/growth/teams/content-production/content-production-agent-stack.md,.md,8582,f702ca8f1682541ce6da89ca72b5e81797e2149f01801104850958c69e9a0fdb,Content Production — Agent Stack,2026-08-27,inventoried_only,Metadata only; no semantic-read claim.
local-evidence/restaurant-ai-automation,.planning/01-org/commercial/growth/teams/content-production/content-production-charter.md,.md,8229,fe0afd891a95b5d8541e297bae0ccd7ea20c4e14d788609536491fb40026db85,Content Production — Charter,2026-08-24,inventoried_only,Metadata only; no semantic-read claim.
local-evidence/restaurant-ai-automation,.planning/01-org/commercial/growth/teams/content-production/content-production-directive.md,.md,5686,2ee1e31919e05683a5453ba91cfd71d3a076855c6d27f65c9aa412183e8e6d21,Content Production — Directive,2026-08-24,inventoried_only,Metadata only; no semantic-read claim.
local-evidence/restaurant-ai-automation,.planning/01-org/commercial/growth/teams/content-production/content-production-loops.md,.md,5933,b93f4b2c28cdcdb400cc4b60d95ee9610456209212005a86f2a09f0eba5a0731,Content Production — Loops,2026-08-24,inventoried_only,Metadata only; no semantic-read claim.
local-evidence/restaurant-ai-automation,.planning/01-org/commercial/growth/teams/content-production/content-production-premortem.md,.md,7371,eb9b9deb30444246eb331489631ca568889e71bfe9d289d47d11e3905020a4bd,Content Production — Premortem,2026-08-24,inventoried_only,Metadata only; no semantic-read claim.
local-evidence/restaurant-ai-automation,.planning/01-org/commercial/growth/teams/content-production/content-production-questions.md,.md,1901,4cbfeca39ef9e5b3658b5ef61fc6353c2f0bb192ad5d2fc32aa3d1ff512865db,Content Production — Questions & Findings,2026-08-24,inventoried_only,Metadata only; no semantic-read claim.
local-evidence/restaurant-ai-automation,.planning/01-org/commercial/growth/teams/content-production/content-production-schedule.md,.md,4837,97c584482bdc4207c9121eae3fed6293a60c9fc459b0d4c4629aa25c49f7d6b8,Content Production — Schedule & Skills,2026-08-24,inventoried_only,Metadata only; no semantic-read claim.
local-evidence/restaurant-ai-automation,.planning/01-org/commercial/growth/teams/conversion-funnel/conversion-funnel-agenda-board.md,.md,4235,6de9b395d3ba2baa8bc1b80bce5e999356b55c42e519ec63ee746b29a60f44d7,Conversion & Funnel — Board,2026-08-24,inventoried_only,Metadata only; no semantic-read claim.
local-evidence/restaurant-ai-automation,.planning/01-org/commercial/growth/teams/conversion-funnel/conversion-funnel-agenda-full.md,.md,6999,c65a980b718b00351d47b3d7cd5dad0b2de7348d3d07a491c9dc87a4ea1e83d0,Conversion & Funnel — Full Agenda,2026-08-24,inventoried_only,Metadata only; no semantic-read claim.
local-evidence/restaurant-ai-automation,.planning/01-org/commercial/growth/teams/conversion-funnel/conversion-funnel-agent-stack.md,.md,10080,b7c4dd692cccbe0dc1828f44bf6cfb67dca5ce0b362c17fc94d6c46d4327399b,Conversion & Funnel — Agent Stack,2026-08-27,inventoried_only,Metadata only; no semantic-read claim.
local-evidence/restaurant-ai-automation,.planning/01-org/commercial/growth/teams/conversion-funnel/conversion-funnel-charter.md,.md,9228,3e59e3425c78851d689628de2e6d2f221a96795f3a4a542392d9db492e3f66fd,Conversion & Funnel — Charter,2026-08-24,inventoried_only,Metadata only; no semantic-read claim.
local-evidence/restaurant-ai-automation,.planning/01-org/commercial/growth/teams/conversion-funnel/conversion-funnel-directive.md,.md,6839,8abd60bb09444775aab952084ce846afa4ff3b95f0d06d85445a4576cc694e7e,Conversion & Funnel — Directive,2026-08-24,inventoried_only,Metadata only; no semantic-read claim.
local-evidence/restaurant-ai-automation,.planning/01-org/commercial/growth/teams/conversion-funnel/conversion-funnel-loops.md,.md,7966,8581f6f0f9adeb23296370759f9bda3ed469b5af051116239e81ce6543893cfa,Conversion & Funnel — Loops,2026-08-24,inventoried_only,Metadata only; no semantic-read claim.
local-evidence/restaurant-ai-automation,.planning/01-org/commercial/growth/teams/conversion-funnel/conversion-funnel-premortem.md,.md,8176,e40de97e31206cafc467069469c2c202d505a5222618870f65bd79a9163fe4ca,Conversion & Funnel — Premortem,2026-08-24,inventoried_only,Metadata only; no semantic-read claim.
local-evidence/restaurant-ai-automation,.planning/01-org/commercial/growth/teams/conversion-funnel/conversion-funnel-questions.md,.md,1899,6c7cf56eaf0a2a74ddb2ad417d9bcacb74dbc4cd1136a36ad5012cea73830611,Conversion & Funnel — Questions & Findings,2026-08-24,inventoried_only,Metadata only; no semantic-read claim.
local-evidence/restaurant-ai-automation,.planning/01-org/commercial/growth/teams/conversion-funnel/conversion-funnel-schedule.md,.md,5655,7ec4b14d19fe721f9f6f986fedf336f7b1973e6d574255c1f4228d3a0fde602c,Conversion & Funnel — Schedule & Skills,2026-08-24,inventoried_only,Metadata only; no semantic-read claim.
local-evidence/restaurant-ai-automation,.planning/01-org/commercial/growth/teams/editorial-gate/editorial-gate-agenda-board.md,.md,3578,b8b732405ff314714b20721707ac310802fdef552f22b6d7ccb611f5292b6cc0,Editorial Gate — Board,2026-08-24,inventoried_only,Metadata only; no semantic-read claim.
local-evidence/restaurant-ai-automation,.planning/01-org/commercial/growth/teams/editorial-gate/editorial-gate-agenda-full.md,.md,6294,92303cbd6fb801ff6c88853aae17cafb62f645def78c88f8b13f03b266ed2726,Editorial Gate — Full Agenda,2026-08-24,inventoried_only,Metadata only; no semantic-read claim.
local-evidence/restaurant-ai-automation,.planning/01-org/commercial/growth/teams/editorial-gate/editorial-gate-agent-stack.md,.md,8882,8d95da0975c73926782724bb5649d8b029553e85f975515901f7555b8d2043bf,Editorial Gate — Agent Stack,2026-08-27,inventoried_only,Metadata only; no semantic-read claim.
local-evidence/restaurant-ai-automation,.planning/01-org/commercial/growth/teams/editorial-gate/editorial-gate-charter.md,.md,9102,b455c08fc72a394b53ef3eecee24f1e2a2b41248c804eff23d9a8edd23966199,Editorial Gate — Charter,2026-08-24,inventoried_only,Metadata only; no semantic-read claim.
local-evidence/restaurant-ai-automation,.planning/01-org/commercial/growth/teams/editorial-gate/editorial-gate-directive.md,.md,6717,885fd5bb9f5f6636bd4e4f009b79e11d6ac47ac0e5cde40d9e56b0133aed9e1a,Editorial Gate — Directive,2026-08-24,inventoried_only,Metadata only; no semantic-read claim.
local-evidence/restaurant-ai-automation,.planning/01-org/commercial/growth/teams/editorial-gate/editorial-gate-loops.md,.md,5890,d7f8bc530fd7e60b4e85602315b0ad14ccd9b97a2eddc6b819fd6271db9a041f,Editorial Gate — Loops,2026-08-24,inventoried_only,Metadata only; no semantic-read claim.
local-evidence/restaurant-ai-automation,.planning/01-org/commercial/growth/teams/editorial-gate/editorial-gate-premortem.md,.md,7671,9bbcf261a05f20d9be3b3419465fcc3dc4a1e971d9d5c9906b3a2cacafbee4c4,Editorial Gate — Premortem,2026-08-24,inventoried_only,Metadata only; no semantic-read claim.
local-evidence/restaurant-ai-automation,.planning/01-org/commercial/growth/teams/editorial-gate/editorial-gate-questions.md,.md,1885,9d060d3eb32e56ac1a8fd0d68b94786c965a3314792e873dd0d00d24288040a2,Editorial Gate — Questions & Findings,2026-08-24,inventoried_only,Metadata only; no semantic-read claim.
local-evidence/restaurant-ai-automation,.planning/01-org/commercial/growth/teams/editorial-gate/editorial-gate-schedule.md,.md,5354,dcf43076278a400d46a4e769c7f38c84baeb0480b541a377f06f85d8860a702c,Editorial Gate — Schedule & Skills,2026-08-24,inventoried_only,Metadata only; no semantic-read claim.
local-evidence/restaurant-ai-automation,.planning/01-org/commercial/growth/teams/search-demand-research/search-demand-research-agenda-board.md,.md,2548,72147c3b96f02f39a439fdd2364060c35ccc19f337c55f8fa720e3a5869433a4,Search Demand Research — Board,2026-08-24,inventoried_only,Metadata only; no semantic-read claim.
local-evidence/restaurant-ai-automation,.planning/01-org/commercial/growth/teams/search-demand-research/search-demand-research-agenda-full.md,.md,5512,90b85b2e5df21861246c776202fb4bcab615f125f79dc468148b5e5acea45a1c,Search Demand Research — Full Agenda,2026-08-24,inventoried_only,Metadata only; no semantic-read claim.
local-evidence/restaurant-ai-automation,.planning/01-org/commercial/growth/teams/search-demand-research/search-demand-research-agent-stack.md,.md,8315,e3a14f5b23261e5f7354b9082d22c5cb49703e42b8069df566188280c0c87d31,Search Demand Research — Agent Stack,2026-08-27,inventoried_only,Metadata only; no semantic-read claim.
local-evidence/restaurant-ai-automation,.planning/01-org/commercial/growth/teams/search-demand-research/search-demand-research-charter.md,.md,7040,d50da745a75f027785760c551db1593894a29a0eab3a1f070e65031f2ea10972,Search Demand Research — Charter,2026-08-24,inventoried_only,Metadata only; no semantic-read claim.
local-evidence/restaurant-ai-automation,.planning/01-org/commercial/growth/teams/search-demand-research/search-demand-research-directive.md,.md,5090,f2161e5e44e79fe1503cf30344be3de3c39e3d10aa316305e5b82227506bab41,Search Demand Research — Directive,2026-08-24,inventoried_only,Metadata only; no semantic-read claim.
local-evidence/restaurant-ai-automation,.planning/01-org/commercial/growth/teams/search-demand-research/search-demand-research-loops.md,.md,5249,3be491b755777656fd4c5c24a0119331cb4e869643e777301ce1b2947a4d4868,Search Demand Research — Loops,2026-08-24,inventoried_only,Metadata only; no semantic-read claim.
local-evidence/restaurant-ai-automation,.planning/01-org/commercial/growth/teams/search-demand-research/search-demand-research-premortem.md,.md,6896,c00050e5b8d215b573af9ce47fc707dae2f5db3bddaf12c9ec0ada6d83c5de25,Search Demand Research — Premortem,2026-08-24,inventoried_only,Metadata only; no semantic-read claim.
local-evidence/restaurant-ai-automation,.planning/01-org/commercial/growth/teams/search-demand-research/search-demand-research-questions.md,.md,1917,95c868d142eeae9ffcdfa837163660151c289b4337af475d042ff99a55ffa039,Search Demand Research — Questions & Findings,2026-08-24,inventoried_only,Metadata only; no semantic-read claim.
local-evidence/restaurant-ai-automation,.planning/01-org/commercial/growth/teams/search-demand-research/search-demand-research-schedule.md,.md,4292,707d253e1d2864f49bd658f0a9b418ae462ff42b78810d3ac0564243736cf44c,Search Demand Research — Schedule & Skills,2026-08-24,inventoried_only,Metadata only; no semantic-read claim.
local-evidence/restaurant-ai-automation,.planning/01-org/commercial/growth/teams/technical-seo-ai-answer-surface/technical-seo-ai-answer-surface-agenda-board.md,.md,4599,07538a22a7b8c84d6bbf4eeb0feb0e4f487fcf8a1488c4a208b08d466ce5bb92,Technical SEO & AI Answer Surface — Board,2026-08-24,inventoried_only,Metadata only; no semantic-read claim.
local-evidence/restaurant-ai-automation,.planning/01-org/commercial/growth/teams/technical-seo-ai-answer-surface/technical-seo-ai-answer-surface-agenda-full.md,.md,7070,f2917c42025dc2ee9991becc318f757c07d14290d4b18674a1f00b37d839bd55,Technical SEO & AI Answer Surface — Full Agenda,2026-08-24,inventoried_only,Metadata only; no semantic-read claim.
local-evidence/restaurant-ai-automation,.planning/01-org/commercial/growth/teams/technical-seo-ai-answer-surface/technical-seo-ai-answer-surface-agent-stack.md,.md,10093,2b435f17f13ffaf0308e82488b46225bd02572f5ac1fce11d659e1e6295601c7,Technical SEO & AI Answer Surface — Agent Stack,2026-08-27,inventoried_only,Metadata only; no semantic-read claim.
local-evidence/restaurant-ai-automation,.planning/01-org/commercial/growth/teams/technical-seo-ai-answer-surface/technical-seo-ai-answer-surface-charter.md,.md,10066,9dac59f75981be0a36aa5c4bd20fa2b0c53ff3baad9ce4e8828d7c02631a7f77,Technical SEO & AI Answer Surface — Charter,2026-08-24,inventoried_only,Metadata only; no semantic-read claim.
local-evidence/restaurant-ai-automation,.planning/01-org/commercial/growth/teams/technical-seo-ai-answer-surface/technical-seo-ai-answer-surface-directive.md,.md,6485,ecfc637a8ad82d1029105a4083c15ea1214ad966f38891e93f406449e9b6d34f,Technical SEO & AI Answer Surface — Directive,2026-08-24,inventoried_only,Metadata only; no semantic-read claim.
local-evidence/restaurant-ai-automation,.planning/01-org/commercial/growth/teams/technical-seo-ai-answer-surface/technical-seo-ai-answer-surface-loops.md,.md,6990,9e5a703360eddd1b0cfb11c74293a32d8c9c84f0361bb9545bfb4b12984845d6,Technical SEO & AI Answer Surface — Loops,2026-08-24,inventoried_only,Metadata only; no semantic-read claim.
local-evidence/restaurant-ai-automation,.planning/01-org/commercial/growth/teams/technical-seo-ai-answer-surface/technical-seo-ai-answer-surface-premortem.md,.md,9418,1d25ec7a4a766561b7c1a780fe2083a7cb444b8f4849190ebb74c934a6080a81,Technical SEO & AI Answer Surface — Premortem,2026-08-24,inventoried_only,Metadata only; no semantic-read claim.
local-evidence/restaurant-ai-automation,.planning/01-org/commercial/growth/teams/technical-seo-ai-answer-surface/technical-seo-ai-answer-surface-questions.md,.md,2503,70c6c7717f7e56fae4d8494f7217f3d908524bb2385d1e0d96b9f9622a2e0a23,Technical SEO & AI Answer Surface — Questions & Findings,2026-08-24,inventoried_only,Metadata only; no semantic-read claim.
local-evidence/restaurant-ai-automation,.planning/01-org/commercial/growth/teams/technical-seo-ai-answer-surface/technical-seo-ai-answer-surface-schedule.md,.md,5170,41c65d1dea8ba464d8cd9f04b26cf735105e506bb1254b4d9a86c592c350653b,Technical SEO & AI Answer Surface — Schedule & Skills,2026-08-24,inventoried_only,Metadata only; no semantic-read claim.
local-evidence/restaurant-ai-automation,.planning/01-org/commercial/media-brand/media-brand-agenda-board.md,.md,6250,d292cc9230fcda8a5802fc25224b195b2a63883e142874d8e34a3adfeeb5e39e,Media & Brand — Board,2026-08-28,inventoried_only,Metadata only; no semantic-read claim.
local-evidence/restaurant-ai-automation,.planning/01-org/commercial/media-brand/media-brand-agenda-full.md,.md,33833,5770f4bc4ad2df4039328364ff73212a5debd2ead0b17976fa0e037e3cdb8998,Media & Brand — First Agenda,2026-08-28,inventoried_only,Metadata only; no semantic-read claim.
local-evidence/restaurant-ai-automation,.planning/01-org/commercial/media-brand/media-brand-agent-stack.md,.md,8851,fa9ad13d457e493041fbbb81f52d3849e56ed9b0f667ce70f28a4e523961cf95,Media & Brand — Agent Stack,2026-08-27,inventoried_only,Metadata only; no semantic-read claim.
local-evidence/restaurant-ai-automation,.planning/01-org/commercial/media-brand/media-brand-charter.md,.md,9493,a7f3c11850e60ae7f81d666d5a27c1ac1dd69b4714f460a543ca39112aa261d9,Media & Brand — Charter,2026-08-24,inventoried_only,Metadata only; no semantic-read claim.
local-evidence/restaurant-ai-automation,.planning/01-org/commercial/media-brand/media-brand-directive.md,.md,4107,1e17d5c220451f9d194849c2dd0a0a49315ba299993a09e382037cca3a05be7f,Media & Brand — Directive,2026-08-24,inventoried_only,Metadata only; no semantic-read claim.
local-evidence/restaurant-ai-automation,.planning/01-org/commercial/media-brand/media-brand-loops.md,.md,5224,07d1d90f952dd3988c2b1a7b5a6bbe9ccec6ce11174e00eb9d721218ff4dce10,Media & Brand — Loops,2026-08-24,inventoried_only,Metadata only; no semantic-read claim.
local-evidence/restaurant-ai-automation,.planning/01-org/commercial/media-brand/media-brand-premortem.md,.md,6674,575d235d2a6cb012aac27e68761ebc71dad83ce223a7ae1dcf48bf649bd7e329,Media & Brand — Premortem,2026-08-24,inventoried_only,Metadata only; no semantic-read claim.
local-evidence/restaurant-ai-automation,.planning/01-org/commercial/media-brand/media-brand-questions.md,.md,1862,4064a2a323c2a05ac93b7eb7d4400fa2d79f4c2f496d47b43b94aa4174abfca1,Media & Brand — Questions & Findings,2026-08-24,inventoried_only,Metadata only; no semantic-read claim.
local-evidence/restaurant-ai-automation,.planning/01-org/commercial/media-brand/media-brand-schedule.md,.md,6822,22e26bf0e86bdda5998a9b367f77b68f31a26cf5ffa63a540b7151a1d96140a3,Media & Brand — Schedule & Skills,2026-08-24,inventoried_only,Metadata only; no semantic-read claim.
local-evidence/restaurant-ai-automation,.planning/01-org/commercial/media-brand/teams/brand-identity/brand-identity-agenda-board.md,.md,3276,1451e286fa614cf4150f15a65f9e8a046434f2d89b1e768e409ce52cb70cf785,Brand Identity (M1) — Board,2026-08-24,inventoried_only,Metadata only; no semantic-read claim.
local-evidence/restaurant-ai-automation,.planning/01-org/commercial/media-brand/teams/brand-identity/brand-identity-agenda-full.md,.md,5891,fd690e27dca11c5d8b2910df85a47f2119b3b7e92b6c70a4e5f65a1ecb7a32de,Brand Identity (M1) — Full Agenda,2026-08-24,inventoried_only,Metadata only; no semantic-read claim.
local-evidence/restaurant-ai-automation,.planning/01-org/commercial/media-brand/teams/brand-identity/brand-identity-agent-stack.md,.md,9774,3af495b80365a8a183af329e2e26e470e939861b27a616e2fe55ebf06df56164,Brand Identity (M1) — Agent Stack,2026-08-27,inventoried_only,Metadata only; no semantic-read claim.
local-evidence/restaurant-ai-automation,.planning/01-org/commercial/media-brand/teams/brand-identity/brand-identity-charter.md,.md,10855,2a3787d9172187b004d8520b1b048f38fff488572e8095d73380c99993ec691a,Brand Identity (M1) — Charter,2026-08-24,inventoried_only,Metadata only; no semantic-read claim.
local-evidence/restaurant-ai-automation,.planning/01-org/commercial/media-brand/teams/brand-identity/brand-identity-directive.md,.md,4265,4d2e82f9b0d64330dd8117a36dbaf60577eaa6ed7ab3d4cc7d2e9a6ef943c870,Brand Identity (M1) — Directive,2026-08-24,inventoried_only,Metadata only; no semantic-read claim.
local-evidence/restaurant-ai-automation,.planning/01-org/commercial/media-brand/teams/brand-identity/brand-identity-loops.md,.md,5155,896d00200011913664349583af2a8e5b3befa5dc8857792204fb60a70e1f54c1,Brand Identity (M1) — Loops,2026-08-24,inventoried_only,Metadata only; no semantic-read claim.
local-evidence/restaurant-ai-automation,.planning/01-org/commercial/media-brand/teams/brand-identity/brand-identity-premortem.md,.md,6734,c8c5e7842b57d7793bbf7781458f9fb88f682165dbf9f599e08beed02a515b5a,Brand Identity (M1) — Premortem,2026-08-24,inventoried_only,Metadata only; no semantic-read claim.
local-evidence/restaurant-ai-automation,.planning/01-org/commercial/media-brand/teams/brand-identity/brand-identity-questions.md,.md,2727,cd16ae6c8fc189d909253e5333b78828c7aef4c0ec820181d5160c212dc80235,Brand Identity — Questions & Findings,2026-08-24,inventoried_only,Metadata only; no semantic-read claim.
local-evidence/restaurant-ai-automation,.planning/01-org/commercial/media-brand/teams/brand-identity/brand-identity-schedule.md,.md,5271,6bb854e0833cfe20412ccb2e94d64c8c8db3737ea09a90a019b8eb6a96033de0,Brand Identity (M1) — Schedule & Skills,2026-08-24,inventoried_only,Metadata only; no semantic-read claim.
local-evidence/restaurant-ai-automation,.planning/01-org/commercial/media-brand/teams/customer-relationship-research/customer-relationship-research-agenda-board.md,.md,2846,2e820bb6c03aefc78b27774a02a971867d352ca3b94ce7ecb99eadda50d9bca2,Customer Relationship Research (M4) — Board,2026-08-24,inventoried_only,Metadata only; no semantic-read claim.
local-evidence/restaurant-ai-automation,.planning/01-org/commercial/media-brand/teams/customer-relationship-research/customer-relationship-research-agenda-full.md,.md,5548,d13afd20c645a1c8c3bcc45e3813bc3022e0bde40f90c09ec6395f4c43b0d663,Customer Relationship Research (M4) — Full Agenda,2026-08-24,inventoried_only,Metadata only; no semantic-read claim.
local-evidence/restaurant-ai-automation,.planning/01-org/commercial/media-brand/teams/customer-relationship-research/customer-relationship-research-agent-stack.md,.md,10096,4e0e04cc4cd170870adcec438e49988efd016918b478235f4caa01ab2feee0f8,Customer Relationship Research (M4) — Agent Stack,2026-08-27,inventoried_only,Metadata only; no semantic-read claim.
local-evidence/restaurant-ai-automation,.planning/01-org/commercial/media-brand/teams/customer-relationship-research/customer-relationship-research-charter.md,.md,7203,58a79b50917b3bfc1aba008d07be0fe963f433662a9d7fc3ee696051ae82ed93,Customer Relationship Research (M4) — Charter,2026-08-24,inventoried_only,Metadata only; no semantic-read claim.
local-evidence/restaurant-ai-automation,.planning/01-org/commercial/media-brand/teams/customer-relationship-research/customer-relationship-research-directive.md,.md,4621,88ac81227a89ccbf81bf52f19db31fb6988cf1ed6b65d1d471e23aaed3984fa4,Customer Relationship Research (M4) — Directive,2026-08-24,inventoried_only,Metadata only; no semantic-read claim.
local-evidence/restaurant-ai-automation,.planning/01-org/commercial/media-brand/teams/customer-relationship-research/customer-relationship-research-loops.md,.md,5337,a6d65d114a6d5a395d319b3e6ccdd51df300080fdcb82004481750170e9c79d3,Customer Relationship Research (M4) — Loops,2026-08-24,inventoried_only,Metadata only; no semantic-read claim.
local-evidence/restaurant-ai-automation,.planning/01-org/commercial/media-brand/teams/customer-relationship-research/customer-relationship-research-premortem.md,.md,6008,d99d049ebd6df3c7d1d3a575f813ce2c3f02d44524a2c60b21855dc23d817479,Customer Relationship Research (M4) — Premortem,2026-08-24,inventoried_only,Metadata only; no semantic-read claim.
local-evidence/restaurant-ai-automation,.planning/01-org/commercial/media-brand/teams/customer-relationship-research/customer-relationship-research-questions.md,.md,1954,34721b96ecb418b6961d178b89774e8e5b2c4064aabef8aa0a33e382f16f3a20,Customer Relationship Research — Questions & Findings,2026-08-24,inventoried_only,Metadata only; no semantic-read claim.
local-evidence/restaurant-ai-automation,.planning/01-org/commercial/media-brand/teams/customer-relationship-research/customer-relationship-research-schedule.md,.md,4554,b91f15427f0b53898f2adb1ad8cf0f05f323cd5f5f11ecd627b6d8ecca7323d4,Customer Relationship Research (M4) — Schedule & Skills,2026-08-24,inventoried_only,Metadata only; no semantic-read claim.
local-evidence/restaurant-ai-automation,.planning/01-org/commercial/media-brand/teams/narrative-collateral/narrative-collateral-agenda-board.md,.md,2187,b7d7b0517383dfd31ffe5e911de630ad797af9368f0c87ada68f9100979ca7c4,Narrative & Collateral (M2) — Board,2026-08-24,inventoried_only,Metadata only; no semantic-read claim.
local-evidence/restaurant-ai-automation,.planning/01-org/commercial/media-brand/teams/narrative-collateral/narrative-collateral-agenda-full.md,.md,5437,98f0ef62800918a8fc5b8877ab2ed46e473a6f413e79613f71f39fadeb89c1eb,Narrative & Collateral (M2) — Full Agenda,2026-08-24,inventoried_only,Metadata only; no semantic-read claim.
local-evidence/restaurant-ai-automation,.planning/01-org/commercial/media-brand/teams/narrative-collateral/narrative-collateral-agent-stack.md,.md,9634,37310fa1dabbdffb44652f003f10fafec77b24661a81c1a3f7b7cbba9fdd2e9d,Narrative & Collateral (M2) — Agent Stack,2026-08-27,inventoried_only,Metadata only; no semantic-read claim.
local-evidence/restaurant-ai-automation,.planning/01-org/commercial/media-brand/teams/narrative-collateral/narrative-collateral-charter.md,.md,6054,1ca0aee43372297c80e69f9ce1cfca4195d1bc52610aaade02521bdf9849d6bc,Narrative & Collateral (M2) — Charter,2026-08-24,inventoried_only,Metadata only; no semantic-read claim.
local-evidence/restaurant-ai-automation,.planning/01-org/commercial/media-brand/teams/narrative-collateral/narrative-collateral-directive.md,.md,3523,979ae664faa7c3e5ac106164c4b0a8d29073c086bfff924176966d7022be3994,Narrative & Collateral (M2) — Directive,2026-08-24,inventoried_only,Metadata only; no semantic-read claim.
local-evidence/restaurant-ai-automation,.planning/01-org/commercial/media-brand/teams/narrative-collateral/narrative-collateral-loops.md,.md,4205,703df0164b97027249bf8b796befaa8bd13cf51f7a6de94285bf17fa25d65bd7,Narrative & Collateral (M2) — Loops,2026-08-24,inventoried_only,Metadata only; no semantic-read claim.
local-evidence/restaurant-ai-automation,.planning/01-org/commercial/media-brand/teams/narrative-collateral/narrative-collateral-premortem.md,.md,5705,56092db5826ab3831a7b097fe2cc5131475c743918e0494cf912f1c936a6864e,Narrative & Collateral (M2) — Premortem,2026-08-24,inventoried_only,Metadata only; no semantic-read claim.
local-evidence/restaurant-ai-automation,.planning/01-org/commercial/media-brand/teams/narrative-collateral/narrative-collateral-questions.md,.md,1916,2a6cc4de2c979875bab54ac60434a2f5bbdeeb17e32f6e409fac36f2a3470ca4,Narrative & Collateral — Questions & Findings,2026-08-24,inventoried_only,Metadata only; no semantic-read claim.
local-evidence/restaurant-ai-automation,.planning/01-org/commercial/media-brand/teams/narrative-collateral/narrative-collateral-schedule.md,.md,4171,a462ffc7ed8073d81613d182e582aeb2f27b20fb066ea71a1d953f4b1f75bcc5,Narrative & Collateral (M2) — Schedule & Skills,2026-08-24,inventoried_only,Metadata only; no semantic-read claim.
local-evidence/restaurant-ai-automation,.planning/01-org/commercial/media-brand/teams/social-community/social-community-agenda-board.md,.md,2052,c69e155423e063eb06bd7177f694e67c5d8b36a4911f6206a2a19cb119f465b3,Social & Community (M3) — Board,2026-08-24,inventoried_only,Metadata only; no semantic-read claim.
local-evidence/restaurant-ai-automation,.planning/01-org/commercial/media-brand/teams/social-community/social-community-agenda-full.md,.md,4645,5300f933e0c68a7a797ebf0661b4b88cf5aa46504bcd90d646479fb1b642072f,Social & Community (M3) — Full Agenda,2026-08-24,inventoried_only,Metadata only; no semantic-read claim.
local-evidence/restaurant-ai-automation,.planning/01-org/commercial/media-brand/teams/social-community/social-community-agent-stack.md,.md,9256,38308766d77407e3eb22c3d13429ffc0f748a2186d33e5829baa1fc2daee25c7,Social & Community (M3) — Agent Stack,2026-08-27,inventoried_only,Metadata only; no semantic-read claim.
local-evidence/restaurant-ai-automation,.planning/01-org/commercial/media-brand/teams/social-community/social-community-charter.md,.md,4803,15a27cca99f9249d7b35e86cd92507532fa17d7abca607f973e6c5e3962c5514,Social & Community (M3) — Charter,2026-08-24,inventoried_only,Metadata only; no semantic-read claim.
local-evidence/restaurant-ai-automation,.planning/01-org/commercial/media-brand/teams/social-community/social-community-directive.md,.md,3626,a8a4ab9f885a66f595963dc17ade5202bbbab28ca6dd5e88b74d22eb123e1027,Social & Community (M3) — Directive,2026-08-24,inventoried_only,Metadata only; no semantic-read claim.
local-evidence/restaurant-ai-automation,.planning/01-org/commercial/media-brand/teams/social-community/social-community-loops.md,.md,4590,03dacf047b88613a639ca53091a9edbf8ea9e5812f4754ef3c2ea296e3b77516,Social & Community (M3) — Loops,2026-08-24,inventoried_only,Metadata only; no semantic-read claim.
local-evidence/restaurant-ai-automation,.planning/01-org/commercial/media-brand/teams/social-community/social-community-premortem.md,.md,4459,4c65180ace16f0578bf4168651920447f24f006b4d9aa0d728d2f0f20b68bb04,Social & Community (M3) — Premortem,2026-08-24,inventoried_only,Metadata only; no semantic-read claim.
local-evidence/restaurant-ai-automation,.planning/01-org/commercial/media-brand/teams/social-community/social-community-questions.md,.md,1900,af80da47b354b9659fe663c2c6802d020a6d2393022f0d9794ea6c4db454cff5,Social & Community — Questions & Findings,2026-08-24,inventoried_only,Metadata only; no semantic-read claim.
local-evidence/restaurant-ai-automation,.planning/01-org/commercial/media-brand/teams/social-community/social-community-schedule.md,.md,3447,0a53fb43385cc4829dabfc8b0674e18b7d11222d17f55f6c8d24b56adaaa40d8,Social & Community (M3) — Schedule & Skills,2026-08-24,inventoried_only,Metadata only; no semantic-read claim.
local-evidence/restaurant-ai-automation,.planning/01-org/commercial/sales/sales-agenda-board.md,.md,5387,a9506fb83ca0b7f273276da973dd17c50a1f2b8ad8c273a756fc8fc00c01604e,Sales — Board,2026-08-28,inventoried_only,Metadata only; no semantic-read claim.
local-evidence/restaurant-ai-automation,.planning/01-org/commercial/sales/sales-agenda-full.md,.md,30758,bcf5ecba4af884b6f7dca9a85081477c4b5474bf0e879b76e49e56f7c8ffc669,Sales — Full Agenda,2026-08-28,inventoried_only,Metadata only; no semantic-read claim.
local-evidence/restaurant-ai-automation,.planning/01-org/commercial/sales/sales-agent-stack.md,.md,9271,bd0cccb0f84579b4bf456f7ffd92563635d2b76f997523cca5af1a35ac52deb7,Sales — Agent Stack,2026-08-27,inventoried_only,Metadata only; no semantic-read claim.
local-evidence/restaurant-ai-automation,.planning/01-org/commercial/sales/sales-charter.md,.md,15883,cf45a8263d322b2e1fe3e36612ecea71f87290ea0af2febb77a9388e4d58c626,Sales — Charter,2026-08-24,inventoried_only,Metadata only; no semantic-read claim.
local-evidence/restaurant-ai-automation,.planning/01-org/commercial/sales/sales-directive.md,.md,6783,4ba89af1e292d6bcf1167cf22ddc0f5448f237da45f5f82b7cf04fa296c2ae80,Sales — Directive,2026-08-24,inventoried_only,Metadata only; no semantic-read claim.
local-evidence/restaurant-ai-automation,.planning/01-org/commercial/sales/sales-loops.md,.md,8856,d14fc14ad501636835b420ac2a5aee6237f8e7ed76fbe414dab038a9d8ec5919,Sales — Loops,2026-08-24,inventoried_only,Metadata only; no semantic-read claim.
local-evidence/restaurant-ai-automation,.planning/01-org/commercial/sales/sales-premortem.md,.md,12252,2c5178accf1a75903691aaa23a3c7f73929ba841c6df66b0bef885fcbf9d5f21,Sales — Premortem,2026-08-24,inventoried_only,Metadata only; no semantic-read claim.
local-evidence/restaurant-ai-automation,.planning/01-org/commercial/sales/sales-questions.md,.md,1836,0243e0fd0421cdb321073da705f704a5ee7e6c4f0b609cb64c0e64511d5ae21d,Sales — Questions & Findings,2026-08-24,inventoried_only,Metadata only; no semantic-read claim.
local-evidence/restaurant-ai-automation,.planning/01-org/commercial/sales/sales-schedule.md,.md,5328,9efa9243c0ea3f214ee63e3a42210ff41dd4a26d04074057009b068a5f0c4f91,Sales — Schedule & Skills,2026-08-24,inventoried_only,Metadata only; no semantic-read claim.
local-evidence/restaurant-ai-automation,.planning/01-org/commercial/sales/teams/design-partner-operations/design-partner-operations-agenda-board.md,.md,3350,88f98b4426bc3fe45d0c3858c2a3993fd7f39405a8005c2211ee6082db5487e8,Design Partner Operations — Board,2026-08-24,inventoried_only,Metadata only; no semantic-read claim.
local-evidence/restaurant-ai-automation,.planning/01-org/commercial/sales/teams/design-partner-operations/design-partner-operations-agenda-full.md,.md,7133,60145b44ac4d439e9917bf373e75fea4f7dea29c648697209d7cb4e4f56fab48,Design Partner Operations — Full Agenda,2026-08-24,inventoried_only,Metadata only; no semantic-read claim.
local-evidence/restaurant-ai-automation,.planning/01-org/commercial/sales/teams/design-partner-operations/design-partner-operations-agent-stack.md,.md,10111,e0896bca9e62b7cd82af633185c65b036cd055d54d039bbbe3a47a1ac4731901,Design Partner Operations — Agent Stack,2026-08-27,inventoried_only,Metadata only; no semantic-read claim.
local-evidence/restaurant-ai-automation,.planning/01-org/commercial/sales/teams/design-partner-operations/design-partner-operations-charter.md,.md,8812,077266e3e70a40bc03bab7eef74a193c4400ebdb1796d45fc018a66fcfcb9c77,Design Partner Operations — Charter,2026-08-24,inventoried_only,Metadata only; no semantic-read claim.
local-evidence/restaurant-ai-automation,.planning/01-org/commercial/sales/teams/design-partner-operations/design-partner-operations-directive.md,.md,6281,bb0828521dd45e625282fd6f95093d0db5c6038f37620aa35c61c482fb946511,Design Partner Operations — Directive,2026-08-24,inventoried_only,Metadata only; no semantic-read claim.
local-evidence/restaurant-ai-automation,.planning/01-org/commercial/sales/teams/design-partner-operations/design-partner-operations-loops.md,.md,9364,667d9e09acafdad35b8366e5ca782f1f9e61b0b29a6a73b645496abccda57180,Design Partner Operations — Loops,2026-08-24,inventoried_only,Metadata only; no semantic-read claim.
local-evidence/restaurant-ai-automation,.planning/01-org/commercial/sales/teams/design-partner-operations/design-partner-operations-premortem.md,.md,10782,34d928205aa4cb35ff7e761f3e07a77649f58ba6946159e84cb7c7dee94dfce2,Design Partner Operations — Premortem,2026-08-24,inventoried_only,Metadata only; no semantic-read claim.
local-evidence/restaurant-ai-automation,.planning/01-org/commercial/sales/teams/design-partner-operations/design-partner-operations-questions.md,.md,1928,9bb08dd8760453e6bbc8bf457efb17445bfb1bca305156dcd131293888a15535,Design Partner Operations — Questions & Findings,2026-08-24,inventoried_only,Metadata only; no semantic-read claim.
local-evidence/restaurant-ai-automation,.planning/01-org/commercial/sales/teams/design-partner-operations/design-partner-operations-schedule.md,.md,5404,10ebf1e701ce1e83f232bc901a2114292f98d751da650e4f819dfceef443ad37,Design Partner Operations — Schedule & Skills,2026-08-24,inventoried_only,Metadata only; no semantic-read claim.
local-evidence/restaurant-ai-automation,.planning/01-org/commercial/sales/teams/outbound-engine/outbound-engine-agenda-board.md,.md,3741,b4904b931ddd9328d7c9692c2511d25159881559fbd912d2b4709ab0d765bb18,Outbound Engine — Board,2026-08-24,inventoried_only,Metadata only; no semantic-read claim.
local-evidence/restaurant-ai-automation,.planning/01-org/commercial/sales/teams/outbound-engine/outbound-engine-agenda-full.md,.md,8187,394bbdb4632f7803db4d7377cd220434cd72d2a13e639baa3ac93ed8ddaadd4a,Outbound Engine — Full Agenda,2026-08-24,inventoried_only,Metadata only; no semantic-read claim.
local-evidence/restaurant-ai-automation,.planning/01-org/commercial/sales/teams/outbound-engine/outbound-engine-agent-stack.md,.md,11650,1df0687a2e7cce66d3e4b55ca732f878020361a691ef8d67b5e035c41d49d7ee,Outbound Engine — Agent Stack,2026-08-27,inventoried_only,Metadata only; no semantic-read claim.
local-evidence/restaurant-ai-automation,.planning/01-org/commercial/sales/teams/outbound-engine/outbound-engine-charter.md,.md,10387,9ef71cd2f3926d37243a261d1a5a1a7ca078dee75d04c059c578ca2273a0b5bf,Outbound Engine — Charter,2026-08-24,inventoried_only,Metadata only; no semantic-read claim.
local-evidence/restaurant-ai-automation,.planning/01-org/commercial/sales/teams/outbound-engine/outbound-engine-directive.md,.md,6364,47bc0f8d1d4a06820911b85a7b5056751104266e5afa1de8b7c95495cfa08db8,Outbound Engine — Directive,2026-08-24,inventoried_only,Metadata only; no semantic-read claim.
local-evidence/restaurant-ai-automation,.planning/01-org/commercial/sales/teams/outbound-engine/outbound-engine-loops.md,.md,8968,e80e6e3472df85919dc70ed6d4ab97ef950ba61840f26c92b97995dfff79f697,Outbound Engine — Loops,2026-08-24,inventoried_only,Metadata only; no semantic-read claim.
local-evidence/restaurant-ai-automation,.planning/01-org/commercial/sales/teams/outbound-engine/outbound-engine-premortem.md,.md,10482,c2d3023403f4b08b19bebc42f54c7d26d78e3eb5ac273b0c53e8bdd397f8e8cb,Outbound Engine — Premortem,2026-08-24,inventoried_only,Metadata only; no semantic-read claim.
local-evidence/restaurant-ai-automation,.planning/01-org/commercial/sales/teams/outbound-engine/outbound-engine-questions.md,.md,1888,0aac36de00ba6fe9ccc4f12aee616c833560888c456d3114f2c8d7d8aa34e8f8,Outbound Engine — Questions & Findings,2026-08-24,inventoried_only,Metadata only; no semantic-read claim.
local-evidence/restaurant-ai-automation,.planning/01-org/commercial/sales/teams/outbound-engine/outbound-engine-schedule.md,.md,5668,ebd5b9f8cd738ef53cc075743d62a414caac199954f972fced16311ef2dcdf13,Outbound Engine — Schedule & Skills,2026-08-24,inventoried_only,Metadata only; no semantic-read claim.
local-evidence/restaurant-ai-automation,.planning/01-org/corporate/compliance-privacy/compliance-privacy-agenda-board.md,.md,7887,ed282183ba11bd6af3839135d0ea689e8acbf6b74bf0800cd32b8c833b691cbf,Compliance & Privacy — Board,2026-08-28,inventoried_only,Metadata only; no semantic-read claim.
local-evidence/restaurant-ai-automation,.planning/01-org/corporate/compliance-privacy/compliance-privacy-agenda-full.md,.md,38521,5311b4aa8032368c20f59cb85397c94fa953176cc351ab6c103f36b8405dd295,Compliance & Privacy — Full Agenda,2026-08-28,inventoried_only,Metadata only; no semantic-read claim.
local-evidence/restaurant-ai-automation,.planning/01-org/corporate/compliance-privacy/compliance-privacy-agent-stack.md,.md,9417,61fa1c6bd7bd4f4c6f67eb975fd6f86e1da438f5d7b96d22b8a3ce041880799f,Compliance & Privacy — Agent Stack,2026-08-27,inventoried_only,Metadata only; no semantic-read claim.
local-evidence/restaurant-ai-automation,.planning/01-org/corporate/compliance-privacy/compliance-privacy-charter.md,.md,17991,6d9fcd08d0af768d91d60373f1670b8e8676e50250012deb3eda135ce3bec27e,Compliance & Privacy — Charter,2026-08-24,inventoried_only,Metadata only; no semantic-read claim.
local-evidence/restaurant-ai-automation,.planning/01-org/corporate/compliance-privacy/compliance-privacy-directive.md,.md,8771,f83a6b33133064d314cc347c4633bde0e98d827b8ae5697ea2a010a7f9b0ec78,Compliance & Privacy — Directive,2026-08-24,inventoried_only,Metadata only; no semantic-read claim.
local-evidence/restaurant-ai-automation,.planning/01-org/corporate/compliance-privacy/compliance-privacy-loops.md,.md,10811,b4fc62eb5f9177fb024095f0262774e1e9f08b7f51eaa77b0c9d999d77ecbb1f,Compliance & Privacy — Loops,2026-08-24,inventoried_only,Metadata only; no semantic-read claim.
local-evidence/restaurant-ai-automation,.planning/01-org/corporate/compliance-privacy/compliance-privacy-premortem.md,.md,12824,1a057cdacf26c40ad8105f44090f57960f25b5434236a53f8568462c7754e1cc,Compliance & Privacy — Premortem,2026-08-24,inventoried_only,Metadata only; no semantic-read claim.
local-evidence/restaurant-ai-automation,.planning/01-org/corporate/compliance-privacy/compliance-privacy-questions.md,.md,3107,133a6e86f5a3cc650f97e7e29d0a8035f56504087b8b2cc72ba9942701dd9495,Compliance & Privacy — Questions & Findings,2026-08-24,inventoried_only,Metadata only; no semantic-read claim.
local-evidence/restaurant-ai-automation,.planning/01-org/corporate/compliance-privacy/compliance-privacy-schedule.md,.md,7650,57cac3f08f40936d3bb4d29cf002858dece239a4f35b206a939d0975a822bcf3,Compliance & Privacy — Schedule & Skills,2026-08-24,inventoried_only,Metadata only; no semantic-read claim.
local-evidence/restaurant-ai-automation,.planning/01-org/corporate/compliance-privacy/teams/privacy-engineering/privacy-engineering-agenda-board.md,.md,3992,8154eb3349b2f1e973f8955918fa3b533df1adeecac92fc0ed7b89d06ac8ba8f,Privacy Engineering — Board,2026-08-24,inventoried_only,Metadata only; no semantic-read claim.
local-evidence/restaurant-ai-automation,.planning/01-org/corporate/compliance-privacy/teams/privacy-engineering/privacy-engineering-agenda-full.md,.md,10978,d9f8224a0e7dea2121bdc048e6735bc3c6f5aba36d5c0bce1095fabf9b6ebd6a,Privacy Engineering — Full Agenda,2026-08-24,inventoried_only,Metadata only; no semantic-read claim.
local-evidence/restaurant-ai-automation,.planning/01-org/corporate/compliance-privacy/teams/privacy-engineering/privacy-engineering-agent-stack.md,.md,9440,6289ade82c86d7262af908bab3f5d103812f17f64a981e5fc59d85017e987859,Privacy Engineering — Agent Stack,2026-08-27,inventoried_only,Metadata only; no semantic-read claim.
local-evidence/restaurant-ai-automation,.planning/01-org/corporate/compliance-privacy/teams/privacy-engineering/privacy-engineering-charter.md,.md,12867,a3d6f3c007ba184237bb582e3060a8a177142252d151cc23abc90585a8da795b,Privacy Engineering — Charter,2026-08-24,inventoried_only,Metadata only; no semantic-read claim.
local-evidence/restaurant-ai-automation,.planning/01-org/corporate/compliance-privacy/teams/privacy-engineering/privacy-engineering-directive.md,.md,7941,f4f14a1e47be1e2a550238c41d6d7aed18be2317379dc5f8254b8ecc6497d22d,Privacy Engineering — Directive,2026-08-24,inventoried_only,Metadata only; no semantic-read claim.
local-evidence/restaurant-ai-automation,.planning/01-org/corporate/compliance-privacy/teams/privacy-engineering/privacy-engineering-loops.md,.md,11214,c15f8013668687c3a9d57ee7cfa6683f5ed09e221bc6d305fac7d2d849f708e1,Privacy Engineering — Loops,2026-08-24,inventoried_only,Metadata only; no semantic-read claim.
local-evidence/restaurant-ai-automation,.planning/01-org/corporate/compliance-privacy/teams/privacy-engineering/privacy-engineering-premortem.md,.md,12197,73bc9385b05707f55ee58a5af0112deab15171683893a310c3f88b9b92fcd3e2,Privacy Engineering — Premortem,2026-08-24,inventoried_only,Metadata only; no semantic-read claim.
local-evidence/restaurant-ai-automation,.planning/01-org/corporate/compliance-privacy/teams/privacy-engineering/privacy-engineering-questions.md,.md,1916,6be38b5e312a95e906fa4d49ecc408d44bc1b5b6f2e00a198ea4388905737a50,Privacy Engineering — Questions & Findings,2026-08-24,inventoried_only,Metadata only; no semantic-read claim.
local-evidence/restaurant-ai-automation,.planning/01-org/corporate/compliance-privacy/teams/privacy-engineering/privacy-engineering-schedule.md,.md,7168,7b21de30209bdad91ef09e73410fcc2acbb44f40dc14afa932216f2c89b53230,Privacy Engineering — Schedule & Skills,2026-08-24,inventoried_only,Metadata only; no semantic-read claim.
local-evidence/restaurant-ai-automation,.planning/01-org/corporate/compliance-privacy/teams/regulated-operations/regulated-operations-agenda-board.md,.md,4178,ef2299082c8c4e6c0262fa29d7afe8882284944b76d496a6a5f1e7aadfaf6024,Regulated Operations — Board,2026-08-24,inventoried_only,Metadata only; no semantic-read claim.
local-evidence/restaurant-ai-automation,.planning/01-org/corporate/compliance-privacy/teams/regulated-operations/regulated-operations-agenda-full.md,.md,9145,c7262f5150deeb94ed86aebcce58f98008a24bb265c236f3b30d855c5404c78c,Regulated Operations — Full Agenda,2026-08-24,inventoried_only,Metadata only; no semantic-read claim.
local-evidence/restaurant-ai-automation,.planning/01-org/corporate/compliance-privacy/teams/regulated-operations/regulated-operations-agent-stack.md,.md,9026,d35bdd161cba60a447e292735288ee5e025cd7d5679d3b65750034c4ef94adc4,Regulated Operations — Agent Stack,2026-08-27,inventoried_only,Metadata only; no semantic-read claim.
local-evidence/restaurant-ai-automation,.planning/01-org/corporate/compliance-privacy/teams/regulated-operations/regulated-operations-charter.md,.md,9662,7e0daa79ab89b2e31cbd65e755c74cea9c38ef79938bf8e8718abd1736fc8f81,Regulated Operations — Charter,2026-08-24,inventoried_only,Metadata only; no semantic-read claim.
local-evidence/restaurant-ai-automation,.planning/01-org/corporate/compliance-privacy/teams/regulated-operations/regulated-operations-directive.md,.md,8264,03b9c4b24104aed8e3f897739ea5aac82ae450459f7467c22610011cb943b1ad,Regulated Operations — Directive,2026-08-24,inventoried_only,Metadata only; no semantic-read claim.
local-evidence/restaurant-ai-automation,.planning/01-org/corporate/compliance-privacy/teams/regulated-operations/regulated-operations-loops.md,.md,8981,6fd41f3a44b620886a174fbebb9836b496cc6f4b60668dbe3471cbf1c12d0b13,Regulated Operations — Loops,2026-08-24,inventoried_only,Metadata only; no semantic-read claim.
local-evidence/restaurant-ai-automation,.planning/01-org/corporate/compliance-privacy/teams/regulated-operations/regulated-operations-premortem.md,.md,11695,828ed54d0bd5ebc4280a93dc29b72e488bcb232892cdd505b5cb4a2d4e615d11,Regulated Operations — Premortem,2026-08-24,inventoried_only,Metadata only; no semantic-read claim.
local-evidence/restaurant-ai-automation,.planning/01-org/corporate/compliance-privacy/teams/regulated-operations/regulated-operations-questions.md,.md,1920,3d90397091e8befb3210a4cf6e868bb929282950b86a0e38b84ec104f50b5c48,Regulated Operations — Questions & Findings,2026-08-24,inventoried_only,Metadata only; no semantic-read claim.
local-evidence/restaurant-ai-automation,.planning/01-org/corporate/compliance-privacy/teams/regulated-operations/regulated-operations-schedule.md,.md,6409,3d5699735d09c5caa2d21b0bb91d2870b8cebf4fbe2307909fbedbef3ec6ab53,Regulated Operations — Schedule & Skills,2026-08-24,inventoried_only,Metadata only; no semantic-read claim.
local-evidence/restaurant-ai-automation,.planning/01-org/corporate/compliance-privacy/teams/regulatory-posture/regulatory-posture-agenda-board.md,.md,4184,c1a124463a645bb6a651fd570631dc46f55a7cddfe9d084127166f71ddb9f764,Regulatory Posture — Board,2026-08-24,inventoried_only,Metadata only; no semantic-read claim.
local-evidence/restaurant-ai-automation,.planning/01-org/corporate/compliance-privacy/teams/regulatory-posture/regulatory-posture-agenda-full.md,.md,10579,308720d57e09a7d26c49c9b13c4611715a756b9e4fc4108b35e79b4c05c04712,Regulatory Posture — Full Agenda,2026-08-24,inventoried_only,Metadata only; no semantic-read claim.
local-evidence/restaurant-ai-automation,.planning/01-org/corporate/compliance-privacy/teams/regulatory-posture/regulatory-posture-agent-stack.md,.md,9712,718688222fcdf503eb106c61b1022f4e0db12809f10816e94fc648192ef655b9,Regulatory Posture — Agent Stack,2026-08-27,inventoried_only,Metadata only; no semantic-read claim.
local-evidence/restaurant-ai-automation,.planning/01-org/corporate/compliance-privacy/teams/regulatory-posture/regulatory-posture-charter.md,.md,11537,5eb0146f1df1ceca316c179de3bb525a74bfc333b3eb1275b473cde6cb484798,Regulatory Posture — Charter,2026-08-24,inventoried_only,Metadata only; no semantic-read claim.
local-evidence/restaurant-ai-automation,.planning/01-org/corporate/compliance-privacy/teams/regulatory-posture/regulatory-posture-directive.md,.md,8120,34a9b7d87e16d4b5c6807fb1760674dd238aefe440bfc4a73499dfef778a77bf,Regulatory Posture — Directive,2026-08-24,inventoried_only,Metadata only; no semantic-read claim.
local-evidence/restaurant-ai-automation,.planning/01-org/corporate/compliance-privacy/teams/regulatory-posture/regulatory-posture-loops.md,.md,9846,e3e62e6d416ca332d2b767ab1ed284c7c9337c62e7fc5210f29151393ac00d94,Regulatory Posture — Loops,2026-08-24,inventoried_only,Metadata only; no semantic-read claim.
local-evidence/restaurant-ai-automation,.planning/01-org/corporate/compliance-privacy/teams/regulatory-posture/regulatory-posture-premortem.md,.md,12771,fbede547f930170f90518949730edb6d2bafa40cca745391e9eb7dc682592d6c,Regulatory Posture — Premortem,2026-08-24,inventoried_only,Metadata only; no semantic-read claim.
local-evidence/restaurant-ai-automation,.planning/01-org/corporate/compliance-privacy/teams/regulatory-posture/regulatory-posture-questions.md,.md,2185,4d3c26d743d50e8cfc824f822433a9840fcf3e86a2126cbdbebd203462c5d4e8,Regulatory Posture — Questions & Findings,2026-08-24,inventoried_only,Metadata only; no semantic-read claim.
local-evidence/restaurant-ai-automation,.planning/01-org/corporate/compliance-privacy/teams/regulatory-posture/regulatory-posture-schedule.md,.md,7648,5ac97012b6240fd7de1812fe7ce7217105be5bbae4d9fa0215b87a9a681b6df2,Regulatory Posture — Schedule & Skills,2026-08-24,inventoried_only,Metadata only; no semantic-read claim.
local-evidence/restaurant-ai-automation,.planning/01-org/corporate/knowledge-documentation/knowledge-documentation-agenda-board.md,.md,7854,b61648d6ae7e7b46daa353273d055832ff2311528d1570e77393d6b486a44d85,Knowledge & Documentation — Board,2026-08-28,inventoried_only,Metadata only; no semantic-read claim.
local-evidence/restaurant-ai-automation,.planning/01-org/corporate/knowledge-documentation/knowledge-documentation-agenda-full.md,.md,21456,331661e34c6aa29c0ac9f0051648e30dd65db83753ddb4f44ccd704f24422c50,Knowledge & Documentation — Full Agenda,2026-08-28,inventoried_only,Metadata only; no semantic-read claim.
local-evidence/restaurant-ai-automation,.planning/01-org/corporate/knowledge-documentation/knowledge-documentation-agent-stack.md,.md,8714,b24c6f9255a5347f563d3a2599b0ea09d44e1772cfa2078883ad735d580e9c3d,Knowledge & Documentation — Agent Stack,2026-08-27,inventoried_only,Metadata only; no semantic-read claim.
local-evidence/restaurant-ai-automation,.planning/01-org/corporate/knowledge-documentation/knowledge-documentation-charter.md,.md,10585,687871534ec4bcda8f07a48449e1462810dd100efc382e775cd661a87ac1e551,Knowledge & Documentation — Charter,2026-08-24,inventoried_only,Metadata only; no semantic-read claim.
local-evidence/restaurant-ai-automation,.planning/01-org/corporate/knowledge-documentation/knowledge-documentation-directive.md,.md,5622,d88c1a850ccd0976b14d09d64ba43147274c90b64fbebf2f13fadfc5343043f4,Knowledge & Documentation — Directive,2026-08-24,inventoried_only,Metadata only; no semantic-read claim.
local-evidence/restaurant-ai-automation,.planning/01-org/corporate/knowledge-documentation/knowledge-documentation-loops.md,.md,6147,6249b0390697a4a94369c8e38add46c77e2e3137a1a3ea6aea1c3ac431bde5da,Knowledge & Documentation — Loops,2026-08-24,inventoried_only,Metadata only; no semantic-read claim.
local-evidence/restaurant-ai-automation,.planning/01-org/corporate/knowledge-documentation/knowledge-documentation-premortem.md,.md,8949,c999edf6c534493aa2ce624d84a165bf2b67bd6f442066a076153023941a660d,Knowledge & Documentation — Premortem,2026-08-24,inventoried_only,Metadata only; no semantic-read claim.
local-evidence/restaurant-ai-automation,.planning/01-org/corporate/knowledge-documentation/knowledge-documentation-questions.md,.md,1909,b47193c6696791b44942d51fcf5bbe1b687420a5ef8d114a3603ece88bc3f844,Knowledge & Documentation — Questions & Findings,2026-08-24,inventoried_only,Metadata only; no semantic-read claim.
local-evidence/restaurant-ai-automation,.planning/01-org/corporate/knowledge-documentation/knowledge-documentation-schedule.md,.md,6795,80affeeb31681b8933d70c93c3f60ebbd9f57e57c3a9faf8b335c4a15f203527,Knowledge & Documentation — Schedule & Skills,2026-08-24,inventoried_only,Metadata only; no semantic-read claim.
local-evidence/restaurant-ai-automation,.planning/01-org/corporate/knowledge-documentation/memory/2026-08-28-vault-census.md,.md,435,dc21370bdefd397e1118d4044ebde7e379d5b807f4d7410769427ec71b5d033e,"Vault census 2026-08-28: 1222 md files, 6 top-level",,inventoried_only,Metadata only; no semantic-read claim.
local-evidence/restaurant-ai-automation,.planning/01-org/corporate/knowledge-documentation/memory/knowledge-documentation-MEMORY.md,.md,473,84a7c985eb5b91ca80a8b0c8cd52496d1f171d1a8b7492984e5e8b847de5027f,knowledge-documentation — memory index,,inventoried_only,Metadata only; no semantic-read claim.
local-evidence/restaurant-ai-automation,.planning/01-org/corporate/knowledge-documentation/teams/corpus-archive/corpus-archive-agenda-board.md,.md,2844,2dedfd8ec442be7a8807a064383fd7a28539dba7bf9647344c61358e509dd3dd,Corpus & Archive — Board,2026-08-24,inventoried_only,Metadata only; no semantic-read claim.
local-evidence/restaurant-ai-automation,.planning/01-org/corporate/knowledge-documentation/teams/corpus-archive/corpus-archive-agenda-full.md,.md,6872,78f7b58deeb0e52f42440bb2cb298c7b472a2bee72b6479d177be97b264ff197,Corpus & Archive — Full Agenda,2026-08-24,inventoried_only,Metadata only; no semantic-read claim.
local-evidence/restaurant-ai-automation,.planning/01-org/corporate/knowledge-documentation/teams/corpus-archive/corpus-archive-agent-stack.md,.md,9005,f0e2355130cff1e346c37acc5fa0e95e56fa4f1906109da5dfa4e72cec0410fc,Corpus & Archive — Agent Stack,2026-08-27,inventoried_only,Metadata only; no semantic-read claim.
local-evidence/restaurant-ai-automation,.planning/01-org/corporate/knowledge-documentation/teams/corpus-archive/corpus-archive-charter.md,.md,7419,cad3797706238f01786eff045b645e382be0c9cb3066121af5fe0b658785da3c,Corpus & Archive — Charter,2026-08-24,inventoried_only,Metadata only; no semantic-read claim.
local-evidence/restaurant-ai-automation,.planning/01-org/corporate/knowledge-documentation/teams/corpus-archive/corpus-archive-directive.md,.md,5069,d9d63c094838d6df130c6d8f84afdb3cf01f469b4057a197abf02b76360d0255,Corpus & Archive — Directive,2026-08-24,inventoried_only,Metadata only; no semantic-read claim.
local-evidence/restaurant-ai-automation,.planning/01-org/corporate/knowledge-documentation/teams/corpus-archive/corpus-archive-loops.md,.md,5221,ec864fc3c1e14fb6f19a91c476c516472eff33c19180d47d7b0a72a2ca173939,Corpus & Archive — Loops,2026-08-24,inventoried_only,Metadata only; no semantic-read claim.
local-evidence/restaurant-ai-automation,.planning/01-org/corporate/knowledge-documentation/teams/corpus-archive/corpus-archive-premortem.md,.md,8211,ca91fb9b0aade79c7fb6f7d1112a420896fc9c71bf10ff227fc9c789c2400a72,Corpus & Archive — Premortem,2026-08-24,inventoried_only,Metadata only; no semantic-read claim.
local-evidence/restaurant-ai-automation,.planning/01-org/corporate/knowledge-documentation/teams/corpus-archive/corpus-archive-questions.md,.md,2393,a0df4edbc7711806500bf64de2482741a2c7c7ada0eb9e85090396f1c49a7ad8,Corpus & Archive — Questions & Findings,2026-08-24,inventoried_only,Metadata only; no semantic-read claim.
local-evidence/restaurant-ai-automation,.planning/01-org/corporate/knowledge-documentation/teams/corpus-archive/corpus-archive-schedule.md,.md,3836,3d2333f53b9cec903c76d60a439994dbb03a3ea69fd6610c4a10d15002efee63,Corpus & Archive — Schedule & Skills,2026-08-24,inventoried_only,Metadata only; no semantic-read claim.
local-evidence/restaurant-ai-automation,.planning/01-org/corporate/knowledge-documentation/teams/graph-retrieval/graph-retrieval-agenda-board.md,.md,3478,f6fa1ea3073c4d3ce8be07573bf10e03999ab6541b6280ac9d0d7c7a8c629386,Graph & Retrieval — Board,2026-08-24,inventoried_only,Metadata only; no semantic-read claim.
local-evidence/restaurant-ai-automation,.planning/01-org/corporate/knowledge-documentation/teams/graph-retrieval/graph-retrieval-agenda-full.md,.md,6572,3fdf847a3f6c4238187363adc41d4da7c4d65f60aa62205774b6259b715df9bb,Graph & Retrieval — Full Agenda,2026-08-24,inventoried_only,Metadata only; no semantic-read claim.
local-evidence/restaurant-ai-automation,.planning/01-org/corporate/knowledge-documentation/teams/graph-retrieval/graph-retrieval-agent-stack.md,.md,9979,e3b61306e61f7f065c988e47275f6d2ee5b0404af0a150991a3e36e590bb986a,Graph & Retrieval — Agent Stack,2026-08-27,inventoried_only,Metadata only; no semantic-read claim.
local-evidence/restaurant-ai-automation,.planning/01-org/corporate/knowledge-documentation/teams/graph-retrieval/graph-retrieval-charter.md,.md,7471,89f5f13bc9dd0d4a93bb3bf126140e383b63106c28f27ae5cec11fd47720c6c6,Graph & Retrieval — Charter,2026-08-24,inventoried_only,Metadata only; no semantic-read claim.
local-evidence/restaurant-ai-automation,.planning/01-org/corporate/knowledge-documentation/teams/graph-retrieval/graph-retrieval-directive.md,.md,6009,da2649f2e9e45754c4ab4846fe5f9a87e47919d0e761781aa6d8442afc5b4e13,Graph & Retrieval — Directive,2026-08-24,inventoried_only,Metadata only; no semantic-read claim.
local-evidence/restaurant-ai-automation,.planning/01-org/corporate/knowledge-documentation/teams/graph-retrieval/graph-retrieval-loops.md,.md,5160,6fbd8b5e82e66f25d6a5005030400c2e985495166fced8010dc48a2e5c4f209a,Graph & Retrieval — Loops,2026-08-24,inventoried_only,Metadata only; no semantic-read claim.
local-evidence/restaurant-ai-automation,.planning/01-org/corporate/knowledge-documentation/teams/graph-retrieval/graph-retrieval-premortem.md,.md,8023,195dd9b58de8cdb6905d78ba3ab52cddcb4cd6e77fb8cb09dfc0a303f6ea02fd,Graph & Retrieval — Premortem,2026-08-24,inventoried_only,Metadata only; no semantic-read claim.
local-evidence/restaurant-ai-automation,.planning/01-org/corporate/knowledge-documentation/teams/graph-retrieval/graph-retrieval-questions.md,.md,1907,1149b31bd6a65a469a66c1c049a737af20808e54dfac45a6f7d419571cb248c1,Graph & Retrieval — Questions & Findings,2026-08-24,inventoried_only,Metadata only; no semantic-read claim.
local-evidence/restaurant-ai-automation,.planning/01-org/corporate/knowledge-documentation/teams/graph-retrieval/graph-retrieval-schedule.md,.md,4038,2c604f3eddae45eee818e6d43b747e922b0806dacba456286cb5432d02b032fd,Graph & Retrieval — Schedule & Skills,2026-08-24,inventoried_only,Metadata only; no semantic-read claim.
local-evidence/restaurant-ai-automation,.planning/01-org/corporate/knowledge-documentation/teams/standards-verification/memory/2026-08-28-guard-run.md,.md,463,f3b7ba9aa919e92a20afc32ac55cdcf49b4cbaf2f484a6fea66e90b70239b1c2,"Guard run 2026-08-28: decision-claims=PASS, citation-pairing=PASS, agent-card-contract=FAIL",,inventoried_only,Metadata only; no semantic-read claim.
local-evidence/restaurant-ai-automation,.planning/01-org/corporate/knowledge-documentation/teams/standards-verification/memory/standards-verification-MEMORY.md,.md,462,b7e594f089a56e844dc2e6ce3d4652b97e287e6236c5ccf598d8fed18daab9f4,standards-verification — memory index,,inventoried_only,Metadata only; no semantic-read claim.
local-evidence/restaurant-ai-automation,.planning/01-org/corporate/knowledge-documentation/teams/standards-verification/standards-verification-agenda-board.md,.md,4294,12d77f08b1fff5c8b82ef92759587551fc0621ef322f430680c4c426314b40e1,Standards & Verification — Board,2026-08-24,inventoried_only,Metadata only; no semantic-read claim.
local-evidence/restaurant-ai-automation,.planning/01-org/corporate/knowledge-documentation/teams/standards-verification/standards-verification-agenda-full.md,.md,7178,eb0f460986a826f208dbd9d2fc186d0c92b0313ee8cdcd128d32c5505bb80b76,Standards & Verification — Full Agenda,2026-08-24,inventoried_only,Metadata only; no semantic-read claim.
local-evidence/restaurant-ai-automation,.planning/01-org/corporate/knowledge-documentation/teams/standards-verification/standards-verification-agent-stack.md,.md,12292,c81dc3784ad41a4a2842bd6a99de8e18f2ace6c08d7bf4fa1d9264bc9ccb2f64,Standards & Verification — Agent Stack,2026-08-27,inventoried_only,Metadata only; no semantic-read claim.
local-evidence/restaurant-ai-automation,.planning/01-org/corporate/knowledge-documentation/teams/standards-verification/standards-verification-charter.md,.md,8590,f92aa1f1248adeaa22dba4bb43ec50a77c12238545b46c9ce98edb29f3824ca6,Standards & Verification — Charter,2026-08-24,inventoried_only,Metadata only; no semantic-read claim.
local-evidence/restaurant-ai-automation,.planning/01-org/corporate/knowledge-documentation/teams/standards-verification/standards-verification-directive.md,.md,6146,df571ecdda2f5bf98feaa8155971ab3453244321b926d67286af6c9e03bd7fec,Standards & Verification — Directive,2026-08-24,inventoried_only,Metadata only; no semantic-read claim.
local-evidence/restaurant-ai-automation,.planning/01-org/corporate/knowledge-documentation/teams/standards-verification/standards-verification-loops.md,.md,5735,3477cf25d26d4c62d8eab3467e355deeb47d77bc32e63830383ac57ce03d91dd,Standards & Verification — Loops,2026-08-24,inventoried_only,Metadata only; no semantic-read claim.
local-evidence/restaurant-ai-automation,.planning/01-org/corporate/knowledge-documentation/teams/standards-verification/standards-verification-premortem.md,.md,7574,d0790f6e09350624dd8b517a49630bee8351bb53589622649729c376dd947d90,Standards & Verification — Premortem,2026-08-24,inventoried_only,Metadata only; no semantic-read claim.
local-evidence/restaurant-ai-automation,.planning/01-org/corporate/knowledge-documentation/teams/standards-verification/standards-verification-questions.md,.md,1935,eee03b50ad1d6adf10dbefc3b0a6274fd3b6ae0fae958009ceb03f9fae6d1b81,Standards & Verification — Questions & Findings,2026-08-24,inventoried_only,Metadata only; no semantic-read claim.
local-evidence/restaurant-ai-automation,.planning/01-org/corporate/knowledge-documentation/teams/standards-verification/standards-verification-schedule.md,.md,4771,9d4cb7e7f1e1b8d9d1dfc92dd47b5184448c566c6337c64ba60736e7cd90c633,Standards & Verification — Schedule & Skills,2026-08-24,inventoried_only,Metadata only; no semantic-read claim.
local-evidence/restaurant-ai-automation,.planning/01-org/corporate/legal/legal-agenda-board.md,.md,5538,e781a55b6473f9cf962336ada639cf89e54b6a7bb5cd3062b252b4edfc6efe05,Legal — Board,2026-08-28,inventoried_only,Metadata only; no semantic-read claim.
local-evidence/restaurant-ai-automation,.planning/01-org/corporate/legal/legal-agenda-full.md,.md,27018,56b950474ced4e4e657ef4a588d85a70bac90b1c1f4f4e124d233de0b8851bf7,Legal — Agenda · 2026-08-28,2026-08-28,inventoried_only,Metadata only; no semantic-read claim.
local-evidence/restaurant-ai-automation,.planning/01-org/corporate/legal/legal-agent-stack.md,.md,9570,549931ff174e54be9c83ba5301c2148c8be76a8b052dc302202f852543aa3983,Legal — Agent Stack,2026-08-27,inventoried_only,Metadata only; no semantic-read claim.
local-evidence/restaurant-ai-automation,.planning/01-org/corporate/legal/legal-charter.md,.md,11398,0ac4ab2cdb2576956da56dd4a133d2de7b73ce3a4a4e381601c518fd9251b192,Legal — Charter,2026-08-24,inventoried_only,Metadata only; no semantic-read claim.
local-evidence/restaurant-ai-automation,.planning/01-org/corporate/legal/legal-directive.md,.md,7335,6133e8fee4135e32ca9c1b8a58c7f1754ba5433d4391ebbf18efe4425cffdcdf,Legal — Directive,2026-08-24,inventoried_only,Metadata only; no semantic-read claim.
local-evidence/restaurant-ai-automation,.planning/01-org/corporate/legal/legal-loops.md,.md,8386,6cc3bcc7097cb6065eee1cb79b3c2bf2f2d62ca2b24bfe5adca2d624e7c60bf2,Legal — Loops,2026-08-24,inventoried_only,Metadata only; no semantic-read claim.
local-evidence/restaurant-ai-automation,.planning/01-org/corporate/legal/legal-premortem.md,.md,9977,bdac13884b29c2a9d5692cad3a40342d1c758cc31b0ccdbc6cfd2e13496a0ce0,Legal — Premortem,2026-08-24,inventoried_only,Metadata only; no semantic-read claim.
local-evidence/restaurant-ai-automation,.planning/01-org/corporate/legal/legal-questions.md,.md,1835,a95fab157644f4a731ce6e46bc0e872b8ed4b445153e76f2d2d4ba26ada315a2,Legal — Questions & Findings,2026-08-24,inventoried_only,Metadata only; no semantic-read claim.
local-evidence/restaurant-ai-automation,.planning/01-org/corporate/legal/legal-schedule.md,.md,5353,3e2a2f6f8623f7329ab43b8f44b8ee11b82f4bddb607290ed37694b237cc66cb,Legal — Schedule & Skills,2026-08-24,inventoried_only,Metadata only; no semantic-read claim.
local-evidence/restaurant-ai-automation,.planning/01-org/corporate/legal/teams/commercial-workforce-agreements/commercial-workforce-agreements-agenda-board.md,.md,5139,934099eb050b72e010676d4fde33b4908f360bab4b29bf7325d487437de67ae6,Commercial & Workforce Agreements — Board,2026-08-24,inventoried_only,Metadata only; no semantic-read claim.
local-evidence/restaurant-ai-automation,.planning/01-org/corporate/legal/teams/commercial-workforce-agreements/commercial-workforce-agreements-agenda-full.md,.md,8269,bf4c220ac143867f78cef4d9d87fb9687dbcc453318e369adab714e9adc1fe76,Commercial & Workforce Agreements — Full Agenda,2026-08-24,inventoried_only,Metadata only; no semantic-read claim.
local-evidence/restaurant-ai-automation,.planning/01-org/corporate/legal/teams/commercial-workforce-agreements/commercial-workforce-agreements-agent-stack.md,.md,9928,61d4dce1b6b7ce3b6130dd39bb2c35c40586f042ca2bffaff51910637dbd838a,Commercial & Workforce Agreements — Agent Stack,2026-08-27,inventoried_only,Metadata only; no semantic-read claim.
local-evidence/restaurant-ai-automation,.planning/01-org/corporate/legal/teams/commercial-workforce-agreements/commercial-workforce-agreements-charter.md,.md,9760,4035d5325500e9906927b811665dae6179528f7d95bb7a854a4b3d1970d6ca86,Commercial & Workforce Agreements — Charter,2026-08-24,inventoried_only,Metadata only; no semantic-read claim.
local-evidence/restaurant-ai-automation,.planning/01-org/corporate/legal/teams/commercial-workforce-agreements/commercial-workforce-agreements-directive.md,.md,7042,07e624ec489e564b0e0334331d8d0e4067d414592b77a9d6665c5177af2818cf,Commercial & Workforce Agreements — Directive,2026-08-24,inventoried_only,Metadata only; no semantic-read claim.
local-evidence/restaurant-ai-automation,.planning/01-org/corporate/legal/teams/commercial-workforce-agreements/commercial-workforce-agreements-loops.md,.md,8936,4b936b0db1a6a912e40fc69dc18c482a151d8b291abb4ade6cbbe30d378e240d,Commercial & Workforce Agreements — Loops,2026-08-24,inventoried_only,Metadata only; no semantic-read claim.
local-evidence/restaurant-ai-automation,.planning/01-org/corporate/legal/teams/commercial-workforce-agreements/commercial-workforce-agreements-premortem.md,.md,9736,84014c05e2967fe85738dbffc74751d0573227a17e95cf59bbba388bee08450c,Commercial & Workforce Agreements — Premortem,2026-08-24,inventoried_only,Metadata only; no semantic-read claim.
local-evidence/restaurant-ai-automation,.planning/01-org/corporate/legal/teams/commercial-workforce-agreements/commercial-workforce-agreements-questions.md,.md,1953,61bc6e3b6ec2372ab2513390aefd86b278a21fb22373cfcf74aff0b5e5864259,Commercial & Workforce Agreements — Questions & Findings,2026-08-24,inventoried_only,Metadata only; no semantic-read claim.
local-evidence/restaurant-ai-automation,.planning/01-org/corporate/legal/teams/commercial-workforce-agreements/commercial-workforce-agreements-schedule.md,.md,5170,023c21e0c8a64026a49fa42eaae7f9cd80918463a70af4d217bac5074e4901b8,Commercial & Workforce Agreements — Schedule & Skills,2026-08-24,inventoried_only,Metadata only; no semantic-read claim.
local-evidence/restaurant-ai-automation,.planning/01-org/corporate/legal/teams/instruments-equity/instruments-equity-agenda-board.md,.md,3856,5dd656023c35f6bf7f1d2b407c392f5333929f32f2e70730f755bd1c9b5ef9bd,Instruments & Equity — Board,2026-08-24,inventoried_only,Metadata only; no semantic-read claim.
local-evidence/restaurant-ai-automation,.planning/01-org/corporate/legal/teams/instruments-equity/instruments-equity-agenda-full.md,.md,7797,f08adfc76d82d07f3b09d02f8c9d845b8077926678b6641a97530ecdb270ed2e,Instruments & Equity — Full Agenda,2026-08-24,inventoried_only,Metadata only; no semantic-read claim.
local-evidence/restaurant-ai-automation,.planning/01-org/corporate/legal/teams/instruments-equity/instruments-equity-agent-stack.md,.md,10143,d801defd66af595a9293f6bd59ca03e6ea089320904a911456b2251a4c813316,Instruments & Equity — Agent Stack,2026-08-27,inventoried_only,Metadata only; no semantic-read claim.
local-evidence/restaurant-ai-automation,.planning/01-org/corporate/legal/teams/instruments-equity/instruments-equity-charter.md,.md,7122,e03ac60f41e7175982391731a3a8d611b6c9c4ee4d8bb50f0ca937bfbc75549b,Instruments & Equity — Charter,2026-08-24,inventoried_only,Metadata only; no semantic-read claim.
local-evidence/restaurant-ai-automation,.planning/01-org/corporate/legal/teams/instruments-equity/instruments-equity-directive.md,.md,6532,f735a15f44426cd7c27e74beffae7a6410ac961a4fbca90ad5b9918c8712b4c4,Instruments & Equity — Directive,2026-08-24,inventoried_only,Metadata only; no semantic-read claim.
local-evidence/restaurant-ai-automation,.planning/01-org/corporate/legal/teams/instruments-equity/instruments-equity-loops.md,.md,8038,dbdb6a72c43a306fcee129297e5f58c7350cf1fc8968c1c25ef16c9054da6e01,Instruments & Equity — Loops,2026-08-24,inventoried_only,Metadata only; no semantic-read claim.
local-evidence/restaurant-ai-automation,.planning/01-org/corporate/legal/teams/instruments-equity/instruments-equity-premortem.md,.md,8895,f1fe849eb86574b48c39b2e91ed3cbb5eb4b2385d77b981305ce07dcc0e568be,Instruments & Equity — Premortem,2026-08-24,inventoried_only,Metadata only; no semantic-read claim.
local-evidence/restaurant-ai-automation,.planning/01-org/corporate/legal/teams/instruments-equity/instruments-equity-questions.md,.md,1901,5f1f024a1e059e9493d9fcfcb0ad41d78d289dc885aa097586380ec724a53789,Instruments & Equity — Questions & Findings,2026-08-24,inventoried_only,Metadata only; no semantic-read claim.
local-evidence/restaurant-ai-automation,.planning/01-org/corporate/legal/teams/instruments-equity/instruments-equity-schedule.md,.md,4443,d815953458e38bd1fca45024279a1ea1dd61400a6467486b572e0e9734496341,Instruments & Equity — Schedule & Skills,2026-08-24,inventoried_only,Metadata only; no semantic-read claim.
local-evidence/restaurant-ai-automation,.planning/01-org/corporate/people-agent-ops/people-agent-ops-agenda-board.md,.md,8351,aa62017117540cbe3e0f2f36e6183c8bb7bb887b6aa8daa6fa03bb69e22fa624,People & Agent Ops — Board,2026-08-28,inventoried_only,Metadata only; no semantic-read claim.
local-evidence/restaurant-ai-automation,.planning/01-org/corporate/people-agent-ops/people-agent-ops-agenda-full.md,.md,24456,c155f801b86e99c342a7ad5b3661e4b0b7248c38b765c1c53fdb72165000169f,People & Agent Ops — Full Agenda,2026-08-28,inventoried_only,Metadata only; no semantic-read claim.
local-evidence/restaurant-ai-automation,.planning/01-org/corporate/people-agent-ops/people-agent-ops-agent-stack.md,.md,8347,9a2fb190a24008c508e697bb1b96887b3f5b1bf57be216b06236d66d7104cc9f,People & Agent Ops — Agent Stack,2026-08-27,inventoried_only,Metadata only; no semantic-read claim.
local-evidence/restaurant-ai-automation,.planning/01-org/corporate/people-agent-ops/people-agent-ops-charter.md,.md,15607,eb84417ddbce8e77fd9849648488786c0cce7ddf2bcc64f54b68b77bfe7a9873,People & Agent Ops — Charter,2026-08-24,inventoried_only,Metadata only; no semantic-read claim.
local-evidence/restaurant-ai-automation,.planning/01-org/corporate/people-agent-ops/people-agent-ops-directive.md,.md,6979,366d9f4f0574fbbe65eec630dddef4af12f2cd1b31274aec2759229a63fc8874,People & Agent Ops — Directive,2026-08-24,inventoried_only,Metadata only; no semantic-read claim.
local-evidence/restaurant-ai-automation,.planning/01-org/corporate/people-agent-ops/people-agent-ops-loops.md,.md,6839,8fd814fc7b7780a95a351c5a6e4a577bfe8f1ad02180bc28cb7418325998fb60,People & Agent Ops — Loops,2026-08-24,inventoried_only,Metadata only; no semantic-read claim.
local-evidence/restaurant-ai-automation,.planning/01-org/corporate/people-agent-ops/people-agent-ops-premortem.md,.md,10008,354dd96b67dbbcd649f43cf8834fa51c0098f47d3e1319e900aa59b017f70c1e,People & Agent Ops — Premortem,2026-08-24,inventoried_only,Metadata only; no semantic-read claim.
local-evidence/restaurant-ai-automation,.planning/01-org/corporate/people-agent-ops/people-agent-ops-questions.md,.md,2712,2c68512eb2ade62098af2fde413e2c507070b1d17fd123a6933e3b4d910eb15d,People & Agent Ops — Questions & Findings,2026-08-24,inventoried_only,Metadata only; no semantic-read claim.
local-evidence/restaurant-ai-automation,.planning/01-org/corporate/people-agent-ops/people-agent-ops-schedule.md,.md,5934,74a3e16ef24d08a3e241c62e2916e6f6cb0a3545e164df4cec3538087c2264b8,People & Agent Ops — Schedule & Skills,2026-08-24,inventoried_only,Metadata only; no semantic-read claim.
local-evidence/restaurant-ai-automation,.planning/01-org/corporate/people-agent-ops/teams/performance-doneability/performance-doneability-agenda-board.md,.md,4420,082059089b79c07ec32758beb3f94c285c4a353370286988c43d16812f1c8368,Performance & Doneability — Board,2026-08-24,inventoried_only,Metadata only; no semantic-read claim.
local-evidence/restaurant-ai-automation,.planning/01-org/corporate/people-agent-ops/teams/performance-doneability/performance-doneability-agenda-full.md,.md,10031,6d984a4d24cea91cba8614eaa1439a32260736bc930c90430107b73b3976a4b0,Performance & Doneability — Full Agenda,2026-08-24,inventoried_only,Metadata only; no semantic-read claim.
local-evidence/restaurant-ai-automation,.planning/01-org/corporate/people-agent-ops/teams/performance-doneability/performance-doneability-agent-stack.md,.md,10450,d763e905e6d04d970af32f6401fe354acf989ad71721bcf507c7f068905371f6,Performance & Doneability — Agent Stack,2026-08-27,inventoried_only,Metadata only; no semantic-read claim.
local-evidence/restaurant-ai-automation,.planning/01-org/corporate/people-agent-ops/teams/performance-doneability/performance-doneability-charter.md,.md,11361,5aeed60b679b3a5b28dd035fef7688dbbf909936408e0d44d6ecc495f65d5f07,Performance & Doneability — Charter,2026-08-24,inventoried_only,Metadata only; no semantic-read claim.
local-evidence/restaurant-ai-automation,.planning/01-org/corporate/people-agent-ops/teams/performance-doneability/performance-doneability-directive.md,.md,7659,4599fab3f3125fa53157afdbc975be0b4aafd6873ba66cc06e16a8b735767c78,Performance & Doneability — Directive,2026-08-24,inventoried_only,Metadata only; no semantic-read claim.
local-evidence/restaurant-ai-automation,.planning/01-org/corporate/people-agent-ops/teams/performance-doneability/performance-doneability-loops.md,.md,7698,00e104ba2ae7cfb93cfb788b83c99f2d6c2b12a008b2130cf7ba9a30f9a7ff45,Performance & Doneability — Loops,2026-08-24,inventoried_only,Metadata only; no semantic-read claim.
local-evidence/restaurant-ai-automation,.planning/01-org/corporate/people-agent-ops/teams/performance-doneability/performance-doneability-premortem.md,.md,10878,17bdd21b4cf1576f57583d6383f3e513227dddb4d8fed98cd1252236e9961c6f,Performance & Doneability — Premortem,2026-08-24,inventoried_only,Metadata only; no semantic-read claim.
local-evidence/restaurant-ai-automation,.planning/01-org/corporate/people-agent-ops/teams/performance-doneability/performance-doneability-questions.md,.md,1932,a1fc19f8ba5291564e6c72dadd243951c21efe89a1add347a76be75f526db5d6,Performance & Doneability — Questions & Findings,2026-08-24,inventoried_only,Metadata only; no semantic-read claim.
local-evidence/restaurant-ai-automation,.planning/01-org/corporate/people-agent-ops/teams/performance-doneability/performance-doneability-schedule.md,.md,5699,e3772f0ebd5cf37b4f984c8dd3b2ccda41cd487413e26f666d5e73cdd81460f1,Performance & Doneability — Schedule & Skills,2026-08-24,inventoried_only,Metadata only; no semantic-read claim.
local-evidence/restaurant-ai-automation,.planning/01-org/corporate/people-agent-ops/teams/roster-lifecycle/roster-lifecycle-agenda-board.md,.md,3725,d1e59e89647e8a832d390fa48d55a3765064e48613ee6df2103f2d6605c548b9,Roster & Lifecycle — Board,2026-08-24,inventoried_only,Metadata only; no semantic-read claim.
local-evidence/restaurant-ai-automation,.planning/01-org/corporate/people-agent-ops/teams/roster-lifecycle/roster-lifecycle-agenda-full.md,.md,8706,1cb5f7ba5938fe0498703f4bc89c9c68b8db8f43a33094cdf517d79b35a7b6c2,Roster & Lifecycle — Full Agenda,2026-08-24,inventoried_only,Metadata only; no semantic-read claim.
local-evidence/restaurant-ai-automation,.planning/01-org/corporate/people-agent-ops/teams/roster-lifecycle/roster-lifecycle-agent-stack.md,.md,10242,ae0de1ab24eec4911b1141d3e01cace19f5c76ac3074cb626ec90df0051d90d3,Roster & Lifecycle — Agent Stack,2026-08-27,inventoried_only,Metadata only; no semantic-read claim.
local-evidence/restaurant-ai-automation,.planning/01-org/corporate/people-agent-ops/teams/roster-lifecycle/roster-lifecycle-charter.md,.md,11314,853e22e5394691f0e107f95af96b3c6f0d2274d6c5a486d4c8b52357f5a3d228,Roster & Lifecycle — Charter,2026-08-24,inventoried_only,Metadata only; no semantic-read claim.
local-evidence/restaurant-ai-automation,.planning/01-org/corporate/people-agent-ops/teams/roster-lifecycle/roster-lifecycle-directive.md,.md,6862,1f450741b4fa4e9669fc1f29d6b72d44d788ac310e12c4a30f9f2ebe087e280f,Roster & Lifecycle — Directive,2026-08-24,inventoried_only,Metadata only; no semantic-read claim.
local-evidence/restaurant-ai-automation,.planning/01-org/corporate/people-agent-ops/teams/roster-lifecycle/roster-lifecycle-loops.md,.md,6883,7f3686909c36c079e252fb64aa41118099cc5d56804c8c756a002015216f9709,Roster & Lifecycle — Loops,2026-08-24,inventoried_only,Metadata only; no semantic-read claim.
local-evidence/restaurant-ai-automation,.planning/01-org/corporate/people-agent-ops/teams/roster-lifecycle/roster-lifecycle-premortem.md,.md,10393,d381d08892dac24df18f22c1c15d6f044e8c3f1188479666b8c1d3401a7955c0,Roster & Lifecycle — Premortem,2026-08-24,inventoried_only,Metadata only; no semantic-read claim.
local-evidence/restaurant-ai-automation,.planning/01-org/corporate/people-agent-ops/teams/roster-lifecycle/roster-lifecycle-questions.md,.md,1904,5fdc7b9117758f91c2760180f285550a958a2a214538784674245d73d8b77c57,Roster & Lifecycle — Questions & Findings,2026-08-24,inventoried_only,Metadata only; no semantic-read claim.
local-evidence/restaurant-ai-automation,.planning/01-org/corporate/people-agent-ops/teams/roster-lifecycle/roster-lifecycle-schedule.md,.md,5781,fe6cf98560a2477c3ae6fac5798b619492a8c2a8b03ebaa4c0345461055d1d0e,Roster & Lifecycle — Schedule & Skills,2026-08-24,inventoried_only,Metadata only; no semantic-read claim.
local-evidence/restaurant-ai-automation,.planning/01-org/corporate/strategy-fundraising/strategy-fundraising-agenda-board.md,.md,13300,ec4c27f924c8b003fd2c1b5b7f17019867dee02dc47178380800741e72dddfe6,Strategy & Fundraising — Board,2026-08-28,inventoried_only,Metadata only; no semantic-read claim.
local-evidence/restaurant-ai-automation,.planning/01-org/corporate/strategy-fundraising/strategy-fundraising-agenda-full.md,.md,42073,d4888cf9951556f2b6a36c27fbf79a4c8e6e2e100018275bc008435b02938069,Strategy & Fundraising — Agenda · 2026-08-28,2026-08-28,inventoried_only,Metadata only; no semantic-read claim.
local-evidence/restaurant-ai-automation,.planning/01-org/corporate/strategy-fundraising/strategy-fundraising-agent-stack.md,.md,10203,bffa0ff7e76f271397696378be35b8243e2cd6f17195635678d2344d07dc72fb,Strategy & Fundraising — Agent Stack,2026-08-27,inventoried_only,Metadata only; no semantic-read claim.
local-evidence/restaurant-ai-automation,.planning/01-org/corporate/strategy-fundraising/strategy-fundraising-charter.md,.md,18611,ee68551e51913d3bc95d9e94d1a8a25055dccae9300371fe26f51e03ab956791,Strategy & Fundraising — Charter,2026-08-24,inventoried_only,Metadata only; no semantic-read claim.
local-evidence/restaurant-ai-automation,.planning/01-org/corporate/strategy-fundraising/strategy-fundraising-directive.md,.md,10218,06162506dfc3c295e919d9247ee1369e4270bb6126948ef5b019e049593812dc,Strategy & Fundraising — Directive,2026-08-24,inventoried_only,Metadata only; no semantic-read claim.
local-evidence/restaurant-ai-automation,.planning/01-org/corporate/strategy-fundraising/strategy-fundraising-loops.md,.md,13008,9ee7906b6a1554a91deb88a7e5da1dd7cf28974a8f6a8cc3852dbfdf31899ced,Strategy & Fundraising — Loops,2026-08-24,inventoried_only,Metadata only; no semantic-read claim.
local-evidence/restaurant-ai-automation,.planning/01-org/corporate/strategy-fundraising/strategy-fundraising-premortem.md,.md,13544,ef66b65a02ace1fed0611eccd31f54df84136b09c384394df4c3cb13612e1185,Strategy & Fundraising — Premortem,2026-08-24,inventoried_only,Metadata only; no semantic-read claim.
local-evidence/restaurant-ai-automation,.planning/01-org/corporate/strategy-fundraising/strategy-fundraising-questions.md,.md,1897,1123d6b7ab90d593da955c6a327d322fe842954c54545f7e117153c0950d0c8a,Strategy & Fundraising — Questions & Findings,2026-08-24,inventoried_only,Metadata only; no semantic-read claim.
local-evidence/restaurant-ai-automation,.planning/01-org/corporate/strategy-fundraising/strategy-fundraising-schedule.md,.md,8829,755e55d00e3f30a442cb4121db1f9c991fc22d2b0f87f01914ca9da51d6bb1dc,Strategy & Fundraising — Schedule & Skills,2026-08-24,inventoried_only,Metadata only; no semantic-read claim.
local-evidence/restaurant-ai-automation,.planning/01-org/corporate/strategy-fundraising/teams/positioning-fundraise-readiness/positioning-fundraise-readiness-agenda-board.md,.md,6937,5a80f9ad7f878aa8f65607c8a4a9a1aeab6037025337c768b20c46880e149b4b,Positioning & Fundraise Readiness — Board,2026-08-24,inventoried_only,Metadata only; no semantic-read claim.
local-evidence/restaurant-ai-automation,.planning/01-org/corporate/strategy-fundraising/teams/positioning-fundraise-readiness/positioning-fundraise-readiness-agenda-full.md,.md,11243,b6a6b306c3377ab47a49c72524cd41a643ef011df94314a8c1b2ee8c43d43293,Positioning & Fundraise Readiness — Full Agenda,2026-09-01,inventoried_only,Metadata only; no semantic-read claim.
local-evidence/restaurant-ai-automation,.planning/01-org/corporate/strategy-fundraising/teams/positioning-fundraise-readiness/positioning-fundraise-readiness-agent-stack.md,.md,12089,b37ffe4d9c239383e727d38700e349da0a09993b433c0d3c8963977389db0481,Positioning & Fundraise Readiness — Agent Stack,2026-08-27,inventoried_only,Metadata only; no semantic-read claim.
local-evidence/restaurant-ai-automation,.planning/01-org/corporate/strategy-fundraising/teams/positioning-fundraise-readiness/positioning-fundraise-readiness-charter.md,.md,13940,465bf241bdd62b6bf1407aacaab3219444fdc4bfae6c28ad881520d09ae48a5f,Positioning & Fundraise Readiness — Charter,2026-09-01,inventoried_only,Metadata only; no semantic-read claim.
local-evidence/restaurant-ai-automation,.planning/01-org/corporate/strategy-fundraising/teams/positioning-fundraise-readiness/positioning-fundraise-readiness-directive.md,.md,9244,9bca8d55e6528def047939bb6f2c47aafaebaa344f9d0067e24ce2d88eef3111,Positioning & Fundraise Readiness — Directive,2026-08-24,inventoried_only,Metadata only; no semantic-read claim.
local-evidence/restaurant-ai-automation,.planning/01-org/corporate/strategy-fundraising/teams/positioning-fundraise-readiness/positioning-fundraise-readiness-loops.md,.md,12576,2b3089153b1dd000835381fb446507296f578c46a931dd988485ab57cc72a60d,Positioning & Fundraise Readiness — Loops,2026-09-01,inventoried_only,Metadata only; no semantic-read claim.
local-evidence/restaurant-ai-automation,.planning/01-org/corporate/strategy-fundraising/teams/positioning-fundraise-readiness/positioning-fundraise-readiness-premortem.md,.md,12066,7fcd61ed7a645635adbe0a7cc4d26d6323ed98f4c76179df8e1060de8f7f36c4,Positioning & Fundraise Readiness — Premortem,2026-08-24,inventoried_only,Metadata only; no semantic-read claim.
local-evidence/restaurant-ai-automation,.planning/01-org/corporate/strategy-fundraising/teams/positioning-fundraise-readiness/positioning-fundraise-readiness-questions.md,.md,1968,c25eec39c30eed7a60895c5724acf082ba7769ba0bbd75af79a63a6e57db3ba5,Positioning & Fundraise Readiness — Questions & Findings,2026-08-24,inventoried_only,Metadata only; no semantic-read claim.
local-evidence/restaurant-ai-automation,.planning/01-org/corporate/strategy-fundraising/teams/positioning-fundraise-readiness/positioning-fundraise-readiness-schedule.md,.md,8629,314f0e15fa750f3c18549ce40649eed85a1bd0efe5651ead6290b15a5419d932,Positioning & Fundraise Readiness — Schedule & Skills,2026-08-24,inventoried_only,Metadata only; no semantic-read claim.
local-evidence/restaurant-ai-automation,.planning/01-org/intelligence/analytics-bi/analytics-bi-agenda-board.md,.md,6249,01d5bdda7496a30dec292ce995fad8986e2e42a0f73daaec58e7a2c1958de75f,Analytics & BI — Board,2026-08-28,inventoried_only,Metadata only; no semantic-read claim.
local-evidence/restaurant-ai-automation,.planning/01-org/intelligence/analytics-bi/analytics-bi-agenda-full.md,.md,24111,58fde069319ca816a0287e6d36c09ea86f1df31a9cf3c0a95993d66761e315c7,Analytics & BI — Full Agenda,2026-08-28,inventoried_only,Metadata only; no semantic-read claim.
local-evidence/restaurant-ai-automation,.planning/01-org/intelligence/analytics-bi/analytics-bi-agent-stack.md,.md,10480,abfe244f27a295cf1d7dd0308a8aae28e78ae9cdfe8625664356de13cf7201b9,Analytics & BI — Agent Stack,2026-08-27,inventoried_only,Metadata only; no semantic-read claim.
local-evidence/restaurant-ai-automation,.planning/01-org/intelligence/analytics-bi/analytics-bi-charter.md,.md,14949,f8f602a35f90d4721bf5543407b4809e282023bccbd5672bf93cc0216ab43357,Analytics & BI — Charter,2026-08-24,inventoried_only,Metadata only; no semantic-read claim.
local-evidence/restaurant-ai-automation,.planning/01-org/intelligence/analytics-bi/analytics-bi-directive.md,.md,7280,6cb88dcc3090e63f0b3758b4b77bbf4924cbd1aa5950ba7b9f01f7e776ef07c0,Analytics & BI — Directive,2026-08-24,inventoried_only,Metadata only; no semantic-read claim.
local-evidence/restaurant-ai-automation,.planning/01-org/intelligence/analytics-bi/analytics-bi-loops.md,.md,10320,3a35d9e08e42be386f2ddb07daa42dbfa494bd6f5df404de6d6ffe670a31ddb1,Analytics & BI — Loops,2026-08-24,inventoried_only,Metadata only; no semantic-read claim.
local-evidence/restaurant-ai-automation,.planning/01-org/intelligence/analytics-bi/analytics-bi-premortem.md,.md,11150,a1ac41ec38234c9d5046a81e21e55b1302d0017d07b5abf6115370cb48bf998a,Analytics & BI — Premortem,2026-08-24,inventoried_only,Metadata only; no semantic-read claim.
local-evidence/restaurant-ai-automation,.planning/01-org/intelligence/analytics-bi/analytics-bi-questions.md,.md,1868,e73612bda135f6d756e380891f11f67694c822fa9594606c585a7cc256340320,Analytics & BI — Questions & Findings,2026-08-24,inventoried_only,Metadata only; no semantic-read claim.
local-evidence/restaurant-ai-automation,.planning/01-org/intelligence/analytics-bi/analytics-bi-schedule.md,.md,6143,04e23e7404ad1e3f700a8de5770d78b52a0defa7a9f94ae6a70e29eed83b816e,Analytics & BI — Schedule & Skills,2026-08-24,inventoried_only,Metadata only; no semantic-read claim.
local-evidence/restaurant-ai-automation,.planning/01-org/intelligence/analytics-bi/teams/analytics-engine/analytics-engine-agenda-board.md,.md,2787,45967fac850becc3d000c0be96e5b927463d988bdb8d8d510ccf1cac57833ac0,Analytics Engine — Board,2026-08-24,inventoried_only,Metadata only; no semantic-read claim.
local-evidence/restaurant-ai-automation,.planning/01-org/intelligence/analytics-bi/teams/analytics-engine/analytics-engine-agenda-full.md,.md,7571,d71437dc003a142c904b310c8ba056d44a1ed7f11b268bcc240fa40216d0f761,Analytics Engine — Full Agenda,2026-08-24,inventoried_only,Metadata only; no semantic-read claim.
local-evidence/restaurant-ai-automation,.planning/01-org/intelligence/analytics-bi/teams/analytics-engine/analytics-engine-agent-stack.md,.md,10467,a87f40f93059d494b786639fe3a1809f13f08b479dddc67c64837f429bc92e62,Analytics Engine (Decision Science) — Agent Stack,2026-08-27,inventoried_only,Metadata only; no semantic-read claim.
local-evidence/restaurant-ai-automation,.planning/01-org/intelligence/analytics-bi/teams/analytics-engine/analytics-engine-charter.md,.md,11127,1f82898076d0c2ca3c788f991e1e0fe7cc9b7ddc56cd8c48a90edaecee13ce6d,Analytics Engine (Decision Science) — Charter,2026-08-24,inventoried_only,Metadata only; no semantic-read claim.
local-evidence/restaurant-ai-automation,.planning/01-org/intelligence/analytics-bi/teams/analytics-engine/analytics-engine-directive.md,.md,5896,328f9480cf366c9b96d28ef909c5a51e4b16807277e3aeb54887035a0eba5902,Analytics Engine — Directive,2026-08-24,inventoried_only,Metadata only; no semantic-read claim.
local-evidence/restaurant-ai-automation,.planning/01-org/intelligence/analytics-bi/teams/analytics-engine/analytics-engine-loops.md,.md,6931,0a307d49b10cb5e834ac83ec887913f969c954b779d31173d1eac01df4761c07,Analytics Engine — Loops,2026-08-24,inventoried_only,Metadata only; no semantic-read claim.
local-evidence/restaurant-ai-automation,.planning/01-org/intelligence/analytics-bi/teams/analytics-engine/analytics-engine-premortem.md,.md,9895,3ffac5757caa82bc3f2569a726fd6e5816d6f06e34d64410e6768202514ad5c5,Analytics Engine — Premortem,2026-08-24,inventoried_only,Metadata only; no semantic-read claim.
local-evidence/restaurant-ai-automation,.planning/01-org/intelligence/analytics-bi/teams/analytics-engine/analytics-engine-questions.md,.md,1920,57986cbf7c6744aed490a95e1044adb49caf9e76094eb6319e3f041f0387dd7a,Analytics Engine (Decision Science) — Questions & Findings,2026-08-24,inventoried_only,Metadata only; no semantic-read claim.
local-evidence/restaurant-ai-automation,.planning/01-org/intelligence/analytics-bi/teams/analytics-engine/analytics-engine-schedule.md,.md,4180,9c22302fe765298f9c9afe6a238a59bcfd73f4b08efa4f43fdfba428550abeab,Analytics Engine — Schedule & Skills,2026-08-24,inventoried_only,Metadata only; no semantic-read claim.
local-evidence/restaurant-ai-automation,.planning/01-org/intelligence/analytics-bi/teams/insight-narrative-generation/insight-narrative-generation-agenda-board.md,.md,3328,4a9d0f9e915a2c0351dbaee0ad541d02046fdc03efd938ba15d29f4e35e96a36,Insight & Narrative Generation — Board,2026-08-24,inventoried_only,Metadata only; no semantic-read claim.
local-evidence/restaurant-ai-automation,.planning/01-org/intelligence/analytics-bi/teams/insight-narrative-generation/insight-narrative-generation-agenda-full.md,.md,8768,db6d6434302d16f898c7538454a6ac34c4c6b699e305167a652fd0bd138dbf45,Insight & Narrative Generation — Full Agenda,2026-08-24,inventoried_only,Metadata only; no semantic-read claim.
local-evidence/restaurant-ai-automation,.planning/01-org/intelligence/analytics-bi/teams/insight-narrative-generation/insight-narrative-generation-agent-stack.md,.md,12284,dc00ad28d7cd225a2523f570d139d1102e05af2f9b0f55d6666e0c9d120682e0,Insight & Narrative Generation — Agent Stack,2026-08-27,inventoried_only,Metadata only; no semantic-read claim.
local-evidence/restaurant-ai-automation,.planning/01-org/intelligence/analytics-bi/teams/insight-narrative-generation/insight-narrative-generation-charter.md,.md,10229,dd22aa635088a105c31dad86fc7155bc05919aeb50472fce7e36a830b41c138e,Insight & Narrative Generation — Charter,2026-08-24,inventoried_only,Metadata only; no semantic-read claim.
local-evidence/restaurant-ai-automation,.planning/01-org/intelligence/analytics-bi/teams/insight-narrative-generation/insight-narrative-generation-directive.md,.md,6374,89d43763ac46d0c7cc4035345fa9c82858ed392ee5797c600c2fe567af8f07db,Insight & Narrative Generation — Directive,2026-08-24,inventoried_only,Metadata only; no semantic-read claim.
local-evidence/restaurant-ai-automation,.planning/01-org/intelligence/analytics-bi/teams/insight-narrative-generation/insight-narrative-generation-loops.md,.md,7755,334ec83478ebd9885ac5790e45d30185dcb7522888ff6c7ef9c74f88fdd81788,Insight & Narrative Generation — Loops,2026-08-24,inventoried_only,Metadata only; no semantic-read claim.
local-evidence/restaurant-ai-automation,.planning/01-org/intelligence/analytics-bi/teams/insight-narrative-generation/insight-narrative-generation-premortem.md,.md,11055,14a37b8aa23c836cbdd79f77e99c862785b28da3c5b3871514dd070a3ee011c3,Insight & Narrative Generation — Premortem,2026-08-24,inventoried_only,Metadata only; no semantic-read claim.
local-evidence/restaurant-ai-automation,.planning/01-org/intelligence/analytics-bi/teams/insight-narrative-generation/insight-narrative-generation-questions.md,.md,1951,cc1cac10d889c4f3cef2a03e446b1c580046222fb245c4380915aaba002787b4,Insight & Narrative Generation — Questions & Findings,2026-08-24,inventoried_only,Metadata only; no semantic-read claim.
local-evidence/restaurant-ai-automation,.planning/01-org/intelligence/analytics-bi/teams/insight-narrative-generation/insight-narrative-generation-schedule.md,.md,5763,497e3cb8d7842d54511c201379bb4d50465eb55e25c3dc8146d49bb7cf980b26,Insight & Narrative Generation — Schedule & Skills,2026-08-24,inventoried_only,Metadata only; no semantic-read claim.
local-evidence/restaurant-ai-automation,.planning/01-org/intelligence/analytics-bi/teams/metric-contract-truth-assurance/metric-contract-truth-assurance-agenda-board.md,.md,3944,2dfc7ab960e62523e00727f58bdb513feafb7f7aa6d1baf7e430d6c9fb71cdd1,Metric Contract & Truth Assurance — Board,2026-08-24,inventoried_only,Metadata only; no semantic-read claim.
local-evidence/restaurant-ai-automation,.planning/01-org/intelligence/analytics-bi/teams/metric-contract-truth-assurance/metric-contract-truth-assurance-agenda-full.md,.md,9047,63e153e2800d4febffa3450dc5158dc051738520804eecc913928b2b07efa3c5,Metric Contract & Truth Assurance — Full Agenda,2026-08-24,inventoried_only,Metadata only; no semantic-read claim.
local-evidence/restaurant-ai-automation,.planning/01-org/intelligence/analytics-bi/teams/metric-contract-truth-assurance/metric-contract-truth-assurance-agent-stack.md,.md,12661,077dcc3e79f9bdf891d8e9e60afbfe8d70e603330ccb5d1b9debe55bf5fc513a,Metric Contract & Truth Assurance — Agent Stack,2026-08-27,inventoried_only,Metadata only; no semantic-read claim.
local-evidence/restaurant-ai-automation,.planning/01-org/intelligence/analytics-bi/teams/metric-contract-truth-assurance/metric-contract-truth-assurance-charter.md,.md,11335,2109b14cb5b24b1f2d25e939c81d86413afc03f0c0284a00b3c584971bca20d0,Metric Contract & Truth Assurance — Charter,2026-08-24,inventoried_only,Metadata only; no semantic-read claim.
local-evidence/restaurant-ai-automation,.planning/01-org/intelligence/analytics-bi/teams/metric-contract-truth-assurance/metric-contract-truth-assurance-directive.md,.md,7087,03ea7987d02b900d25d812fd3e8c48f470ca7ca9beb868d1ed8d8f1d1c5b6112,Metric Contract & Truth Assurance — Directive,2026-08-24,inventoried_only,Metadata only; no semantic-read claim.
local-evidence/restaurant-ai-automation,.planning/01-org/intelligence/analytics-bi/teams/metric-contract-truth-assurance/metric-contract-truth-assurance-loops.md,.md,9207,151de98ab736b79ecb8ef656a50dfbfb860195d89c8b200ceab59420b684018d,Metric Contract & Truth Assurance — Loops,2026-08-24,inventoried_only,Metadata only; no semantic-read claim.
local-evidence/restaurant-ai-automation,.planning/01-org/intelligence/analytics-bi/teams/metric-contract-truth-assurance/metric-contract-truth-assurance-premortem.md,.md,10579,068643bcbdc114bc011543a535ff30b051955f4e36050534c9ee5d52838deb5a,Metric Contract & Truth Assurance — Premortem,2026-08-24,inventoried_only,Metadata only; no semantic-read claim.
local-evidence/restaurant-ai-automation,.planning/01-org/intelligence/analytics-bi/teams/metric-contract-truth-assurance/metric-contract-truth-assurance-questions.md,.md,2667,1c2886f6a3b400d9c5d1bf6b3f6c0b77a42bd2cf1c497732e1b0a826eaea6577,Metric Contract & Truth Assurance — Questions & Findings,2026-08-24,inventoried_only,Metadata only; no semantic-read claim.
local-evidence/restaurant-ai-automation,.planning/01-org/intelligence/analytics-bi/teams/metric-contract-truth-assurance/metric-contract-truth-assurance-schedule.md,.md,6053,bece87996a04b60e9549dbe8e6511fdb3e48783b4dc7e75967fba751cd42e8bc,Metric Contract & Truth Assurance — Schedule & Skills,2026-08-24,inventoried_only,Metadata only; no semantic-read claim.
local-evidence/restaurant-ai-automation,.planning/01-org/intelligence/security/security-agenda-board.md,.md,7049,5e2c151f33ab37a57bfcaf84cb6cf3e3be7a65809524647cdcafd8cdeaabe2f3,Security — Board,2026-08-28,inventoried_only,Metadata only; no semantic-read claim.
local-evidence/restaurant-ai-automation,.planning/01-org/intelligence/security/security-agenda-full.md,.md,28453,c511084ebbf62ab0ab77a8d9f2a9f9b423de32ba61c85f4570ebb14e03cf229e,Security — Full Agenda,2026-08-28,inventoried_only,Metadata only; no semantic-read claim.
local-evidence/restaurant-ai-automation,.planning/01-org/intelligence/security/security-agent-stack.md,.md,9147,82b3673d540c96b32dde1da9450fbc5faa57fec5b492a9f1cd17420af8d8ee41,Security — Agent Stack,2026-08-27,inventoried_only,Metadata only; no semantic-read claim.
local-evidence/restaurant-ai-automation,.planning/01-org/intelligence/security/security-charter.md,.md,20684,af4872c487647c428f8d2451dc94d74f4638bdf579ea6ca06472a29d119c9d8f,Security — Charter,2026-09-01,inventoried_only,Metadata only; no semantic-read claim.
local-evidence/restaurant-ai-automation,.planning/01-org/intelligence/security/security-directive.md,.md,8092,427f82a75e60f87129f007e3b8b1a875e28905edcbb1a46925b2611f70849baf,Security — Directive,2026-08-24,inventoried_only,Metadata only; no semantic-read claim.
local-evidence/restaurant-ai-automation,.planning/01-org/intelligence/security/security-loops.md,.md,8214,1f7b75285b77372894c8187cf728ca5714721db17370523bc017211249160196,Security — Loops,2026-08-24,inventoried_only,Metadata only; no semantic-read claim.
local-evidence/restaurant-ai-automation,.planning/01-org/intelligence/security/security-premortem.md,.md,12112,c69b18cab87db086024a61724fed6718f2090b408989037e0e9d92d7e829c9d7,Security — Premortem,2026-08-24,inventoried_only,Metadata only; no semantic-read claim.
local-evidence/restaurant-ai-automation,.planning/01-org/intelligence/security/security-questions.md,.md,1850,75bb800887ff40b91e02f40006db917cfa37da63da66e90fea0dbfcb1bc5343a,Security — Questions & Findings,2026-08-24,inventoried_only,Metadata only; no semantic-read claim.
local-evidence/restaurant-ai-automation,.planning/01-org/intelligence/security/security-schedule.md,.md,5812,909c0a4b930a19ad07082b92c874095794ea28f7c9dd9b9ed3652e023329fa62,Security — Schedule & Skills,2026-08-24,inventoried_only,Metadata only; no semantic-read claim.
local-evidence/restaurant-ai-automation,.planning/01-org/intelligence/security/teams/access-control-tenant-isolation/access-control-tenant-isolation-agenda-board.md,.md,3506,35bcdebd2ed08dae69bea725c163500812c3aa98837dc7730171920e1a78d95d,Access Control & Tenant Isolation — Board,2026-08-24,inventoried_only,Metadata only; no semantic-read claim.
local-evidence/restaurant-ai-automation,.planning/01-org/intelligence/security/teams/access-control-tenant-isolation/access-control-tenant-isolation-agenda-full.md,.md,6709,33b94c00501a4bac12f2968149e04a87b08c817169b2acd6317dc990e1b9616d,Access Control & Tenant Isolation — Full Agenda,2026-08-24,inventoried_only,Metadata only; no semantic-read claim.
local-evidence/restaurant-ai-automation,.planning/01-org/intelligence/security/teams/access-control-tenant-isolation/access-control-tenant-isolation-agent-stack.md,.md,10647,a64f467def993bcb0a40bebb2a9bfeb90ed03e768534872aeea6c71f69c91021,Access Control & Tenant Isolation — Agent Stack,2026-08-27,inventoried_only,Metadata only; no semantic-read claim.
local-evidence/restaurant-ai-automation,.planning/01-org/intelligence/security/teams/access-control-tenant-isolation/access-control-tenant-isolation-charter.md,.md,9229,a2e84615e5821ede6ebce4a339404dfd1a63d30c7b0abb88f44ca6480e770d88,Access Control & Tenant Isolation — Charter,2026-08-24,inventoried_only,Metadata only; no semantic-read claim.
local-evidence/restaurant-ai-automation,.planning/01-org/intelligence/security/teams/access-control-tenant-isolation/access-control-tenant-isolation-directive.md,.md,6666,5de8c14f9d95dbb3b08daff4f2b51d6e229d4636a64a5dfeaa0302e0a1b61a8b,Access Control & Tenant Isolation — Directive,2026-08-24,inventoried_only,Metadata only; no semantic-read claim.
local-evidence/restaurant-ai-automation,.planning/01-org/intelligence/security/teams/access-control-tenant-isolation/access-control-tenant-isolation-loops.md,.md,6079,93955e58cb15d66bbe8b115156b1a62d80c08a569579e160d836ec2f3800a528,Access Control & Tenant Isolation — Loops,2026-08-24,inventoried_only,Metadata only; no semantic-read claim.
local-evidence/restaurant-ai-automation,.planning/01-org/intelligence/security/teams/access-control-tenant-isolation/access-control-tenant-isolation-premortem.md,.md,8863,cfe5dceb67a68b113716225be9fe9145adc077d4e0b5ebf6b070800328a34dd4,Access Control & Tenant Isolation — Premortem,2026-08-24,inventoried_only,Metadata only; no semantic-read claim.
local-evidence/restaurant-ai-automation,.planning/01-org/intelligence/security/teams/access-control-tenant-isolation/access-control-tenant-isolation-questions.md,.md,1959,a7e26a3c3ed62bdf38ea38bbf428b208ae2a87253c75fd0e64d89c75c4806df4,Access Control & Tenant Isolation — Questions & Findings,2026-08-24,inventoried_only,Metadata only; no semantic-read claim.
local-evidence/restaurant-ai-automation,.planning/01-org/intelligence/security/teams/access-control-tenant-isolation/access-control-tenant-isolation-schedule.md,.md,5201,4bceeab51f140ab495b826cfdfe2f923913e7cf8495c31e6048002c691099f22,Access Control & Tenant Isolation — Schedule & Skills,2026-08-24,inventoried_only,Metadata only; no semantic-read claim.
local-evidence/restaurant-ai-automation,.planning/01-org/intelligence/security/teams/ai-surface-security/ai-surface-security-agenda-board.md,.md,4567,fc8f2d296df344db1edc99ec5d4d8aedb146a10dfebae4a16990e976ceb7de1b,AI Surface Security — Board,2026-08-24,inventoried_only,Metadata only; no semantic-read claim.
local-evidence/restaurant-ai-automation,.planning/01-org/intelligence/security/teams/ai-surface-security/ai-surface-security-agenda-full.md,.md,7777,dcc015b29bfa71b968ad7eab40138bd6756dc050568d0b9da0ef296b41302751,AI Surface Security — Full Agenda,2026-08-24,inventoried_only,Metadata only; no semantic-read claim.
local-evidence/restaurant-ai-automation,.planning/01-org/intelligence/security/teams/ai-surface-security/ai-surface-security-agent-stack.md,.md,11554,8e9be5eac4b70bdc865611f5fc0d71e38629a0d05b700eada45bd0ccc2d0aee4,AI Surface Security — Agent Stack,2026-08-27,inventoried_only,Metadata only; no semantic-read claim.
local-evidence/restaurant-ai-automation,.planning/01-org/intelligence/security/teams/ai-surface-security/ai-surface-security-charter.md,.md,10551,6ca3d8ffcea1ae1695735a434d90a6100f7f3d59255c1e3838b939d3b1379376,AI Surface Security — Charter,2026-08-24,inventoried_only,Metadata only; no semantic-read claim.
local-evidence/restaurant-ai-automation,.planning/01-org/intelligence/security/teams/ai-surface-security/ai-surface-security-directive.md,.md,7806,dd5522a9da66c66dd88a3f65f0e5b6115345e2a159bda44846b0d7fefd6e9d4b,AI Surface Security — Directive,2026-08-24,inventoried_only,Metadata only; no semantic-read claim.
local-evidence/restaurant-ai-automation,.planning/01-org/intelligence/security/teams/ai-surface-security/ai-surface-security-loops.md,.md,7926,ae7ee2767a4ee93b9167bd2ee25058578f6fd60d9fac86b4521f396bccc5680f,AI Surface Security — Loops,2026-08-24,inventoried_only,Metadata only; no semantic-read claim.
local-evidence/restaurant-ai-automation,.planning/01-org/intelligence/security/teams/ai-surface-security/ai-surface-security-premortem.md,.md,9826,3591a142ecc8648b62b05a7356271ef43e9401bcb3452527345cc3648ca5949e,AI Surface Security — Premortem,2026-08-24,inventoried_only,Metadata only; no semantic-read claim.
local-evidence/restaurant-ai-automation,.planning/01-org/intelligence/security/teams/ai-surface-security/ai-surface-security-questions.md,.md,1909,d1e5b731fba1a0c25e188776f6daeb871f341045254cea2051d14495d3989843,AI Surface Security — Questions & Findings,2026-08-24,inventoried_only,Metadata only; no semantic-read claim.
local-evidence/restaurant-ai-automation,.planning/01-org/intelligence/security/teams/ai-surface-security/ai-surface-security-schedule.md,.md,6007,1e67f09662082afd3256c44fecd49f5c969bddcbb005eba688419c4fd39b325b,AI Surface Security — Schedule & Skills,2026-08-24,inventoried_only,Metadata only; no semantic-read claim.
local-evidence/restaurant-ai-automation,.planning/01-org/intelligence/security/teams/perimeter-ingress-integrity/perimeter-ingress-integrity-agenda-board.md,.md,4402,b07d5707d1618750aff718b7676db712a977f06c9b6cf33cbb495ddb288a413f,Perimeter & Ingress Integrity — Board,2026-08-24,inventoried_only,Metadata only; no semantic-read claim.
local-evidence/restaurant-ai-automation,.planning/01-org/intelligence/security/teams/perimeter-ingress-integrity/perimeter-ingress-integrity-agenda-full.md,.md,6952,19b15a7e40a78ed2b19162c92232c01154a12477c55755dc018e096f2754cdcd,Perimeter & Ingress Integrity — Full Agenda,2026-08-24,inventoried_only,Metadata only; no semantic-read claim.
local-evidence/restaurant-ai-automation,.planning/01-org/intelligence/security/teams/perimeter-ingress-integrity/perimeter-ingress-integrity-agent-stack.md,.md,10128,d5dec0882346b6d1fd66c48d25681bf83179e6b3657ba23de690a204f2bc3761,Perimeter & Ingress Integrity — Agent Stack,2026-08-27,inventoried_only,Metadata only; no semantic-read claim.
local-evidence/restaurant-ai-automation,.planning/01-org/intelligence/security/teams/perimeter-ingress-integrity/perimeter-ingress-integrity-charter.md,.md,10745,bca7fc853a1a7291e259695d5c13c2f125483dfc7aea3d48ea70f512dbc98423,Perimeter & Ingress Integrity — Charter,2026-08-24,inventoried_only,Metadata only; no semantic-read claim.
local-evidence/restaurant-ai-automation,.planning/01-org/intelligence/security/teams/perimeter-ingress-integrity/perimeter-ingress-integrity-directive.md,.md,7117,14da843a35fa8fc83accf26b696e7e607ebca57c756e9ca5c40989ae4e8a5669,Perimeter & Ingress Integrity — Directive,2026-08-24,inventoried_only,Metadata only; no semantic-read claim.
local-evidence/restaurant-ai-automation,.planning/01-org/intelligence/security/teams/perimeter-ingress-integrity/perimeter-ingress-integrity-loops.md,.md,6715,3ed67faf01813b5eb87211d43c2cb8014d6f309cbf03d840971509c464f69564,Perimeter & Ingress Integrity — Loops,2026-08-24,inventoried_only,Metadata only; no semantic-read claim.
local-evidence/restaurant-ai-automation,.planning/01-org/intelligence/security/teams/perimeter-ingress-integrity/perimeter-ingress-integrity-premortem.md,.md,10085,55a2f7d158513de4e046c2516ab855f7029c9ef9ff6fdc3189e0a0e69695d509,Perimeter & Ingress Integrity — Premortem,2026-08-24,inventoried_only,Metadata only; no semantic-read claim.
local-evidence/restaurant-ai-automation,.planning/01-org/intelligence/security/teams/perimeter-ingress-integrity/perimeter-ingress-integrity-questions.md,.md,1943,cbd30aea8d0dcecae107191d3235f49a0d7ba66b2777883061919aa843133a1f,Perimeter & Ingress Integrity — Questions & Findings,2026-08-24,inventoried_only,Metadata only; no semantic-read claim.
local-evidence/restaurant-ai-automation,.planning/01-org/intelligence/security/teams/perimeter-ingress-integrity/perimeter-ingress-integrity-schedule.md,.md,5251,0590852bcd20e57ce0278f5824a5a4ea0cd039dc4a3004e9ded09f2d176619d5,Perimeter & Ingress Integrity — Schedule & Skills,2026-08-24,inventoried_only,Metadata only; no semantic-read claim.
local-evidence/restaurant-ai-automation,.planning/01-org/platform/data/data-agenda-board.md,.md,6679,28f97b32bde7cb9544a69ae564e7f31cbac572b0d393d702208909458de28cf3,Data — Board,2026-08-28,inventoried_only,Metadata only; no semantic-read claim.
local-evidence/restaurant-ai-automation,.planning/01-org/platform/data/data-agenda-full.md,.md,29001,a8a2b10b3b0de08b7f43d3e16707f6ee5042d504ef94128a8aa5f0ebbfc81db4,Data — Full Agenda,2026-08-28,inventoried_only,Metadata only; no semantic-read claim.
local-evidence/restaurant-ai-automation,.planning/01-org/platform/data/data-agent-stack.md,.md,8324,722dde0e0d2508aad425aa41b81b79a14908e094af5c55f5736aff1b1ac7ec7c,Data — Agent Stack,2026-08-27,inventoried_only,Metadata only; no semantic-read claim.
local-evidence/restaurant-ai-automation,.planning/01-org/platform/data/data-charter.md,.md,10947,982ef22738fb8574b5008fbf641bbb9965cd93eb5ace325d7ad514d859546373,Data — Charter,2026-08-24,inventoried_only,Metadata only; no semantic-read claim.
local-evidence/restaurant-ai-automation,.planning/01-org/platform/data/data-directive.md,.md,5293,6ae164b3dbb5402904f668c325f39893a96dd49655a53bd7dfdd9a711f10887c,Data — Directive,2026-08-24,inventoried_only,Metadata only; no semantic-read claim.
local-evidence/restaurant-ai-automation,.planning/01-org/platform/data/data-loops.md,.md,6990,b20ee6be9fa918ed944651b80906f254681c4b81be55963a99e32df91387efc3,Data — Loops,2026-08-24,inventoried_only,Metadata only; no semantic-read claim.
local-evidence/restaurant-ai-automation,.planning/01-org/platform/data/data-premortem.md,.md,11818,354bc12ddf9be815bdd4f04c9a6f75c93a777414ec824a561d76b26a25e183cc,Data — Premortem,2026-08-24,inventoried_only,Metadata only; no semantic-read claim.
local-evidence/restaurant-ai-automation,.planning/01-org/platform/data/data-questions.md,.md,1830,3f8c0cecc921ab47fb765ffac87cc98e6b6221453df52cbea5fe62ee5ec6a632,Data — Questions & Findings,2026-08-24,inventoried_only,Metadata only; no semantic-read claim.
local-evidence/restaurant-ai-automation,.planning/01-org/platform/data/data-schedule.md,.md,5463,429026e02da34330ba9bf89682680c0bcf72b8f40dfd1ac4665bf9a1c505a0e1,Data — Schedule & Skills,2026-08-24,inventoried_only,Metadata only; no semantic-read claim.
local-evidence/restaurant-ai-automation,.planning/01-org/platform/data/teams/annotation-ground-truth/annotation-ground-truth-agenda-board.md,.md,2671,195316035367cca70f982a525d76b280e44a3a80c07ed76bf69bafe9d32d37b2,Annotation & Ground Truth — Board,2026-08-24,inventoried_only,Metadata only; no semantic-read claim.
local-evidence/restaurant-ai-automation,.planning/01-org/platform/data/teams/annotation-ground-truth/annotation-ground-truth-agenda-full.md,.md,5290,6feef13a862cc61f59cd5e62787e2c7f710323f6ebd3f2184e76c744e4cc9b91,Annotation & Ground Truth — Full Agenda,2026-08-24,inventoried_only,Metadata only; no semantic-read claim.
local-evidence/restaurant-ai-automation,.planning/01-org/platform/data/teams/annotation-ground-truth/annotation-ground-truth-agent-stack.md,.md,9251,2d8dc3c3cab77a8190c6617545c2b538bbb434f3e1aa45d2d2c605268ada3aaf,Annotation & Ground Truth — Agent Stack,2026-08-27,inventoried_only,Metadata only; no semantic-read claim.
local-evidence/restaurant-ai-automation,.planning/01-org/platform/data/teams/annotation-ground-truth/annotation-ground-truth-charter.md,.md,7081,fccfa0c593378b27184682cfb5f2123626e32fb4683b617ac1fef13cbb19cf3a,Annotation & Ground Truth — Charter,2026-08-24,inventoried_only,Metadata only; no semantic-read claim.
local-evidence/restaurant-ai-automation,.planning/01-org/platform/data/teams/annotation-ground-truth/annotation-ground-truth-directive.md,.md,4407,6e370b066e3959d653305b368b2ee423162bc645b8863e4a982575a70f8bc94f,Annotation & Ground Truth — Directive,2026-08-24,inventoried_only,Metadata only; no semantic-read claim.
local-evidence/restaurant-ai-automation,.planning/01-org/platform/data/teams/annotation-ground-truth/annotation-ground-truth-loops.md,.md,5651,28344c9a030ad6d606aaa8d90f0168f9345510fa1731b83ec2ed1c305e116b38,Annotation & Ground Truth — Loops,2026-08-24,inventoried_only,Metadata only; no semantic-read claim.
local-evidence/restaurant-ai-automation,.planning/01-org/platform/data/teams/annotation-ground-truth/annotation-ground-truth-premortem.md,.md,9294,c514355b153cbcf42448b88db346c19062f7e29f71f5f3813a9eeeb7faed6217,Annotation & Ground Truth — Premortem,2026-08-24,inventoried_only,Metadata only; no semantic-read claim.
local-evidence/restaurant-ai-automation,.planning/01-org/platform/data/teams/annotation-ground-truth/annotation-ground-truth-questions.md,.md,1919,079e6484b2341eb06d74012f1ec4015ae15aeaadcf93bd6cabdffd5d175f2b9c,Annotation & Ground Truth — Questions & Findings,2026-08-24,inventoried_only,Metadata only; no semantic-read claim.
local-evidence/restaurant-ai-automation,.planning/01-org/platform/data/teams/annotation-ground-truth/annotation-ground-truth-schedule.md,.md,4559,79c3007d30277347f97e2d2d458677e3161fef5b110ae66543038ba3d4adf91e,Annotation & Ground Truth — Schedule & Skills,2026-08-24,inventoried_only,Metadata only; no semantic-read claim.
local-evidence/restaurant-ai-automation,.planning/01-org/platform/data/teams/corpora-enrichment/corpora-enrichment-agenda-board.md,.md,2454,2cc70f4040f40b93bf2b82c032eb43d198e5a5669f375e2ba59895555fa9ed39,Corpora & Enrichment — Board,2026-08-24,inventoried_only,Metadata only; no semantic-read claim.
local-evidence/restaurant-ai-automation,.planning/01-org/platform/data/teams/corpora-enrichment/corpora-enrichment-agenda-full.md,.md,5012,87b29dacf505e68457bb2ebd3e02af8db26855d98a8d0a84869661e6830ba33d,Corpora & Enrichment — Full Agenda,2026-08-24,inventoried_only,Metadata only; no semantic-read claim.
local-evidence/restaurant-ai-automation,.planning/01-org/platform/data/teams/corpora-enrichment/corpora-enrichment-agent-stack.md,.md,9373,e0fb1d79631542da6131b67e18c6b695609a0b03aeccac0ba171fe93213ae83b,Corpora & Enrichment — Agent Stack,2026-08-27,inventoried_only,Metadata only; no semantic-read claim.
local-evidence/restaurant-ai-automation,.planning/01-org/platform/data/teams/corpora-enrichment/corpora-enrichment-charter.md,.md,7013,b9aa1eaabb98e63412993cf2867985a2e44bdbe60f7430019193668375e31d64,Corpora & Enrichment — Charter,2026-08-24,inventoried_only,Metadata only; no semantic-read claim.
local-evidence/restaurant-ai-automation,.planning/01-org/platform/data/teams/corpora-enrichment/corpora-enrichment-directive.md,.md,4138,ce6ff5664bd2b3c76a25cd6a8221448b2275858275dd7d4b3eccd974d09e51a4,Corpora & Enrichment — Directive,2026-08-24,inventoried_only,Metadata only; no semantic-read claim.
local-evidence/restaurant-ai-automation,.planning/01-org/platform/data/teams/corpora-enrichment/corpora-enrichment-loops.md,.md,4435,20a161c15aae0d749cce5905e9d4c30aa5193478b47e68a9ff716b8cfec7cc36,Corpora & Enrichment — Loops,2026-08-24,inventoried_only,Metadata only; no semantic-read claim.
local-evidence/restaurant-ai-automation,.planning/01-org/platform/data/teams/corpora-enrichment/corpora-enrichment-premortem.md,.md,8890,0c06fec163656ee695525cbe3c29ac60787a60b263db43ea3924363313a5235d,Corpora & Enrichment — Premortem,2026-08-24,inventoried_only,Metadata only; no semantic-read claim.
local-evidence/restaurant-ai-automation,.planning/01-org/platform/data/teams/corpora-enrichment/corpora-enrichment-questions.md,.md,1899,e708faf1176e90763ac586bf8ce1dc93906f3f024d38cade373c914d4a6ea031,Corpora & Enrichment — Questions & Findings,2026-08-24,inventoried_only,Metadata only; no semantic-read claim.
local-evidence/restaurant-ai-automation,.planning/01-org/platform/data/teams/corpora-enrichment/corpora-enrichment-schedule.md,.md,4564,845e84233d16e2bc793b209fadcc5023bebdc6a241d31c1dc1ae62262524e315,Corpora & Enrichment — Schedule & Skills,2026-08-24,inventoried_only,Metadata only; no semantic-read claim.
local-evidence/restaurant-ai-automation,.planning/01-org/platform/data/teams/pos-operational-telemetry-ingest/pos-operational-telemetry-ingest-agenda-board.md,.md,3546,e923b84bf653beb973a9c57118f403188f7579484df69a73c3fc5fd3823aa1af,POS & Operational Telemetry Ingest — Board,2026-08-24,inventoried_only,Metadata only; no semantic-read claim.
local-evidence/restaurant-ai-automation,.planning/01-org/platform/data/teams/pos-operational-telemetry-ingest/pos-operational-telemetry-ingest-agenda-full.md,.md,5459,9161c9659d3741971e1bfe1ff9c74b6fd4d9d08151333044b418a2bda3549d10,POS & Operational Telemetry Ingest — Full Agenda,2026-08-24,inventoried_only,Metadata only; no semantic-read claim.
local-evidence/restaurant-ai-automation,.planning/01-org/platform/data/teams/pos-operational-telemetry-ingest/pos-operational-telemetry-ingest-agent-stack.md,.md,9189,e2bc36745c6c52294fce3117eacc62a886b06dd0d133f473b42e0dc1af899738,POS & Operational Telemetry Ingest — Agent Stack,2026-08-27,inventoried_only,Metadata only; no semantic-read claim.
local-evidence/restaurant-ai-automation,.planning/01-org/platform/data/teams/pos-operational-telemetry-ingest/pos-operational-telemetry-ingest-charter.md,.md,7742,3cce141be2be4cb5f7f8eca7698df4a0087170be2095aba71b0a61376fda5fbd,POS & Operational Telemetry Ingest — Charter,2026-08-24,inventoried_only,Metadata only; no semantic-read claim.
local-evidence/restaurant-ai-automation,.planning/01-org/platform/data/teams/pos-operational-telemetry-ingest/pos-operational-telemetry-ingest-directive.md,.md,4965,0cd2fc1390703125c4da610ffbbbe0322cf48094b8ca68ac175715c226e68778,POS & Operational Telemetry Ingest — Directive,2026-08-24,inventoried_only,Metadata only; no semantic-read claim.
local-evidence/restaurant-ai-automation,.planning/01-org/platform/data/teams/pos-operational-telemetry-ingest/pos-operational-telemetry-ingest-loops.md,.md,6696,1baf6018fdb2d9691287982b258622dec01d7555dddff7e38444473aa9af0f76,POS & Operational Telemetry Ingest — Loops,2026-08-24,inventoried_only,Metadata only; no semantic-read claim.
local-evidence/restaurant-ai-automation,.planning/01-org/platform/data/teams/pos-operational-telemetry-ingest/pos-operational-telemetry-ingest-premortem.md,.md,9695,5d2fa05b799d65ca603def93dc3da5b4fc500ffa8fd4a4f64b1b629a9fdf8c09,POS & Operational Telemetry Ingest — Premortem,2026-08-24,inventoried_only,Metadata only; no semantic-read claim.
local-evidence/restaurant-ai-automation,.planning/01-org/platform/data/teams/pos-operational-telemetry-ingest/pos-operational-telemetry-ingest-questions.md,.md,1955,77ebf9220b3d23741039d633df35f30c2112f80997d29affc72b1e3abf12084c,POS & Operational Telemetry Ingest — Questions & Findings,2026-08-24,inventoried_only,Metadata only; no semantic-read claim.
local-evidence/restaurant-ai-automation,.planning/01-org/platform/data/teams/pos-operational-telemetry-ingest/pos-operational-telemetry-ingest-schedule.md,.md,5029,71aac0666f88c56349d1c312a2ff3ea749b84e5ebbe42c2c4cae7862c6eedf2c,POS & Operational Telemetry Ingest — Schedule & Skills,2026-08-24,inventoried_only,Metadata only; no semantic-read claim.
local-evidence/restaurant-ai-automation,.planning/01-org/platform/data/teams/substrate-quality-coverage/substrate-quality-coverage-agenda-board.md,.md,3744,e50e58c22714427ca77a13f454c72c5546a7411a4717b56862fc368a4c7a5c4d,Substrate Quality & Coverage — Board,2026-08-24,inventoried_only,Metadata only; no semantic-read claim.
local-evidence/restaurant-ai-automation,.planning/01-org/platform/data/teams/substrate-quality-coverage/substrate-quality-coverage-agenda-full.md,.md,6029,44a94e6a136bc4996aa6d1f31a756ead81e33fd2128d0c1f3cfd2e7eea0dc9d7,Substrate Quality & Coverage — Full Agenda,2026-08-24,inventoried_only,Metadata only; no semantic-read claim.
local-evidence/restaurant-ai-automation,.planning/01-org/platform/data/teams/substrate-quality-coverage/substrate-quality-coverage-agent-stack.md,.md,10064,4e9cc3a47e88a15f6a48e6eb5dc926132689ca725be1fbfc4b522866d611d1ca,Substrate Quality & Coverage — Agent Stack,2026-08-27,inventoried_only,Metadata only; no semantic-read claim.
local-evidence/restaurant-ai-automation,.planning/01-org/platform/data/teams/substrate-quality-coverage/substrate-quality-coverage-charter.md,.md,8479,991d36d98e24d9b3ca83a84a7158ff93169ff7e09a7e90be730b630ca5765ed2,Substrate Quality & Coverage — Charter,2026-08-24,inventoried_only,Metadata only; no semantic-read claim.
local-evidence/restaurant-ai-automation,.planning/01-org/platform/data/teams/substrate-quality-coverage/substrate-quality-coverage-directive.md,.md,5785,e60fd3bfc3c1c8096531a92125927c67d4166beed8ffc63b4b09e353ea96f5d2,Substrate Quality & Coverage — Directive,2026-08-24,inventoried_only,Metadata only; no semantic-read claim.
local-evidence/restaurant-ai-automation,.planning/01-org/platform/data/teams/substrate-quality-coverage/substrate-quality-coverage-loops.md,.md,6984,a6101306e6ea129852621230f00a7495775a0dbb6a8b2f50e06855602beb722b,Substrate Quality & Coverage — Loops,2026-08-24,inventoried_only,Metadata only; no semantic-read claim.
local-evidence/restaurant-ai-automation,.planning/01-org/platform/data/teams/substrate-quality-coverage/substrate-quality-coverage-premortem.md,.md,10002,6739b083eb9ea68911ad781f388e20c740c8e859c3dbf75d0438276874401264,Substrate Quality & Coverage — Premortem,2026-08-24,inventoried_only,Metadata only; no semantic-read claim.
local-evidence/restaurant-ai-automation,.planning/01-org/platform/data/teams/substrate-quality-coverage/substrate-quality-coverage-questions.md,.md,1931,83c1e0b91d89c0be860beb645717ad7d7a9142dd9179fbec89ca709ac0535ee2,Substrate Quality & Coverage — Questions & Findings,2026-08-24,inventoried_only,Metadata only; no semantic-read claim.
local-evidence/restaurant-ai-automation,.planning/01-org/platform/data/teams/substrate-quality-coverage/substrate-quality-coverage-schedule.md,.md,5381,b345d803490741c61327be72f836e2ee4d8808ab1ce584b44d6b487a6ff1f6a3,Substrate Quality & Coverage — Schedule & Skills,2026-08-24,inventoried_only,Metadata only; no semantic-read claim.
local-evidence/restaurant-ai-automation,.planning/01-org/platform/data/teams/synthetic-generation-simulation/synthetic-generation-simulation-agenda-board.md,.md,3180,425f8bb499430cde99727d85772982f206b0c021b88af6b66e81509a7529cb59,Synthetic Generation & Simulation — Board,2026-08-24,inventoried_only,Metadata only; no semantic-read claim.
local-evidence/restaurant-ai-automation,.planning/01-org/platform/data/teams/synthetic-generation-simulation/synthetic-generation-simulation-agenda-full.md,.md,5819,af6e811aea148e045c20f885099dbbc431fd207bb301e99fe8f1655f16b89d27,Synthetic Generation & Simulation — Full Agenda,2026-08-24,inventoried_only,Metadata only; no semantic-read claim.
local-evidence/restaurant-ai-automation,.planning/01-org/platform/data/teams/synthetic-generation-simulation/synthetic-generation-simulation-agent-stack.md,.md,10295,2e038dc306e10bb07b56677f019e4653703a2f4cbfe8a6d78cd512d1899c39ae,Synthetic Generation & Simulation — Agent Stack,2026-08-27,inventoried_only,Metadata only; no semantic-read claim.
local-evidence/restaurant-ai-automation,.planning/01-org/platform/data/teams/synthetic-generation-simulation/synthetic-generation-simulation-charter.md,.md,7265,316b43b4628b83f7f19e0d0d6245e3fd7c633de8637571caa2331962a63bfa5f,Synthetic Generation & Simulation — Charter,2026-08-24,inventoried_only,Metadata only; no semantic-read claim.
local-evidence/restaurant-ai-automation,.planning/01-org/platform/data/teams/synthetic-generation-simulation/synthetic-generation-simulation-directive.md,.md,4796,6346d189a477673eeaa9b87fd50b8722df76d4f1dc600fc6439886f3a0eb507f,Synthetic Generation & Simulation — Directive,2026-08-24,inventoried_only,Metadata only; no semantic-read claim.
local-evidence/restaurant-ai-automation,.planning/01-org/platform/data/teams/synthetic-generation-simulation/synthetic-generation-simulation-loops.md,.md,6277,d6b0cdea066d21890b2b92329df14a7fdbc737746b87ed660019d524c88acbb3,Synthetic Generation & Simulation — Loops,2026-08-24,inventoried_only,Metadata only; no semantic-read claim.
local-evidence/restaurant-ai-automation,.planning/01-org/platform/data/teams/synthetic-generation-simulation/synthetic-generation-simulation-premortem.md,.md,9874,f3e5427cabe5b800bd8276dcce67754a70d08cf4d36f0e4120ea1e11e890f089,Synthetic Generation & Simulation — Premortem,2026-08-24,inventoried_only,Metadata only; no semantic-read claim.
local-evidence/restaurant-ai-automation,.planning/01-org/platform/data/teams/synthetic-generation-simulation/synthetic-generation-simulation-questions.md,.md,1951,3a4a3909164acd5b1c2303efeff21925a88654ba78f3dbaff73ca723352ce149,Synthetic Generation & Simulation — Questions & Findings,2026-08-24,inventoried_only,Metadata only; no semantic-read claim.
local-evidence/restaurant-ai-automation,.planning/01-org/platform/data/teams/synthetic-generation-simulation/synthetic-generation-simulation-schedule.md,.md,4706,616c6bfa77681757760b726160120a64f98147ecaef238901cd5243a73f4ce97,Synthetic Generation & Simulation — Schedule & Skills,2026-08-24,inventoried_only,Metadata only; no semantic-read claim.
local-evidence/restaurant-ai-automation,.planning/01-org/platform/engineering/engineering-agenda-board.md,.md,4195,d5e2b11c718f865fbb56e7549e7583424d42af59f1a73de92733e452cc5e2f66,Engineering — Board,2026-08-28,inventoried_only,Metadata only; no semantic-read claim.
local-evidence/restaurant-ai-automation,.planning/01-org/platform/engineering/engineering-agenda-full.md,.md,30855,e045b6d0dcaa8213003f8056823ccbc4f80e101dd6213671190d4efc4078d8fd,Engineering — Full Agenda,2026-08-28,inventoried_only,Metadata only; no semantic-read claim.
local-evidence/restaurant-ai-automation,.planning/01-org/platform/engineering/engineering-agent-stack.md,.md,9641,fc13064ccc10504ef5d88416300228628248bb77f2b557474123b44cc4d2d672,Engineering — Agent Stack,2026-08-27,inventoried_only,Metadata only; no semantic-read claim.
local-evidence/restaurant-ai-automation,.planning/01-org/platform/engineering/engineering-charter.md,.md,7436,517bbdab83e21958cb910cfac8e1f7530ce83eab37299f7001aea1d28068cb19,Engineering — Charter,2026-08-24,inventoried_only,Metadata only; no semantic-read claim.
local-evidence/restaurant-ai-automation,.planning/01-org/platform/engineering/engineering-directive.md,.md,4231,30c18ae98e224bb6abbd5afa78101281319f9eadaa760e37e7680738ad2508e9,Engineering — Directive,2026-08-24,inventoried_only,Metadata only; no semantic-read claim.
local-evidence/restaurant-ai-automation,.planning/01-org/platform/engineering/engineering-loops.md,.md,6095,5ad5f9dcd246c3ef0579371277ac7a90169214be110085b4a6f4bb43286264b4,Engineering — Loops,2026-09-01,inventoried_only,Metadata only; no semantic-read claim.
local-evidence/restaurant-ai-automation,.planning/01-org/platform/engineering/engineering-premortem.md,.md,7210,170579b81e3874ca6c85bd4866f3ff8df5599fb20e5c4bcd5b754449090a0f55,Engineering — Premortem,2026-08-24,inventoried_only,Metadata only; no semantic-read claim.
local-evidence/restaurant-ai-automation,.planning/01-org/platform/engineering/engineering-questions.md,.md,1858,dba8f2d22df23418873bbd0d23d935454f7ef075c7a8a2c7d25353cb7a1e9e0c,Engineering — Questions & Findings,2026-08-24,inventoried_only,Metadata only; no semantic-read claim.
local-evidence/restaurant-ai-automation,.planning/01-org/platform/engineering/engineering-schedule.md,.md,3284,7a818668cd04f028ef5c9cba28b24bd2c4e0e1d6f933452b308b9d6c0b41f061,Engineering — Schedule & Skills,2026-08-24,inventoried_only,Metadata only; no semantic-read claim.
local-evidence/restaurant-ai-automation,.planning/01-org/platform/engineering/teams/catalogue-identity/catalogue-identity-agenda-board.md,.md,1656,f1003308e174d84a25e38812fe8d9e8a1c59d193b4e124a740803620fba74504,Catalogue & Identity — Board,2026-08-24,inventoried_only,Metadata only; no semantic-read claim.
local-evidence/restaurant-ai-automation,.planning/01-org/platform/engineering/teams/catalogue-identity/catalogue-identity-agenda-full.md,.md,5059,3feb1f2aeed525fe12be8176a6ff0ffd10d0f29d1911fbca8d2cd4b62f753fe5,Catalogue & Identity — Full Agenda,2026-08-24,inventoried_only,Metadata only; no semantic-read claim.
local-evidence/restaurant-ai-automation,.planning/01-org/platform/engineering/teams/catalogue-identity/catalogue-identity-agent-stack.md,.md,9218,9d4de42afe154c60608371899f9f7e2d6824b7778de23907299c144d927dce1d,Catalogue & Identity — Agent Stack,2026-08-27,inventoried_only,Metadata only; no semantic-read claim.
local-evidence/restaurant-ai-automation,.planning/01-org/platform/engineering/teams/catalogue-identity/catalogue-identity-charter.md,.md,5614,8260eca4cee3cb5010050c0906e525f74c051d19acae8a03767fcfaeb73a9ff9,Catalogue & Identity — Charter,2026-08-24,inventoried_only,Metadata only; no semantic-read claim.
local-evidence/restaurant-ai-automation,.planning/01-org/platform/engineering/teams/catalogue-identity/catalogue-identity-directive.md,.md,3629,d93ccb41480f21ce24d5ba075514573d0bcbc212a856f11aaba772cfc4ddf869,Catalogue & Identity — Directive,2026-08-24,inventoried_only,Metadata only; no semantic-read claim.
local-evidence/restaurant-ai-automation,.planning/01-org/platform/engineering/teams/catalogue-identity/catalogue-identity-loops.md,.md,4837,f644870e6fa63d4e3e41b1e3c452986faa76072bf6579370230937c4b6701048,Catalogue & Identity — Loops,2026-08-24,inventoried_only,Metadata only; no semantic-read claim.
local-evidence/restaurant-ai-automation,.planning/01-org/platform/engineering/teams/catalogue-identity/catalogue-identity-premortem.md,.md,7280,e07d3627732c4ad826999ea9d4ef122e6afd4a8bbbf9bdc018a783631adfbc66,Catalogue & Identity — Premortem,2026-08-24,inventoried_only,Metadata only; no semantic-read claim.
local-evidence/restaurant-ai-automation,.planning/01-org/platform/engineering/teams/catalogue-identity/catalogue-identity-questions.md,.md,1906,5d1e7bf5d8168ff6aa5e4e71f737b25acaf1698097cdd101358464668da6951e,Catalogue & Identity — Questions & Findings,2026-08-24,inventoried_only,Metadata only; no semantic-read claim.
local-evidence/restaurant-ai-automation,.planning/01-org/platform/engineering/teams/catalogue-identity/catalogue-identity-schedule.md,.md,2767,596e932bdaafcd93cad47fc1347331da092f172458856f75b9416af2c492d3da,Catalogue & Identity — Schedule & Skills,2026-08-24,inventoried_only,Metadata only; no semantic-read claim.
local-evidence/restaurant-ai-automation,.planning/01-org/platform/engineering/teams/client-surfaces/client-surfaces-agenda-board.md,.md,2106,fea539f6c18273bc462792efde669b7f4b3f9ca027d374d2a331aecdab310320,Client Surfaces — Board,2026-08-24,inventoried_only,Metadata only; no semantic-read claim.
local-evidence/restaurant-ai-automation,.planning/01-org/platform/engineering/teams/client-surfaces/client-surfaces-agenda-full.md,.md,5169,d991d37ae66f403887febf05ae1684c2e19137e558bf81a7615e8926cce52577,Client Surfaces — Full Agenda,2026-08-24,inventoried_only,Metadata only; no semantic-read claim.
local-evidence/restaurant-ai-automation,.planning/01-org/platform/engineering/teams/client-surfaces/client-surfaces-agent-stack.md,.md,8783,ca145e5a24e042275dc085648e48e1e829106abacf0a1b9a3709ae61c4caccf3,Client Surfaces — Agent Stack,2026-08-27,inventoried_only,Metadata only; no semantic-read claim.
local-evidence/restaurant-ai-automation,.planning/01-org/platform/engineering/teams/client-surfaces/client-surfaces-charter.md,.md,5185,b9d3ee82b8e3b23d3002e76bfda841e2cf3e176f805ae64980e4efe1d7fc6b64,Client Surfaces — Charter,2026-08-24,inventoried_only,Metadata only; no semantic-read claim.
local-evidence/restaurant-ai-automation,.planning/01-org/platform/engineering/teams/client-surfaces/client-surfaces-directive.md,.md,4422,1c8ece679156b804a0e5acce23e9b5ca29dc5ba7f027f987ce27b887fc2a080d,Client Surfaces — Directive,2026-08-24,inventoried_only,Metadata only; no semantic-read claim.
local-evidence/restaurant-ai-automation,.planning/01-org/platform/engineering/teams/client-surfaces/client-surfaces-loops.md,.md,5416,3ac423c1a2997599dcc6f2a2dbe73611b38f1f87ec5fbd5039130eba04c67312,Client Surfaces — Loops,2026-08-24,inventoried_only,Metadata only; no semantic-read claim.
local-evidence/restaurant-ai-automation,.planning/01-org/platform/engineering/teams/client-surfaces/client-surfaces-premortem.md,.md,7279,14bcc535f4f48cfc756568e2e9dc03a176168b41dd530659c81573b12fdeec43,Client Surfaces — Premortem,2026-08-24,inventoried_only,Metadata only; no semantic-read claim.
local-evidence/restaurant-ai-automation,.planning/01-org/platform/engineering/teams/client-surfaces/client-surfaces-questions.md,.md,3959,b1ad9f1ca80ddb00097047f14080b8dd4e3a18f7d568b703b70c28ab0e0a215c,Client Surfaces — Questions & Findings,2026-08-24,inventoried_only,Metadata only; no semantic-read claim.
local-evidence/restaurant-ai-automation,.planning/01-org/platform/engineering/teams/client-surfaces/client-surfaces-schedule.md,.md,2816,ea496846a808a32cb67879be930fbd01c53a67a2fac959a2a2f3353ca7a8d721,Client Surfaces — Schedule & Skills,2026-08-24,inventoried_only,Metadata only; no semantic-read claim.
local-evidence/restaurant-ai-automation,.planning/01-org/platform/engineering/teams/integration-engineering/integration-engineering-agenda-board.md,.md,2380,f872fd6da2414aa2bc122914670017734a411edfbc3ec7da7fdd3ef9103942b0,Integration Engineering — Board,2026-08-24,inventoried_only,Metadata only; no semantic-read claim.
local-evidence/restaurant-ai-automation,.planning/01-org/platform/engineering/teams/integration-engineering/integration-engineering-agenda-full.md,.md,5623,3046d40e673434145f628c337e189f0a0f31474c2f52cce7c43fb5129778e981,Integration Engineering — Full Agenda,2026-08-24,inventoried_only,Metadata only; no semantic-read claim.
local-evidence/restaurant-ai-automation,.planning/01-org/platform/engineering/teams/integration-engineering/integration-engineering-agent-stack.md,.md,9853,541fa6e15b0a870f69de406e602cec0358ab30b96056b1847e36bd8903c8c162,Integration Engineering — the wire — Agent Stack,2026-08-27,inventoried_only,Metadata only; no semantic-read claim.
local-evidence/restaurant-ai-automation,.planning/01-org/platform/engineering/teams/integration-engineering/integration-engineering-charter.md,.md,5931,0101ab533552c5b70078256fe86f67526b9a63199928b9169ae241a50b6d018c,Integration Engineering — the wire — Charter,2026-08-24,inventoried_only,Metadata only; no semantic-read claim.
local-evidence/restaurant-ai-automation,.planning/01-org/platform/engineering/teams/integration-engineering/integration-engineering-directive.md,.md,5113,b6c0895cfd7f7c4466f35179ce51c0e72949c99e5979dbcaf25b37eddd3449ea,Integration Engineering — Directive,2026-08-24,inventoried_only,Metadata only; no semantic-read claim.
local-evidence/restaurant-ai-automation,.planning/01-org/platform/engineering/teams/integration-engineering/integration-engineering-loops.md,.md,6196,749ea8776d29cdccb7a8e17eacda462a92f911363e78da0ec89f1a76e229cf9d,Integration Engineering — Loops,2026-08-24,inventoried_only,Metadata only; no semantic-read claim.
local-evidence/restaurant-ai-automation,.planning/01-org/platform/engineering/teams/integration-engineering/integration-engineering-premortem.md,.md,7691,8b08c231724972caa2e4e361f2b5bb16c6c8366dac2dda98fe875d60c4071482,Integration Engineering — Premortem,2026-09-01,inventoried_only,Metadata only; no semantic-read claim.
local-evidence/restaurant-ai-automation,.planning/01-org/platform/engineering/teams/integration-engineering/integration-engineering-questions.md,.md,1924,25aa3930e2ee5b61abd01bf940e48cd63d0204f011767acb9f2597ca043fd38e,Integration Engineering — Questions & Findings,2026-08-24,inventoried_only,Metadata only; no semantic-read claim.
local-evidence/restaurant-ai-automation,.planning/01-org/platform/engineering/teams/integration-engineering/integration-engineering-schedule.md,.md,3282,621260b317e6e80470ca6987c5eb82290df9b0aeb262bd1124b0228c204476ca,Integration Engineering — Schedule & Skills,2026-08-24,inventoried_only,Metadata only; no semantic-read claim.
local-evidence/restaurant-ai-automation,.planning/01-org/platform/engineering/teams/inventory-ledger/inventory-ledger-agenda-board.md,.md,1846,f88f2754e9836f4eabb80471c35b8ad347da2adb4723f0bcb8c7a5babc5ef030,Inventory & Ledger — Board,2026-08-24,inventoried_only,Metadata only; no semantic-read claim.
local-evidence/restaurant-ai-automation,.planning/01-org/platform/engineering/teams/inventory-ledger/inventory-ledger-agenda-full.md,.md,5257,57fe6e222ff7891c82a01ae19c1fc3b7b7c435f221427b36b06b0c2f7cc61805,Inventory & Ledger — Full Agenda,2026-08-24,inventoried_only,Metadata only; no semantic-read claim.
local-evidence/restaurant-ai-automation,.planning/01-org/platform/engineering/teams/inventory-ledger/inventory-ledger-agent-stack.md,.md,9785,fa02b6982323798a79c46700ae2387f0fd16a0e8db02d1dae15c9f8a59244996,Inventory & Ledger — Agent Stack,2026-08-27,inventoried_only,Metadata only; no semantic-read claim.
local-evidence/restaurant-ai-automation,.planning/01-org/platform/engineering/teams/inventory-ledger/inventory-ledger-charter.md,.md,4960,001f8179998ebd454cac93e44a9eae7aabb3b95b16962990ae409b915ca87236,Inventory & Ledger — Charter,2026-08-24,inventoried_only,Metadata only; no semantic-read claim.
local-evidence/restaurant-ai-automation,.planning/01-org/platform/engineering/teams/inventory-ledger/inventory-ledger-directive.md,.md,4166,7afc90a34bb0f276029699dfad7d05c6e1da523ded6c3fdc08fa591a2964d0ce,Inventory & Ledger — Directive,2026-08-24,inventoried_only,Metadata only; no semantic-read claim.
local-evidence/restaurant-ai-automation,.planning/01-org/platform/engineering/teams/inventory-ledger/inventory-ledger-loops.md,.md,5186,428bedbc78818807a598c30339dce61099faed2cd4df09bbc421f0082742db9f,Inventory & Ledger — Loops,2026-08-24,inventoried_only,Metadata only; no semantic-read claim.
local-evidence/restaurant-ai-automation,.planning/01-org/platform/engineering/teams/inventory-ledger/inventory-ledger-premortem.md,.md,7300,7ee24179aa8c693a9c0fd2bcbeb2be539dae27f9c8dd954831552d308ad0a1e6,Inventory & Ledger — Premortem,2026-08-24,inventoried_only,Metadata only; no semantic-read claim.
local-evidence/restaurant-ai-automation,.planning/01-org/platform/engineering/teams/inventory-ledger/inventory-ledger-questions.md,.md,1898,1141f143a958149f7832f82da2b811008f590dd81c9463ac3da457783b859787,Inventory & Ledger — Questions & Findings,2026-08-24,inventoried_only,Metadata only; no semantic-read claim.
local-evidence/restaurant-ai-automation,.planning/01-org/platform/engineering/teams/inventory-ledger/inventory-ledger-schedule.md,.md,2785,17268cd38148968f8d87929fd85fd727f894b9e62f1275d92e0d3dcb192d05b9,Inventory & Ledger — Schedule & Skills,2026-08-24,inventoried_only,Metadata only; no semantic-read claim.
local-evidence/restaurant-ai-automation,.planning/01-org/platform/engineering/teams/messaging-delivery/messaging-delivery-agenda-board.md,.md,2001,c82fdf6fdce074e3445a9717b45d1cbb243f4a723d46a789bb5e486026e511a2,Messaging & Delivery — Board,2026-08-24,inventoried_only,Metadata only; no semantic-read claim.
local-evidence/restaurant-ai-automation,.planning/01-org/platform/engineering/teams/messaging-delivery/messaging-delivery-agenda-full.md,.md,5442,dc478c888f28ec573e1605b3ed5cacc544fd0f26285c58ceb24a45b4e2060a49,Messaging & Delivery — Full Agenda,2026-08-24,inventoried_only,Metadata only; no semantic-read claim.
local-evidence/restaurant-ai-automation,.planning/01-org/platform/engineering/teams/messaging-delivery/messaging-delivery-agent-stack.md,.md,10093,3640e00e2b9de6b07c507e8063b8a8e9e426ed0f50a1cf862f90b8795bf096d7,Messaging & Delivery — Agent Stack,2026-08-27,inventoried_only,Metadata only; no semantic-read claim.
local-evidence/restaurant-ai-automation,.planning/01-org/platform/engineering/teams/messaging-delivery/messaging-delivery-charter.md,.md,5312,58cb6dea7e428bb1cb5ff7ef3c3a5c62c274daf50bc6e9c7bd34be15b2eece47,Messaging & Delivery — Charter,2026-08-24,inventoried_only,Metadata only; no semantic-read claim.
local-evidence/restaurant-ai-automation,.planning/01-org/platform/engineering/teams/messaging-delivery/messaging-delivery-directive.md,.md,4444,fbd87ff767ad60c032ff0ac7bb507a1da0ee0dec5f32b7b7af9c027b90001a7a,Messaging & Delivery — Directive,2026-08-24,inventoried_only,Metadata only; no semantic-read claim.
local-evidence/restaurant-ai-automation,.planning/01-org/platform/engineering/teams/messaging-delivery/messaging-delivery-loops.md,.md,5318,2caa621fa55e8ecaea6766fa02671d1b841d8d311333ab551b0e2b7170cb8b50,Messaging & Delivery — Loops,2026-08-24,inventoried_only,Metadata only; no semantic-read claim.
local-evidence/restaurant-ai-automation,.planning/01-org/platform/engineering/teams/messaging-delivery/messaging-delivery-premortem.md,.md,7273,a35db85b1849a0b81593a70b63869a988cbf0428a18ae56562c8ff7536fec2d8,Messaging & Delivery — Premortem,2026-08-24,inventoried_only,Metadata only; no semantic-read claim.
local-evidence/restaurant-ai-automation,.planning/01-org/platform/engineering/teams/messaging-delivery/messaging-delivery-questions.md,.md,1906,9f71876eab94da75264d546d0b5994bc6ce87fda5f30493813713809e1377e1a,Messaging & Delivery — Questions & Findings,2026-08-24,inventoried_only,Metadata only; no semantic-read claim.
local-evidence/restaurant-ai-automation,.planning/01-org/platform/engineering/teams/messaging-delivery/messaging-delivery-schedule.md,.md,3037,6afdfb310bd810f68a9b56f7025b0f706ad787f7ce49f0ebd360c9f64ccfd702,Messaging & Delivery — Schedule & Skills,2026-08-24,inventoried_only,Metadata only; no semantic-read claim.
local-evidence/restaurant-ai-automation,.planning/01-org/platform/engineering/teams/platform-api/platform-api-agenda-board.md,.md,2715,8b87821c90f3c25a0dce9abca2a9f359f5ac55b6e6dd6a4e13d44d8ee9f3cd4a,Platform & API — Board,2026-09-01,inventoried_only,Metadata only; no semantic-read claim.
local-evidence/restaurant-ai-automation,.planning/01-org/platform/engineering/teams/platform-api/platform-api-agenda-full.md,.md,6504,40bcd196108ab8ce359a9e7054eb8a20a0362b6d356480e8a08b6c3e9d68edd1,Platform & API — Full Agenda,2026-09-01,inventoried_only,Metadata only; no semantic-read claim.
local-evidence/restaurant-ai-automation,.planning/01-org/platform/engineering/teams/platform-api/platform-api-agent-stack.md,.md,9612,c85ef0878d7895212729428ae95fe1f0afe17e126a9964c1ca71d860be72c841,Platform & API — Agent Stack,2026-08-27,inventoried_only,Metadata only; no semantic-read claim.
local-evidence/restaurant-ai-automation,.planning/01-org/platform/engineering/teams/platform-api/platform-api-charter.md,.md,6434,88069753002596004bc796b89f3da40241b5ef45fc3f03da43751092c0d95bae,Platform & API — Charter,2026-09-01,inventoried_only,Metadata only; no semantic-read claim.
local-evidence/restaurant-ai-automation,.planning/01-org/platform/engineering/teams/platform-api/platform-api-directive.md,.md,4536,84c7210a4045c8493d916f54555bd7ce0007f02c5a8fcf561ddc1d6719c626a2,Platform & API — Directive,2026-08-24,inventoried_only,Metadata only; no semantic-read claim.
local-evidence/restaurant-ai-automation,.planning/01-org/platform/engineering/teams/platform-api/platform-api-loops.md,.md,5847,abc3f2c0aa8656c5c0a629b38b1795c1d53ceee083bdb8a0f9b30e742438c8df,Platform & API — Loops,2026-08-24,inventoried_only,Metadata only; no semantic-read claim.
local-evidence/restaurant-ai-automation,.planning/01-org/platform/engineering/teams/platform-api/platform-api-premortem.md,.md,8119,5928e9627538937c32f813c1c4c66bd6f2e9765da13439f63ea7c6079a986bad,Platform & API — Premortem,2026-09-01,inventoried_only,Metadata only; no semantic-read claim.
local-evidence/restaurant-ai-automation,.planning/01-org/platform/engineering/teams/platform-api/platform-api-questions.md,.md,3095,8f483edf2411e3fb958f7822a80a3a0b53b4c54482574db4a0e68407bd8d4069,Platform & API — Questions & Findings,2026-09-01,inventoried_only,Metadata only; no semantic-read claim.
local-evidence/restaurant-ai-automation,.planning/01-org/platform/engineering/teams/platform-api/platform-api-schedule.md,.md,2853,0d668bfeea0a986cbd7fed1fd4304d5a67a0e65a7641138fe9ea95862c50e369,Platform & API — Schedule & Skills,2026-08-24,inventoried_only,Metadata only; no semantic-read claim.
local-evidence/restaurant-ai-automation,.planning/01-org/platform/engineering/teams/procurement-vendor-network/procurement-vendor-network-agenda-board.md,.md,2934,79143e33ec4b74e26df7ae9aff44ae7b11b07d20b6e77ecf7ca246fd81299e93,Procurement & Vendor Network — Board,2026-09-01,inventoried_only,Metadata only; no semantic-read claim.
local-evidence/restaurant-ai-automation,.planning/01-org/platform/engineering/teams/procurement-vendor-network/procurement-vendor-network-agenda-full.md,.md,6112,e19b6fdfc663e446576ebe3a0d835020f1c8e62cd40fe7d80af6ba33f7776505,Procurement & Vendor Network — Full Agenda,2026-09-01,inventoried_only,Metadata only; no semantic-read claim.
local-evidence/restaurant-ai-automation,.planning/01-org/platform/engineering/teams/procurement-vendor-network/procurement-vendor-network-agent-stack.md,.md,10971,6df0a4804a9cf24ce302673acaeef52610a21e1adbd0d0b0752212063366ba88,Procurement & Vendor Network — Agent Stack,2026-09-01,inventoried_only,Metadata only; no semantic-read claim.
local-evidence/restaurant-ai-automation,.planning/01-org/platform/engineering/teams/procurement-vendor-network/procurement-vendor-network-charter.md,.md,7720,710e5fe5544cb90c7948c786cbdbf3fc47d90d88499678c2b2b62d57d1309e66,Procurement & Vendor Network — Charter,2026-09-01,inventoried_only,Metadata only; no semantic-read claim.
local-evidence/restaurant-ai-automation,.planning/01-org/platform/engineering/teams/procurement-vendor-network/procurement-vendor-network-directive.md,.md,4304,be638448e206dec979cfcbb7a1b83b60f0a559c9a70b3030c77e48163909e414,Procurement & Vendor Network — Directive,2026-08-24,inventoried_only,Metadata only; no semantic-read claim.
local-evidence/restaurant-ai-automation,.planning/01-org/platform/engineering/teams/procurement-vendor-network/procurement-vendor-network-loops.md,.md,5748,a70f2e4176dcc5d085c741e343832dd05cf46f5dc8ae58c079e4a06507da692a,Procurement & Vendor Network — Loops,2026-09-01,inventoried_only,Metadata only; no semantic-read claim.
local-evidence/restaurant-ai-automation,.planning/01-org/platform/engineering/teams/procurement-vendor-network/procurement-vendor-network-premortem.md,.md,9361,048930373fd89b7b3d8d1321a8e95cd1a15e95da0b41d70143d578d00f6749d4,Procurement & Vendor Network — Premortem,2026-09-01,inventoried_only,Metadata only; no semantic-read claim.
local-evidence/restaurant-ai-automation,.planning/01-org/platform/engineering/teams/procurement-vendor-network/procurement-vendor-network-questions.md,.md,1938,c469837161d7ba6180e139f13e4aed6bb89cc643002180f4c999b7ffea038591,Procurement & Vendor Network — Questions & Findings,2026-08-24,inventoried_only,Metadata only; no semantic-read claim.
local-evidence/restaurant-ai-automation,.planning/01-org/platform/engineering/teams/procurement-vendor-network/procurement-vendor-network-schedule.md,.md,3009,569b398c72308c516c0511353a02b9e59f6e9cbefda6179ccfb68f086d34a64c,Procurement & Vendor Network — Schedule & Skills,2026-08-24,inventoried_only,Metadata only; no semantic-read claim.
local-evidence/restaurant-ai-automation,.planning/01-org/platform/engineering/teams/schema-migrations/schema-migrations-agenda-board.md,.md,2391,e604b4abe5e1d81c0fa8e740cdb7c8898a8523d288bd7aa513cb953eb8d900c9,Schema & Migrations — Board,2026-08-24,inventoried_only,Metadata only; no semantic-read claim.
local-evidence/restaurant-ai-automation,.planning/01-org/platform/engineering/teams/schema-migrations/schema-migrations-agenda-full.md,.md,5588,7197ea295256d2238d4a2fb93bfe2ad8d536a32503a55698c4e25f9b0d36c3c5,Schema & Migrations — Full Agenda,2026-08-24,inventoried_only,Metadata only; no semantic-read claim.
local-evidence/restaurant-ai-automation,.planning/01-org/platform/engineering/teams/schema-migrations/schema-migrations-agent-stack.md,.md,10278,1f210bdf73d169218a133e33e8382ce64be8d10b2bed98b4d3752b4878629f7d,Schema & Migrations — Agent Stack,2026-08-27,inventoried_only,Metadata only; no semantic-read claim.
local-evidence/restaurant-ai-automation,.planning/01-org/platform/engineering/teams/schema-migrations/schema-migrations-charter.md,.md,5024,f880da9462538048f531bda0788a328798c2419ecdda386d17ee1d5e6730f7e2,Schema & Migrations — Charter,2026-08-24,inventoried_only,Metadata only; no semantic-read claim.
local-evidence/restaurant-ai-automation,.planning/01-org/platform/engineering/teams/schema-migrations/schema-migrations-directive.md,.md,4956,5e02cbb93cfa975bb83e4f4d982d86b96bc976845e5635f2fab4d58642bf307a,Schema & Migrations — Directive,2026-08-24,inventoried_only,Metadata only; no semantic-read claim.
local-evidence/restaurant-ai-automation,.planning/01-org/platform/engineering/teams/schema-migrations/schema-migrations-loops.md,.md,6067,4271233d979aa00b5df92fb930f489f05595c9a22cb8ec62683d9d2d173780d3,Schema & Migrations — Loops,2026-08-24,inventoried_only,Metadata only; no semantic-read claim.
local-evidence/restaurant-ai-automation,.planning/01-org/platform/engineering/teams/schema-migrations/schema-migrations-premortem.md,.md,7455,33aada4c5dce04194d5f74f7ffcad96a074d593cd3bdca42b8552f010dc95595,Schema & Migrations — Premortem,2026-08-24,inventoried_only,Metadata only; no semantic-read claim.
local-evidence/restaurant-ai-automation,.planning/01-org/platform/engineering/teams/schema-migrations/schema-migrations-questions.md,.md,2805,5a9670c50baf90d09f7dc1f0db701d3a1d7d29e0d7ecc0c4d0403c27e5ac254c,Schema & Migrations — Questions & Findings,2026-08-24,inventoried_only,Metadata only; no semantic-read claim.
local-evidence/restaurant-ai-automation,.planning/01-org/platform/engineering/teams/schema-migrations/schema-migrations-schedule.md,.md,3304,8297bfdcbf2bf09d04ac206eab12dbe1bb67762635dc8df19af26087836d88b5,Schema & Migrations — Schedule & Skills,2026-08-24,inventoried_only,Metadata only; no semantic-read claim.
local-evidence/restaurant-ai-automation,.planning/01-org/platform/reliability-sre/reliability-sre-agenda-board.md,.md,6485,8441d4bd7242c94a150124ea31335757ceddd7d1f060c51d2d8b3c992e1fec14,Reliability / SRE — Board,2026-08-28,inventoried_only,Metadata only; no semantic-read claim.
local-evidence/restaurant-ai-automation,.planning/01-org/platform/reliability-sre/reliability-sre-agenda-full.md,.md,29700,a2d028025d7e663c90c8382cc100bec830ab2f163521bd689391887b8231bcbc,"Reliability / SRE — Agenda, 2026-08-28",2026-08-28,inventoried_only,Metadata only; no semantic-read claim.
local-evidence/restaurant-ai-automation,.planning/01-org/platform/reliability-sre/reliability-sre-agent-stack.md,.md,8237,9d81dd05fec222549c4a3772b8c0052ed6e8f3fb80d42d18b48ce7f036d74513,Reliability / SRE — Agent Stack,2026-08-27,inventoried_only,Metadata only; no semantic-read claim.
local-evidence/restaurant-ai-automation,.planning/01-org/platform/reliability-sre/reliability-sre-charter.md,.md,11721,5893277489f0663ce41b59fac8e7a28051554945e53dba2e130164560969676c,Reliability / SRE — Charter,2026-08-24,inventoried_only,Metadata only; no semantic-read claim.
local-evidence/restaurant-ai-automation,.planning/01-org/platform/reliability-sre/reliability-sre-directive.md,.md,4485,7ea53a64cc8f8ad8ce95d640c8a6764aea067003aaae09ff1327ef5eb231d9d7,Reliability / SRE — Directive,2026-08-24,inventoried_only,Metadata only; no semantic-read claim.
local-evidence/restaurant-ai-automation,.planning/01-org/platform/reliability-sre/reliability-sre-loops.md,.md,6488,f64773422d497f09c8cbfafe3859d4ff33997dde1ce063e08f121a74c9b38e6f,Reliability / SRE — Loops,2026-08-24,inventoried_only,Metadata only; no semantic-read claim.
local-evidence/restaurant-ai-automation,.planning/01-org/platform/reliability-sre/reliability-sre-premortem.md,.md,8087,34bda97095e2e3f5955aef651500f93656c1b72bc6598e814f5d6baaf7ecf8a7,Reliability / SRE — Premortem,2026-08-24,inventoried_only,Metadata only; no semantic-read claim.
local-evidence/restaurant-ai-automation,.planning/01-org/platform/reliability-sre/reliability-sre-questions.md,.md,1876,60d5cf20bd06573d0d94167f65506f572f80af0a9f0033dc1f9e7fe6dbd860be,Reliability / SRE — Questions & Findings,2026-08-24,inventoried_only,Metadata only; no semantic-read claim.
local-evidence/restaurant-ai-automation,.planning/01-org/platform/reliability-sre/reliability-sre-schedule.md,.md,4878,36af9e9edb3a001730fccad8ba728ca53d88e902d4b8422a3e723d7ef9f62228,Reliability / SRE — Schedule & Skills,2026-08-24,inventoried_only,Metadata only; no semantic-read claim.
local-evidence/restaurant-ai-automation,.planning/01-org/platform/reliability-sre/teams/observability-telemetry-plumbing/observability-telemetry-plumbing-agenda-board.md,.md,2507,e49d99bbcdfbd585d46c05927be8907238930491b423b797d4fdacec2d6ef85e,Observability & Telemetry Plumbing — Board,2026-08-24,inventoried_only,Metadata only; no semantic-read claim.
local-evidence/restaurant-ai-automation,.planning/01-org/platform/reliability-sre/teams/observability-telemetry-plumbing/observability-telemetry-plumbing-agenda-full.md,.md,4991,264dbf141559e43290b60d7463a9ae9b3d07689707990b02674e35be0b9afe58,Observability & Telemetry Plumbing — Full Agenda,2026-08-24,inventoried_only,Metadata only; no semantic-read claim.
local-evidence/restaurant-ai-automation,.planning/01-org/platform/reliability-sre/teams/observability-telemetry-plumbing/observability-telemetry-plumbing-agent-stack.md,.md,9518,fbba3843d5146048e614fceafa0411714a88386b9226189bb7ef4ae17786ea01,Observability & Telemetry Plumbing — Agent Stack,2026-08-27,inventoried_only,Metadata only; no semantic-read claim.
local-evidence/restaurant-ai-automation,.planning/01-org/platform/reliability-sre/teams/observability-telemetry-plumbing/observability-telemetry-plumbing-charter.md,.md,6781,95724155267a5297f2df934b2f92b2f5f8077d4ac2391a3cd7346c752e813230,Observability & Telemetry Plumbing — Charter,2026-08-24,inventoried_only,Metadata only; no semantic-read claim.
local-evidence/restaurant-ai-automation,.planning/01-org/platform/reliability-sre/teams/observability-telemetry-plumbing/observability-telemetry-plumbing-directive.md,.md,3813,b935dbd9e7a335b01e8f134fa3c1d7e4be210271bd1286fe5057e7ee49d1b05c,Observability & Telemetry Plumbing — Directive,2026-08-24,inventoried_only,Metadata only; no semantic-read claim.
local-evidence/restaurant-ai-automation,.planning/01-org/platform/reliability-sre/teams/observability-telemetry-plumbing/observability-telemetry-plumbing-loops.md,.md,5765,8c3b1385f92eb7a5eba2e6d4f4f8fee92f94120d53dde8a3bef621680058550b,Observability & Telemetry Plumbing — Loops,2026-08-24,inventoried_only,Metadata only; no semantic-read claim.
local-evidence/restaurant-ai-automation,.planning/01-org/platform/reliability-sre/teams/observability-telemetry-plumbing/observability-telemetry-plumbing-premortem.md,.md,7552,0f4ef6bab5241051243a2a4d6254961b2e325fe42223718c06677765fdfa7cde,Observability & Telemetry Plumbing — Premortem,2026-08-24,inventoried_only,Metadata only; no semantic-read claim.
local-evidence/restaurant-ai-automation,.planning/01-org/platform/reliability-sre/teams/observability-telemetry-plumbing/observability-telemetry-plumbing-questions.md,.md,1966,2b9eee709d1bf451b4f72420bc8f3c8f04f63579fe1d52ce41cf18603aa9210b,Observability & Telemetry Plumbing — Questions & Findings,2026-08-24,inventoried_only,Metadata only; no semantic-read claim.
local-evidence/restaurant-ai-automation,.planning/01-org/platform/reliability-sre/teams/observability-telemetry-plumbing/observability-telemetry-plumbing-schedule.md,.md,4712,bd02cc7fad50bfc6510a71d70c05ff50f8673cb334b434b2fe4cf69a04eba504,Observability & Telemetry Plumbing — Schedule & Skills,2026-08-24,inventoried_only,Metadata only; no semantic-read claim.
local-evidence/restaurant-ai-automation,.planning/01-org/platform/reliability-sre/teams/release-engineering/release-engineering-agenda-board.md,.md,2588,2db8ecbe1ff09d768b20996ec63d03283bd0ce6813d28fdc0357732095b22abb,Release Engineering — Board,2026-08-24,inventoried_only,Metadata only; no semantic-read claim.
local-evidence/restaurant-ai-automation,.planning/01-org/platform/reliability-sre/teams/release-engineering/release-engineering-agenda-full.md,.md,5443,d01e93686fbd33326ad4d573d3731587b5903c0a75040448911f9419e1eb1f52,Release Engineering — Full Agenda,2026-08-24,inventoried_only,Metadata only; no semantic-read claim.
local-evidence/restaurant-ai-automation,.planning/01-org/platform/reliability-sre/teams/release-engineering/release-engineering-agent-stack.md,.md,10044,8f420a4c2bc8a61a4b372c23dfcd2c613707c2e54a870591149a3ee829207d58,Release Engineering — Agent Stack,2026-08-27,inventoried_only,Metadata only; no semantic-read claim.
local-evidence/restaurant-ai-automation,.planning/01-org/platform/reliability-sre/teams/release-engineering/release-engineering-charter.md,.md,6706,4afcae365baa23245ebbe1f81a2348321723c58c9a6086e879090ab9b56142e5,Release Engineering — Charter,2026-08-24,inventoried_only,Metadata only; no semantic-read claim.
local-evidence/restaurant-ai-automation,.planning/01-org/platform/reliability-sre/teams/release-engineering/release-engineering-directive.md,.md,4360,5939604219c70c4ce08ad96b871fe5616cf91626298c6faf69d5e9164a07e631,Release Engineering — Directive,2026-08-24,inventoried_only,Metadata only; no semantic-read claim.
local-evidence/restaurant-ai-automation,.planning/01-org/platform/reliability-sre/teams/release-engineering/release-engineering-loops.md,.md,5693,51c10ca24c47c1a2f12ad74689f0d102896df969fd0b5c796127abef1d5a1676,Release Engineering — Loops,2026-08-24,inventoried_only,Metadata only; no semantic-read claim.
local-evidence/restaurant-ai-automation,.planning/01-org/platform/reliability-sre/teams/release-engineering/release-engineering-premortem.md,.md,7543,a17d65dfa76662d45b820dc2c0f6559c18d1f3d6ecbd1cc3732c8456514812cf,Release Engineering — Premortem,2026-08-24,inventoried_only,Metadata only; no semantic-read claim.
local-evidence/restaurant-ai-automation,.planning/01-org/platform/reliability-sre/teams/release-engineering/release-engineering-questions.md,.md,1912,93b28ad96abd6e5e921595244e60db70f82c5a7292d1a9a03e4c5831b8921dd7,Release Engineering — Questions & Findings,2026-08-24,inventoried_only,Metadata only; no semantic-read claim.
local-evidence/restaurant-ai-automation,.planning/01-org/platform/reliability-sre/teams/release-engineering/release-engineering-schedule.md,.md,4888,7ddcea05e8a232ca8a59ef3dfb3faaa520f80466404c76738231ee38c988c702,Release Engineering — Schedule & Skills,2026-08-24,inventoried_only,Metadata only; no semantic-read claim.
local-evidence/restaurant-ai-automation,.planning/01-org/platform/reliability-sre/teams/runtime-resilience/runtime-resilience-agenda-board.md,.md,2689,fb498fba6c181e58923b81b8ee50243ddc0b6e59b7e1daa9af7cfceb96acc3e4,Runtime Resilience — Board,2026-08-24,inventoried_only,Metadata only; no semantic-read claim.
local-evidence/restaurant-ai-automation,.planning/01-org/platform/reliability-sre/teams/runtime-resilience/runtime-resilience-agenda-full.md,.md,5803,9849b0a69f141902acd16377c57ccc16ef4da6cff4e6601c98a30816497bac9d,Runtime Resilience — Full Agenda,2026-08-24,inventoried_only,Metadata only; no semantic-read claim.
local-evidence/restaurant-ai-automation,.planning/01-org/platform/reliability-sre/teams/runtime-resilience/runtime-resilience-agent-stack.md,.md,10420,bcb306d280de896deaa151d8869018c939968eb00e37c78c652232acec9e3b60,Runtime Resilience — Agent Stack,2026-08-27,inventoried_only,Metadata only; no semantic-read claim.
local-evidence/restaurant-ai-automation,.planning/01-org/platform/reliability-sre/teams/runtime-resilience/runtime-resilience-charter.md,.md,6223,efc7f628016d488238f4be10f47992bb95415f84fd853351db5bd22e6c053f04,Runtime Resilience — Charter,2026-08-24,inventoried_only,Metadata only; no semantic-read claim.
local-evidence/restaurant-ai-automation,.planning/01-org/platform/reliability-sre/teams/runtime-resilience/runtime-resilience-directive.md,.md,4202,85bbbf9e45adf5cf4818ea3957bdb6612fe3e0b04aae8fe4d1e51d03dcabf122,Runtime Resilience — Directive,2026-08-24,inventoried_only,Metadata only; no semantic-read claim.
local-evidence/restaurant-ai-automation,.planning/01-org/platform/reliability-sre/teams/runtime-resilience/runtime-resilience-loops.md,.md,5973,134b75e02611ab6249b829a92c7284cf8b5d573363cab7f4322f302c7e4b0a7a,Runtime Resilience — Loops,2026-08-24,inventoried_only,Metadata only; no semantic-read claim.
local-evidence/restaurant-ai-automation,.planning/01-org/platform/reliability-sre/teams/runtime-resilience/runtime-resilience-premortem.md,.md,7993,f51f1f3166e5dc06e06a75ffef8800b07f97321dd6c972e65d00d8da6318ea46,Runtime Resilience — Premortem,2026-08-24,inventoried_only,Metadata only; no semantic-read claim.
local-evidence/restaurant-ai-automation,.planning/01-org/platform/reliability-sre/teams/runtime-resilience/runtime-resilience-questions.md,.md,2508,e018b03157bf44193a0a57cf7a2c8a0c58f118fb0f606d95fb18b8f22b4bddf6,Runtime Resilience — Questions & Findings,2026-08-24,inventoried_only,Metadata only; no semantic-read claim.
local-evidence/restaurant-ai-automation,.planning/01-org/platform/reliability-sre/teams/runtime-resilience/runtime-resilience-schedule.md,.md,5074,c1124d44546417e4edd72dbe77ad7760dbc68c513d1e3834d47b0174b26b4f8f,Runtime Resilience — Schedule & Skills,2026-08-24,inventoried_only,Metadata only; no semantic-read claim.
local-evidence/restaurant-ai-automation,.planning/01-org/platform/reliability-sre/teams/state-integrity-invariants/state-integrity-invariants-agenda-board.md,.md,3339,4b62e0bfe3a8f9b8ee1b7aff7826b214973e963ce426d34b9567ec1ae940ce25,State Integrity & Invariants — Board,2026-08-24,inventoried_only,Metadata only; no semantic-read claim.
local-evidence/restaurant-ai-automation,.planning/01-org/platform/reliability-sre/teams/state-integrity-invariants/state-integrity-invariants-agenda-full.md,.md,5901,c6fa7b9d8fb0565ed5693cbf610647c743757d20394fdf513e235d816ed50030,State Integrity & Invariants — Full Agenda,2026-08-24,inventoried_only,Metadata only; no semantic-read claim.
local-evidence/restaurant-ai-automation,.planning/01-org/platform/reliability-sre/teams/state-integrity-invariants/state-integrity-invariants-agent-stack.md,.md,11355,8bbe15c3f068786bdb6a886f3016a37b3b1b2ad226ea20a0ce360066258301fc,State Integrity & Invariants — Agent Stack,2026-08-27,inventoried_only,Metadata only; no semantic-read claim.
local-evidence/restaurant-ai-automation,.planning/01-org/platform/reliability-sre/teams/state-integrity-invariants/state-integrity-invariants-charter.md,.md,7459,4d0f25e61b93b815c5bf69d7befc7036fa3669541725bd6616cdb4d15ed611c4,State Integrity & Invariants — Charter,2026-08-24,inventoried_only,Metadata only; no semantic-read claim.
local-evidence/restaurant-ai-automation,.planning/01-org/platform/reliability-sre/teams/state-integrity-invariants/state-integrity-invariants-directive.md,.md,4861,ac10db428e2f3cee41c51049413c31deedebd41f04f3ac7ffe6292280e0796fb,State Integrity & Invariants — Directive,2026-08-24,inventoried_only,Metadata only; no semantic-read claim.
local-evidence/restaurant-ai-automation,.planning/01-org/platform/reliability-sre/teams/state-integrity-invariants/state-integrity-invariants-loops.md,.md,6689,7168e68ecee7ede967df75391cac5375fa0ce565d899a0b1195f4fbdd16dc933,State Integrity & Invariants — Loops,2026-08-24,inventoried_only,Metadata only; no semantic-read claim.
local-evidence/restaurant-ai-automation,.planning/01-org/platform/reliability-sre/teams/state-integrity-invariants/state-integrity-invariants-premortem.md,.md,8168,b1da66e2e6eea3ae2ecc22ed3497eb76fc555fb1379f091b431413b43631d9f3,State Integrity & Invariants — Premortem,2026-08-24,inventoried_only,Metadata only; no semantic-read claim.
local-evidence/restaurant-ai-automation,.planning/01-org/platform/reliability-sre/teams/state-integrity-invariants/state-integrity-invariants-questions.md,.md,1942,244d76d4defee32026586b0be7f11a3fc56bafc7f07f5e5c2c3479750011105c,State Integrity & Invariants — Questions & Findings,2026-08-24,inventoried_only,Metadata only; no semantic-read claim.
local-evidence/restaurant-ai-automation,.planning/01-org/platform/reliability-sre/teams/state-integrity-invariants/state-integrity-invariants-schedule.md,.md,5992,f4254afb1403c61defdb7605f506f5ad79cc2b285e7f67f84b406ca482732a7b,State Integrity & Invariants — Schedule & Skills,2026-08-24,inventoried_only,Metadata only; no semantic-read claim.
local-evidence/restaurant-ai-automation,.planning/01-org/product/design/design-agenda-board.md,.md,7528,d826c2abeb746a13a8ca74471fdec71cd32380a9f26de144bd0ee74e4183712b,Design — Board,2026-08-28,inventoried_only,Metadata only; no semantic-read claim.
local-evidence/restaurant-ai-automation,.planning/01-org/product/design/design-agenda-full.md,.md,26015,5901d4cfc6d4bbcc844cc2e71aa16d6873b3e0e0764474f57db6b039679de6ae,Design — Full Agenda,2026-08-28,inventoried_only,Metadata only; no semantic-read claim.
local-evidence/restaurant-ai-automation,.planning/01-org/product/design/design-agent-stack.md,.md,9103,1e71e8dcce015c556ec4eb917c83cce62506132d4191bc2688225866d0fa6765,Design — Agent Stack,2026-08-27,inventoried_only,Metadata only; no semantic-read claim.
local-evidence/restaurant-ai-automation,.planning/01-org/product/design/design-charter.md,.md,14004,6c5d64e80c90373d214e08f09df5540f909d954341c11d6ca2c8d3ae675040ec,Design — Charter,2026-08-24,inventoried_only,Metadata only; no semantic-read claim.
local-evidence/restaurant-ai-automation,.planning/01-org/product/design/design-directive.md,.md,7449,1f9ee6626a21265611de52d45ed4c8585c2af6291a3d835d04008a4bfdc52b17,Design — Directive,2026-08-24,inventoried_only,Metadata only; no semantic-read claim.
local-evidence/restaurant-ai-automation,.planning/01-org/product/design/design-loops.md,.md,7606,d10ee0425a9f9559b9397b639825bc18692117f5131b4a1f7470074a89f355ab,Design — Loops,2026-08-24,inventoried_only,Metadata only; no semantic-read claim.
local-evidence/restaurant-ai-automation,.planning/01-org/product/design/design-premortem.md,.md,10751,455b332de7a0e8b702c0defa86cdb6833a4723fc969218db2e1b06e2c397a8f5,Design — Premortem,2026-08-24,inventoried_only,Metadata only; no semantic-read claim.
local-evidence/restaurant-ai-automation,.planning/01-org/product/design/design-questions.md,.md,1837,c34a68d819472c8824122f4a5b8c92c553e98f0f5b0801e051fca8a8340b2c34,Design — Questions & Findings,2026-08-24,inventoried_only,Metadata only; no semantic-read claim.
local-evidence/restaurant-ai-automation,.planning/01-org/product/design/design-schedule.md,.md,5404,a740178e1b63cbcafb0bf8127a41bac03b2cf2716a9333bc7ec6a3fd8edc6160,Design — Schedule & Skills,2026-08-24,inventoried_only,Metadata only; no semantic-read claim.
local-evidence/restaurant-ai-automation,.planning/01-org/product/design/teams/activation-in-product-guidance/activation-in-product-guidance-agenda-board.md,.md,3981,39e2b5713f68dffa02a833742964d4961154e01f2bda2bc232c6a937947471fb,Activation & In-Product Guidance — Board,2026-08-24,inventoried_only,Metadata only; no semantic-read claim.
local-evidence/restaurant-ai-automation,.planning/01-org/product/design/teams/activation-in-product-guidance/activation-in-product-guidance-agenda-full.md,.md,8253,c67e9fb2892e15bbfafb7ad23dba5ffd9dbe4309e598a1ad756ddad7aed07d94,Activation & In-Product Guidance — Full Agenda,2026-08-24,inventoried_only,Metadata only; no semantic-read claim.
local-evidence/restaurant-ai-automation,.planning/01-org/product/design/teams/activation-in-product-guidance/activation-in-product-guidance-agent-stack.md,.md,10458,e496a517153954029be2f9a29c1fd0644655930728fde7c8631899245e99cee9,Activation & In-Product Guidance — Agent Stack,2026-08-27,inventoried_only,Metadata only; no semantic-read claim.
local-evidence/restaurant-ai-automation,.planning/01-org/product/design/teams/activation-in-product-guidance/activation-in-product-guidance-charter.md,.md,9420,4ab9e5a4602d7c1f419658c8b6568c256e01b1a3c6e9e69bda1bd48cca8a341a,Activation & In-Product Guidance — Charter,2026-08-24,inventoried_only,Metadata only; no semantic-read claim.
local-evidence/restaurant-ai-automation,.planning/01-org/product/design/teams/activation-in-product-guidance/activation-in-product-guidance-directive.md,.md,6959,cbce67f51600cc7bfe3b0b801651c7d1b37c9302eee775ab762f24755efa2d0a,Activation & In-Product Guidance — Directive,2026-08-24,inventoried_only,Metadata only; no semantic-read claim.
local-evidence/restaurant-ai-automation,.planning/01-org/product/design/teams/activation-in-product-guidance/activation-in-product-guidance-loops.md,.md,7076,0973728ca3dce3fa168f7d8ba17dda0bca26608efd1105b41dc778677693608b,Activation & In-Product Guidance — Loops,2026-08-24,inventoried_only,Metadata only; no semantic-read claim.
local-evidence/restaurant-ai-automation,.planning/01-org/product/design/teams/activation-in-product-guidance/activation-in-product-guidance-premortem.md,.md,9191,afe964f76dc3eccfe1fb21cf3352add8571897b4dfd9abcca59a1675fd50e730,Activation & In-Product Guidance — Premortem,2026-08-24,inventoried_only,Metadata only; no semantic-read claim.
local-evidence/restaurant-ai-automation,.planning/01-org/product/design/teams/activation-in-product-guidance/activation-in-product-guidance-questions.md,.md,1948,1dab9fffd6ae25fb39c35359cf979625417721d6952fb0cb2fea8beb4263ccd8,Activation & In-Product Guidance — Questions & Findings,2026-08-24,inventoried_only,Metadata only; no semantic-read claim.
local-evidence/restaurant-ai-automation,.planning/01-org/product/design/teams/activation-in-product-guidance/activation-in-product-guidance-schedule.md,.md,5134,1d7e20fa1b94afc24bed46bce0d154999e5dc6e69c2029c8552c44440345e697,Activation & In-Product Guidance — Schedule & Skills,2026-08-24,inventoried_only,Metadata only; no semantic-read claim.
local-evidence/restaurant-ai-automation,.planning/01-org/product/design/teams/design-system-motion-substrate/design-system-motion-substrate-agenda-board.md,.md,3986,7dd4caeee47529b122c8b9fdc52004d17ce8cfe52b6169f0143736e6066f9f92,Design System & Motion Substrate — Board,2026-08-24,inventoried_only,Metadata only; no semantic-read claim.
local-evidence/restaurant-ai-automation,.planning/01-org/product/design/teams/design-system-motion-substrate/design-system-motion-substrate-agenda-full.md,.md,8055,bcbba489f8074132c23b98df26216cb6e0231ba1cf82eac29b9b5ab4de52b083,Design System & Motion Substrate — Full Agenda,2026-08-24,inventoried_only,Metadata only; no semantic-read claim.
local-evidence/restaurant-ai-automation,.planning/01-org/product/design/teams/design-system-motion-substrate/design-system-motion-substrate-agent-stack.md,.md,9840,5a309203ebd451c30dc8e6da5e442bf66365857bfeebbe28a381300819cd9149,Design System & Motion Substrate — Agent Stack,2026-08-27,inventoried_only,Metadata only; no semantic-read claim.
local-evidence/restaurant-ai-automation,.planning/01-org/product/design/teams/design-system-motion-substrate/design-system-motion-substrate-charter.md,.md,8806,34ea9732a1c6f330e68a86876fb1f6ba4248e68d5aad026272b483c5a2b08289,Design System & Motion Substrate — Charter,2026-08-24,inventoried_only,Metadata only; no semantic-read claim.
local-evidence/restaurant-ai-automation,.planning/01-org/product/design/teams/design-system-motion-substrate/design-system-motion-substrate-directive.md,.md,6888,da975aea31cddbd86ab056bf01c47ea55b63804756e19f70755651996f9718a5,Design System & Motion Substrate — Directive,2026-08-24,inventoried_only,Metadata only; no semantic-read claim.
local-evidence/restaurant-ai-automation,.planning/01-org/product/design/teams/design-system-motion-substrate/design-system-motion-substrate-loops.md,.md,6624,5a7450bcc428768f1c6e8083859426da2d1d9f6d16e5162f7e2461cdda885d5a,Design System & Motion Substrate — Loops,2026-08-24,inventoried_only,Metadata only; no semantic-read claim.
local-evidence/restaurant-ai-automation,.planning/01-org/product/design/teams/design-system-motion-substrate/design-system-motion-substrate-premortem.md,.md,9099,e89a4922613cc2e51ae6ffeba13e1cc3a4ffaa54f4f36c8df5d3e6a0d87655fa,Design System & Motion Substrate — Premortem,2026-08-24,inventoried_only,Metadata only; no semantic-read claim.
local-evidence/restaurant-ai-automation,.planning/01-org/product/design/teams/design-system-motion-substrate/design-system-motion-substrate-questions.md,.md,1948,ad31654fcf8c905829abdb9b89b8a6bead4f36e7229ca2df7fa65c483274d249,Design System & Motion Substrate — Questions & Findings,2026-08-24,inventoried_only,Metadata only; no semantic-read claim.
local-evidence/restaurant-ai-automation,.planning/01-org/product/design/teams/design-system-motion-substrate/design-system-motion-substrate-schedule.md,.md,4756,b4aceab5b6ff5bd20c06e11c5ca41205430de01e1f89eb4613f5c340a420ef02,Design System & Motion Substrate — Schedule & Skills,2026-08-24,inventoried_only,Metadata only; no semantic-read claim.
local-evidence/restaurant-ai-automation,.planning/01-org/product/design/teams/exploration-studio/exploration-studio-agenda-board.md,.md,3740,4fae21ec5ccaca83d6c0cf3c63c76788a0321b1f9530a6b500dabef657f962c8,Exploration Studio — Board,2026-08-24,inventoried_only,Metadata only; no semantic-read claim.
local-evidence/restaurant-ai-automation,.planning/01-org/product/design/teams/exploration-studio/exploration-studio-agenda-full.md,.md,7401,9c383166f5f5aa4c2f529073fbbb9c3d65e337a0cbc9390f34ea0d8493b8342a,Exploration Studio — Full Agenda,2026-08-24,inventoried_only,Metadata only; no semantic-read claim.
local-evidence/restaurant-ai-automation,.planning/01-org/product/design/teams/exploration-studio/exploration-studio-agent-stack.md,.md,9671,9bc94bb4f63b3e9bb328a0f9a7aa6966cba872b15f42ab6a514ea99ef9dbd061,Exploration Studio — Agent Stack,2026-08-27,inventoried_only,Metadata only; no semantic-read claim.
local-evidence/restaurant-ai-automation,.planning/01-org/product/design/teams/exploration-studio/exploration-studio-charter.md,.md,7821,f0c20791921c8a23017eef8ddf87d85ad970c3b12ce97c3b38c1389d2db70111,Exploration Studio — Charter,2026-08-24,inventoried_only,Metadata only; no semantic-read claim.
local-evidence/restaurant-ai-automation,.planning/01-org/product/design/teams/exploration-studio/exploration-studio-directive.md,.md,6580,755910e7bb6dd3b5c61fcbd86a36a1a421bae97da46a8878bd3418cc5a8c0be4,Exploration Studio — Directive,2026-08-24,inventoried_only,Metadata only; no semantic-read claim.
local-evidence/restaurant-ai-automation,.planning/01-org/product/design/teams/exploration-studio/exploration-studio-loops.md,.md,6904,2329e1aae71e1d52425faeef1146060d87154477f1606daa3bfbec07f0222252,Exploration Studio — Loops,2026-08-24,inventoried_only,Metadata only; no semantic-read claim.
local-evidence/restaurant-ai-automation,.planning/01-org/product/design/teams/exploration-studio/exploration-studio-premortem.md,.md,8577,17e9d27878f18bbf6a6ff94b69ee828debe6b62befbeb104bda486886b3bd002,Exploration Studio — Premortem,2026-08-24,inventoried_only,Metadata only; no semantic-read claim.
local-evidence/restaurant-ai-automation,.planning/01-org/product/design/teams/exploration-studio/exploration-studio-questions.md,.md,1898,a9b052ae633987dc674a5923c4c6b6358203ab6623e70ea39d243c43e4279387,Exploration Studio — Questions & Findings,2026-08-24,inventoried_only,Metadata only; no semantic-read claim.
local-evidence/restaurant-ai-automation,.planning/01-org/product/design/teams/exploration-studio/exploration-studio-schedule.md,.md,4906,2646c9cc727434a7129a0b6f56b25077bf30842f19aef76642eae7ae4b4e284a,Exploration Studio — Schedule & Skills,2026-08-24,inventoried_only,Metadata only; no semantic-read claim.
local-evidence/restaurant-ai-automation,.planning/01-org/product/design/teams/ux-path-burn-down/ux-path-burn-down-agenda-board.md,.md,3010,ce3c908ad989250e53cd4477e131a64345e7439df09249685d22bc2edcfc1a02,UX Path Burn-Down — Board,2026-08-24,inventoried_only,Metadata only; no semantic-read claim.
local-evidence/restaurant-ai-automation,.planning/01-org/product/design/teams/ux-path-burn-down/ux-path-burn-down-agenda-full.md,.md,7222,7d978d36cfe9bb792372cc06a3c650d6fe59c8439b94fe418833c729836db69d,UX Path Burn-Down — Full Agenda,2026-08-24,inventoried_only,Metadata only; no semantic-read claim.
local-evidence/restaurant-ai-automation,.planning/01-org/product/design/teams/ux-path-burn-down/ux-path-burn-down-agent-stack.md,.md,8915,18addf0898f395c61dc5cc4e179629adc0805a2dc135e1b8eba4f283cbfcd10a,UX Path Burn-Down — Agent Stack,2026-08-27,inventoried_only,Metadata only; no semantic-read claim.
local-evidence/restaurant-ai-automation,.planning/01-org/product/design/teams/ux-path-burn-down/ux-path-burn-down-charter.md,.md,8598,a0de7779221a4edb1250451c1f0f35ac92388650eb7a2f9167fa19cc977943ad,UX Path Burn-Down — Charter,2026-08-24,inventoried_only,Metadata only; no semantic-read claim.
local-evidence/restaurant-ai-automation,.planning/01-org/product/design/teams/ux-path-burn-down/ux-path-burn-down-directive.md,.md,6429,943b7b227220269563c4302e67a63bbb6316621ca2c7d44c393d9fb6afa36e20,UX Path Burn-Down — Directive,2026-08-24,inventoried_only,Metadata only; no semantic-read claim.
local-evidence/restaurant-ai-automation,.planning/01-org/product/design/teams/ux-path-burn-down/ux-path-burn-down-loops.md,.md,6320,4ef1445e13a34ad0f779921a1d6ddf2c70dfbedeb136ba7ce67fb7c7949a1a0f,UX Path Burn-Down — Loops,2026-08-24,inventoried_only,Metadata only; no semantic-read claim.
local-evidence/restaurant-ai-automation,.planning/01-org/product/design/teams/ux-path-burn-down/ux-path-burn-down-premortem.md,.md,8624,9bcef3f79c3b7091025555b6ce0cec0b6dcba4fd52d6a46498ed5e3e857b82b8,UX Path Burn-Down — Premortem,2026-08-24,inventoried_only,Metadata only; no semantic-read claim.
local-evidence/restaurant-ai-automation,.planning/01-org/product/design/teams/ux-path-burn-down/ux-path-burn-down-questions.md,.md,1894,4d48457e98404af5eb50e449a195ae11a1c1763f6e3829d9a41b3b39ab4a238c,UX Path Burn-Down — Questions & Findings,2026-08-24,inventoried_only,Metadata only; no semantic-read claim.
local-evidence/restaurant-ai-automation,.planning/01-org/product/design/teams/ux-path-burn-down/ux-path-burn-down-schedule.md,.md,4395,4d59735658cb60bf9f952288fe6100a8c406f53d9e112432f3defed47cf93c3e,UX Path Burn-Down — Schedule & Skills,2026-08-24,inventoried_only,Metadata only; no semantic-read claim.
local-evidence/restaurant-ai-automation,.planning/01-org/product/guest-experience/guest-experience-agenda-board.md,.md,4054,3c0a54f19d5b955bf42e3b39b448becd4e34e474e12f084ade7fb4b2971086f6,Guest Experience — Board,2026-08-28,inventoried_only,Metadata only; no semantic-read claim.
local-evidence/restaurant-ai-automation,.planning/01-org/product/guest-experience/guest-experience-agenda-full.md,.md,27011,80f3b6b853f3adaaf87f06819774f697eb5f06e38af7f523733f1229e81020d7,Guest Experience — Full Agenda,2026-08-28,inventoried_only,Metadata only; no semantic-read claim.
local-evidence/restaurant-ai-automation,.planning/01-org/product/guest-experience/guest-experience-agent-stack.md,.md,9388,e9084d00d26f7a6a19e9aa4d4fa5e9f2afa2659370b3fd80d136483b67ad561a,Guest Experience — Agent Stack,2026-08-27,inventoried_only,Metadata only; no semantic-read claim.
local-evidence/restaurant-ai-automation,.planning/01-org/product/guest-experience/guest-experience-charter.md,.md,19841,4372b6d4674bb0eb7fdfffbd95b8fcc8edf08e3de850e8b6390ec3a867c80f9f,Guest Experience — Charter,2026-08-24,inventoried_only,Metadata only; no semantic-read claim.
local-evidence/restaurant-ai-automation,.planning/01-org/product/guest-experience/guest-experience-directive.md,.md,6349,36174b9fceb95f17c6b8303559b39b6d5ff4463578333e2ab6a75143ab7dc194,Guest Experience — Directive,2026-08-24,inventoried_only,Metadata only; no semantic-read claim.
local-evidence/restaurant-ai-automation,.planning/01-org/product/guest-experience/guest-experience-loops.md,.md,9726,b58b5504169a2c3d000ab58b95dc48bb8242911f298fb6c3ea7e80eafe5a9461,Guest Experience — Loops,2026-08-24,inventoried_only,Metadata only; no semantic-read claim.
local-evidence/restaurant-ai-automation,.planning/01-org/product/guest-experience/guest-experience-premortem.md,.md,9567,7b805e0cca5dde1cb367900fc684babf60d1381590da062b4b2b865711c7e390,Guest Experience — Premortem,2026-08-24,inventoried_only,Metadata only; no semantic-read claim.
local-evidence/restaurant-ai-automation,.planning/01-org/product/guest-experience/guest-experience-questions.md,.md,1889,2d97b5854202910b2c1bbe3120623a2e67ed351291253314346f07dbb254b46b,Guest Experience (sub-layer) — Questions & Findings,2026-08-24,inventoried_only,Metadata only; no semantic-read claim.
local-evidence/restaurant-ai-automation,.planning/01-org/product/guest-experience/guest-experience-schedule.md,.md,5658,6b788bdc347336a100d354bd7f3d0a1458979e0545fc3b9fd47b577f7e8e1180,Guest Experience — Schedule & Skills,2026-08-24,inventoried_only,Metadata only; no semantic-read claim.
local-evidence/restaurant-ai-automation,.planning/01-org/product/guest-experience/teams/consumer-app-points-economy/consumer-app-points-economy-agenda-board.md,.md,3362,7aeee79fc63188acf0c5a91238e23bc343e83699139cdfb52192ed962bf28272,Consumer App & Points Economy — Board,2026-08-24,inventoried_only,Metadata only; no semantic-read claim.
local-evidence/restaurant-ai-automation,.planning/01-org/product/guest-experience/teams/consumer-app-points-economy/consumer-app-points-economy-agenda-full.md,.md,8682,ce1596f6efdae7a750434a50ca86a668c483651674c3d2a8142018d8287adac5,Consumer App & Points Economy — Full Agenda,2026-08-24,inventoried_only,Metadata only; no semantic-read claim.
local-evidence/restaurant-ai-automation,.planning/01-org/product/guest-experience/teams/consumer-app-points-economy/consumer-app-points-economy-agent-stack.md,.md,10059,42772e7b1f1d8e7fe8edee8e7260afe44e3bf0f04cd3dde22ef5ea2f53482401,Consumer App & Points Economy — Agent Stack,2026-08-27,inventoried_only,Metadata only; no semantic-read claim.
local-evidence/restaurant-ai-automation,.planning/01-org/product/guest-experience/teams/consumer-app-points-economy/consumer-app-points-economy-charter.md,.md,9750,082ae2dbf0c3f2a6d01917d68b73d56117ffd12b50e212081733244c64eba93d,Consumer App & Points Economy — Charter,2026-08-24,inventoried_only,Metadata only; no semantic-read claim.
local-evidence/restaurant-ai-automation,.planning/01-org/product/guest-experience/teams/consumer-app-points-economy/consumer-app-points-economy-directive.md,.md,5977,911dd581828ff080543e709ecf994e44695b4ff385b5255fb9bc5dbc4790c3a6,Consumer App & Points Economy — Directive,2026-08-24,inventoried_only,Metadata only; no semantic-read claim.
local-evidence/restaurant-ai-automation,.planning/01-org/product/guest-experience/teams/consumer-app-points-economy/consumer-app-points-economy-loops.md,.md,6468,b848858838f5daadf68e30f4ff1562f87c6013f8790863dcb5c635fa215af396,Consumer App & Points Economy — Loops,2026-08-24,inventoried_only,Metadata only; no semantic-read claim.
local-evidence/restaurant-ai-automation,.planning/01-org/product/guest-experience/teams/consumer-app-points-economy/consumer-app-points-economy-premortem.md,.md,8790,22feb41eaaa0f2c50884ecd741df9e7958bb997d9e923f794085291273de3258,Consumer App & Points Economy — Premortem,2026-08-24,inventoried_only,Metadata only; no semantic-read claim.
local-evidence/restaurant-ai-automation,.planning/01-org/product/guest-experience/teams/consumer-app-points-economy/consumer-app-points-economy-questions.md,.md,1946,9fcb7ba2338ea2a82c98af0302d53181bbc9bc75b918a3475b37c4b7da6b6625,Consumer App & Points Economy — Questions & Findings,2026-08-24,inventoried_only,Metadata only; no semantic-read claim.
local-evidence/restaurant-ai-automation,.planning/01-org/product/guest-experience/teams/consumer-app-points-economy/consumer-app-points-economy-schedule.md,.md,5591,0aef22750c4852355eb161f197bded44666155c561fc2a7ef7a6955fab91a40b,Consumer App & Points Economy — Schedule & Skills,2026-08-24,inventoried_only,Metadata only; no semantic-read claim.
local-evidence/restaurant-ai-automation,.planning/01-org/product/guest-experience/teams/guest-identity-consent/guest-identity-consent-agenda-board.md,.md,3376,4f7c1279ad9af908eb33949fb6b39c54fb0ef8b66d4d51f371feec442523b73d,Guest Identity & Consent — Board,2026-08-24,inventoried_only,Metadata only; no semantic-read claim.
local-evidence/restaurant-ai-automation,.planning/01-org/product/guest-experience/teams/guest-identity-consent/guest-identity-consent-agenda-full.md,.md,8236,13ecaa622af7054794027984fec2980deb5d1149bcf5039c4ca4855e579aa6b8,Guest Identity & Consent — Full Agenda,2026-08-24,inventoried_only,Metadata only; no semantic-read claim.
local-evidence/restaurant-ai-automation,.planning/01-org/product/guest-experience/teams/guest-identity-consent/guest-identity-consent-agent-stack.md,.md,9811,1756096e1f55b96a943b62f2a11a58d01492ce4c6d9c31034245671fabad54cc,Guest Identity & Consent — Agent Stack,2026-08-27,inventoried_only,Metadata only; no semantic-read claim.
local-evidence/restaurant-ai-automation,.planning/01-org/product/guest-experience/teams/guest-identity-consent/guest-identity-consent-charter.md,.md,12900,34f97e27f3e6d438a5200842f2866b62088f7d0e3588410a87aeeb013c31110a,Guest Identity & Consent — Charter,2026-08-24,inventoried_only,Metadata only; no semantic-read claim.
local-evidence/restaurant-ai-automation,.planning/01-org/product/guest-experience/teams/guest-identity-consent/guest-identity-consent-directive.md,.md,6131,6cb068f403d7f94bafa80963503e1addd640326a98139cf72b32305f4bcb2847,Guest Identity & Consent — Directive,2026-08-24,inventoried_only,Metadata only; no semantic-read claim.
local-evidence/restaurant-ai-automation,.planning/01-org/product/guest-experience/teams/guest-identity-consent/guest-identity-consent-loops.md,.md,6953,0f0d293fc17ac09c28c7d8c6354e37db07e1fcabd509088ca690c8a7a805d167,Guest Identity & Consent — Loops,2026-08-24,inventoried_only,Metadata only; no semantic-read claim.
local-evidence/restaurant-ai-automation,.planning/01-org/product/guest-experience/teams/guest-identity-consent/guest-identity-consent-premortem.md,.md,9595,3625a6e34b1134ac7a2acd087bcf3987ac5885873ffe15452569eeea4f6a9ac5,Guest Identity & Consent — Premortem,2026-08-24,inventoried_only,Metadata only; no semantic-read claim.
local-evidence/restaurant-ai-automation,.planning/01-org/product/guest-experience/teams/guest-identity-consent/guest-identity-consent-questions.md,.md,2586,0602b27c65e0e08470ed189ec1d941d1f49931d84b45c340cb245b9200f44f29,Guest Identity & Consent — Questions & Findings,2026-08-24,inventoried_only,Metadata only; no semantic-read claim.
local-evidence/restaurant-ai-automation,.planning/01-org/product/guest-experience/teams/guest-identity-consent/guest-identity-consent-schedule.md,.md,5917,13228e1b70a4946fcf57d2bf2d8f54bb37340c551a6f3d51eebdabb9f38b0485,Guest Identity & Consent — Schedule & Skills,2026-08-24,inventoried_only,Metadata only; no semantic-read claim.
local-evidence/restaurant-ai-automation,.planning/01-org/product/guest-experience/teams/guest-value-monetization/guest-value-monetization-agenda-board.md,.md,3767,64ee9914d55a698dcfff1e41fb85f9ff8269d3587f2dd07670323d8357baa570,Guest Value & Monetization — Board,2026-08-24,inventoried_only,Metadata only; no semantic-read claim.
local-evidence/restaurant-ai-automation,.planning/01-org/product/guest-experience/teams/guest-value-monetization/guest-value-monetization-agenda-full.md,.md,9042,13e7fff1c38bfe0884f8621faf1af656e8838eae8ec8dc4b2e59f9443b9f0a93,Guest Value & Monetization — Full Agenda,2026-08-24,inventoried_only,Metadata only; no semantic-read claim.
local-evidence/restaurant-ai-automation,.planning/01-org/product/guest-experience/teams/guest-value-monetization/guest-value-monetization-agent-stack.md,.md,11959,e25f8cae6490419aa9ff0001217005a1721f4e32267f116330a673d601dd1726,Guest Value & Monetization — Agent Stack,2026-08-27,inventoried_only,Metadata only; no semantic-read claim.
local-evidence/restaurant-ai-automation,.planning/01-org/product/guest-experience/teams/guest-value-monetization/guest-value-monetization-charter.md,.md,11619,8f180f20691e05e91eef1fcec6e7c2144376ffafb09dfa28238fffab649d956b,Guest Value & Monetization — Charter,2026-08-24,inventoried_only,Metadata only; no semantic-read claim.
local-evidence/restaurant-ai-automation,.planning/01-org/product/guest-experience/teams/guest-value-monetization/guest-value-monetization-directive.md,.md,7417,abc29e40d4d51ff2e78aa403280aec9d158f04207d99ed62f5f4ed132bd574b7,Guest Value & Monetization — Directive,2026-08-24,inventoried_only,Metadata only; no semantic-read claim.
local-evidence/restaurant-ai-automation,.planning/01-org/product/guest-experience/teams/guest-value-monetization/guest-value-monetization-loops.md,.md,7895,a1edf04976e1491e947d49c0580ce19b3707dfb74cf6e31e331c348f029b24b7,Guest Value & Monetization — Loops,2026-08-24,inventoried_only,Metadata only; no semantic-read claim.
local-evidence/restaurant-ai-automation,.planning/01-org/product/guest-experience/teams/guest-value-monetization/guest-value-monetization-premortem.md,.md,9942,a9cc2b8b9f5a47269ba39f1e60b1d76589c3c802bfa36b172031f55cfaa09d55,Guest Value & Monetization — Premortem,2026-08-24,inventoried_only,Metadata only; no semantic-read claim.
local-evidence/restaurant-ai-automation,.planning/01-org/product/guest-experience/teams/guest-value-monetization/guest-value-monetization-questions.md,.md,1934,dc4a89be6cb3129e24f553836409c8d94197e5326e4901567a3ec1c1b6a638b6,Guest Value & Monetization — Questions & Findings,2026-08-24,inventoried_only,Metadata only; no semantic-read claim.
local-evidence/restaurant-ai-automation,.planning/01-org/product/guest-experience/teams/guest-value-monetization/guest-value-monetization-schedule.md,.md,6593,e86fe849f8c6c6198073768e4d4a2e57db9e2201a1c48810618b34a91ce99e69,Guest Value & Monetization — Schedule & Skills,2026-08-24,inventoried_only,Metadata only; no semantic-read claim.
local-evidence/restaurant-ai-automation,.planning/01-org/product/guest-experience/teams/taste-fingerprint/taste-fingerprint-agenda-board.md,.md,3315,950d51f969d138be6a065b47f2d1f467be050d0af31f4b4bd2c3700defb65e4d,Taste Fingerprint (NF-B) — Board,2026-08-24,inventoried_only,Metadata only; no semantic-read claim.
local-evidence/restaurant-ai-automation,.planning/01-org/product/guest-experience/teams/taste-fingerprint/taste-fingerprint-agenda-full.md,.md,9245,95fbf8df93e34d79a4298732d505ce53804f66a6f9fc630ae0c374cf1fb7d0c4,Taste Fingerprint (NF-B) — Full Agenda,2026-08-24,inventoried_only,Metadata only; no semantic-read claim.
local-evidence/restaurant-ai-automation,.planning/01-org/product/guest-experience/teams/taste-fingerprint/taste-fingerprint-agent-stack.md,.md,9901,f53c0548d14a89ba4cc321112ad77c9866a19640acac2d5e2dc0f6148ae16d96,Taste Fingerprint (NF-B) — Agent Stack,2026-08-27,inventoried_only,Metadata only; no semantic-read claim.
local-evidence/restaurant-ai-automation,.planning/01-org/product/guest-experience/teams/taste-fingerprint/taste-fingerprint-charter.md,.md,12876,a4587dd99f00c5997750c7e2c1ca4e2d9082cc964be73f571db870d4e5df538c,Taste Fingerprint (NF-B) — Charter,2026-08-24,inventoried_only,Metadata only; no semantic-read claim.
local-evidence/restaurant-ai-automation,.planning/01-org/product/guest-experience/teams/taste-fingerprint/taste-fingerprint-directive.md,.md,6274,f2d90c1b26338ea50a8c743b91f377e9708200479c94aea6f888d8bd72855a20,Taste Fingerprint (NF-B) — Directive,2026-08-24,inventoried_only,Metadata only; no semantic-read claim.
local-evidence/restaurant-ai-automation,.planning/01-org/product/guest-experience/teams/taste-fingerprint/taste-fingerprint-loops.md,.md,7571,56b41e2dceb8dd5868a91dc1835331e849cb591cd672bbeb045591c5783147de,Taste Fingerprint (NF-B) — Loops,2026-08-24,inventoried_only,Metadata only; no semantic-read claim.
local-evidence/restaurant-ai-automation,.planning/01-org/product/guest-experience/teams/taste-fingerprint/taste-fingerprint-premortem.md,.md,9020,5cd335ebd0d243a4b9f43b76763e7a4c79d1e03d334a3f64478ab2ac7ad4432c,Taste Fingerprint (NF-B) — Premortem,2026-08-24,inventoried_only,Metadata only; no semantic-read claim.
local-evidence/restaurant-ai-automation,.planning/01-org/product/guest-experience/teams/taste-fingerprint/taste-fingerprint-questions.md,.md,1911,582294cded3caccff5cd04f97b95e5322afe70110ceab26c66bd67709e732863,Taste Fingerprint (NF-B) — Questions & Findings,2026-08-24,inventoried_only,Metadata only; no semantic-read claim.
local-evidence/restaurant-ai-automation,.planning/01-org/product/guest-experience/teams/taste-fingerprint/taste-fingerprint-schedule.md,.md,5343,587b22a9b04a3ab1e83d34f7687ff78bf3e9ac8d15bf982243c90c6bdd01035b,Taste Fingerprint (NF-B) — Schedule & Skills,2026-08-24,inventoried_only,Metadata only; no semantic-read claim.
local-evidence/restaurant-ai-automation,.planning/01-org/product/partnerships-integrations/partnerships-integrations-agenda-board.md,.md,6938,b295348a9b17d86b7d2ccac6de318b00dbc35f81102e95b0d9cfff7427f42935,Partnerships & Integrations — Board,2026-08-28,inventoried_only,Metadata only; no semantic-read claim.
local-evidence/restaurant-ai-automation,.planning/01-org/product/partnerships-integrations/partnerships-integrations-agenda-full.md,.md,43602,0201eb1d7da6d6b6a034758ebd89710949d67ad98d1108e170aa60a6194f768f,Partnerships & Integrations — Agenda,2026-08-28,inventoried_only,Metadata only; no semantic-read claim.
local-evidence/restaurant-ai-automation,.planning/01-org/product/partnerships-integrations/partnerships-integrations-agent-stack.md,.md,8957,42381b4a572b32e372efabb114c4e9c26b0fa996d435ed072e5959e6344ec938,Partnerships & Integrations — Agent Stack,2026-08-27,inventoried_only,Metadata only; no semantic-read claim.
local-evidence/restaurant-ai-automation,.planning/01-org/product/partnerships-integrations/partnerships-integrations-charter.md,.md,14522,c6b6f686071d4d2cb47d84b74398973761c78d549b236bed5f6c041312a89236,Partnerships & Integrations — Charter,2026-08-24,inventoried_only,Metadata only; no semantic-read claim.
local-evidence/restaurant-ai-automation,.planning/01-org/product/partnerships-integrations/partnerships-integrations-directive.md,.md,5761,ed9c62bbf7b705958d0fc49ac8bc0335192f4454e54baaba844c614b2500432c,Partnerships & Integrations — Directive,2026-08-24,inventoried_only,Metadata only; no semantic-read claim.
local-evidence/restaurant-ai-automation,.planning/01-org/product/partnerships-integrations/partnerships-integrations-loops.md,.md,8878,f4442bc9dd9f2fb9da006437ef8d75b1f6294547777a7681f9c0a9bb00dd375f,Partnerships & Integrations — Loops,2026-08-24,inventoried_only,Metadata only; no semantic-read claim.
local-evidence/restaurant-ai-automation,.planning/01-org/product/partnerships-integrations/partnerships-integrations-premortem.md,.md,9985,02ac6a8005d1d6afde095b5953e655a793dd95a9047da2ea4d059e7107176956,Partnerships & Integrations — Premortem,2026-08-24,inventoried_only,Metadata only; no semantic-read claim.
local-evidence/restaurant-ai-automation,.planning/01-org/product/partnerships-integrations/partnerships-integrations-questions.md,.md,1915,d9c94990590bc911ee9de258349e6b9bc7f42e363c8bc68a3afc572bef404155,Partnerships & Integrations — Questions & Findings,2026-08-24,inventoried_only,Metadata only; no semantic-read claim.
local-evidence/restaurant-ai-automation,.planning/01-org/product/partnerships-integrations/partnerships-integrations-schedule.md,.md,5466,57d0e1b31c2e6654ef0728e76c2fa28103cb8b89083c7b91bb7e97e81c2693ff,Partnerships & Integrations — Schedule & Skills,2026-08-24,inventoried_only,Metadata only; no semantic-read claim.
local-evidence/restaurant-ai-automation,.planning/01-org/product/partnerships-integrations/teams/connector-platform-trust/connector-platform-trust-agenda-board.md,.md,3798,5232c250708ce9de65ecf6fa4b045f91b2718e8a568fd41ec8abceab6e73d339,Connector Platform & Trust — Board,2026-08-24,inventoried_only,Metadata only; no semantic-read claim.
local-evidence/restaurant-ai-automation,.planning/01-org/product/partnerships-integrations/teams/connector-platform-trust/connector-platform-trust-agenda-full.md,.md,8507,d25c9dd58a94eed3332a2c094a1a49d1f03ade765a7d9fc329caa4ff652efea1,Connector Platform & Trust — Full Agenda,2026-08-24,inventoried_only,Metadata only; no semantic-read claim.
local-evidence/restaurant-ai-automation,.planning/01-org/product/partnerships-integrations/teams/connector-platform-trust/connector-platform-trust-agent-stack.md,.md,10807,fe48686ded14a5af8d057833d4f3673ba38db1d83b69ef59787e7263a85853db,Connector Platform & Trust — Agent Stack,2026-08-27,inventoried_only,Metadata only; no semantic-read claim.
local-evidence/restaurant-ai-automation,.planning/01-org/product/partnerships-integrations/teams/connector-platform-trust/connector-platform-trust-charter.md,.md,10113,78dd91138da1d134658403c4453d287b4dc6afdfe3b56574de33c9fcff9f8e1a,Connector Platform & Trust — Charter,2026-08-24,inventoried_only,Metadata only; no semantic-read claim.
local-evidence/restaurant-ai-automation,.planning/01-org/product/partnerships-integrations/teams/connector-platform-trust/connector-platform-trust-directive.md,.md,6961,fb52b9d0a864cf5add47c60fa4411aad382a1a5647c5af068cd262dc014e2026,Connector Platform & Trust — Directive,2026-08-24,inventoried_only,Metadata only; no semantic-read claim.
local-evidence/restaurant-ai-automation,.planning/01-org/product/partnerships-integrations/teams/connector-platform-trust/connector-platform-trust-loops.md,.md,8664,726241a251c66e46d8bb766ad935e4b58cc5386475f848ccd617e82047aa0844,Connector Platform & Trust — Loops,2026-08-24,inventoried_only,Metadata only; no semantic-read claim.
local-evidence/restaurant-ai-automation,.planning/01-org/product/partnerships-integrations/teams/connector-platform-trust/connector-platform-trust-premortem.md,.md,9257,de97e7af5c874d394b434e340931687bafb1a4aef5dffe847f44008374e9e26c,Connector Platform & Trust — Premortem,2026-08-24,inventoried_only,Metadata only; no semantic-read claim.
local-evidence/restaurant-ai-automation,.planning/01-org/product/partnerships-integrations/teams/connector-platform-trust/connector-platform-trust-questions.md,.md,1943,50c3dc4dcdc5359349420bfae3e0a2f2d36edc7b3a99c97b017e11e8e759acc3,Connector Platform & Trust — Questions & Findings,2026-08-24,inventoried_only,Metadata only; no semantic-read claim.
local-evidence/restaurant-ai-automation,.planning/01-org/product/partnerships-integrations/teams/connector-platform-trust/connector-platform-trust-schedule.md,.md,5663,0db249060c828b42fe65d13752e950da70b012f7e1eaef0a77a86e508f41774e,Connector Platform & Trust — Schedule & Skills,2026-08-24,inventoried_only,Metadata only; no semantic-read claim.
local-evidence/restaurant-ai-automation,.planning/01-org/product/partnerships-integrations/teams/partner-alliance-development/partner-alliance-development-agenda-board.md,.md,3288,4e0294c1d4a33866d0413923c7bb1ba333147b22a0891fd8758eaefe2d8c4cba,Partner & Alliance Development — Board,2026-08-24,inventoried_only,Metadata only; no semantic-read claim.
local-evidence/restaurant-ai-automation,.planning/01-org/product/partnerships-integrations/teams/partner-alliance-development/partner-alliance-development-agenda-full.md,.md,7078,7161e14eee0d0c1887c17c8a7e74d79f20af88a8b8d03e5784ed64ca45625db3,Partner & Alliance Development — Full Agenda,2026-08-24,inventoried_only,Metadata only; no semantic-read claim.
local-evidence/restaurant-ai-automation,.planning/01-org/product/partnerships-integrations/teams/partner-alliance-development/partner-alliance-development-agent-stack.md,.md,9778,cee744dfb20918557a03ff83f45e925ee8556f82242d330385f8f286c38c896d,Partner & Alliance Development — Agent Stack,2026-08-27,inventoried_only,Metadata only; no semantic-read claim.
local-evidence/restaurant-ai-automation,.planning/01-org/product/partnerships-integrations/teams/partner-alliance-development/partner-alliance-development-charter.md,.md,7127,0192425ea5d8afa94fbd2acc472aeb6a25df68c4c592f4eace0148b933446a14,Partner & Alliance Development — Charter,2026-08-24,inventoried_only,Metadata only; no semantic-read claim.
local-evidence/restaurant-ai-automation,.planning/01-org/product/partnerships-integrations/teams/partner-alliance-development/partner-alliance-development-directive.md,.md,6140,35e27876042b7f191afeab077288a2b46f6f081c5d6ab8c9122c45a536a32a74,Partner & Alliance Development — Directive,2026-08-24,inventoried_only,Metadata only; no semantic-read claim.
local-evidence/restaurant-ai-automation,.planning/01-org/product/partnerships-integrations/teams/partner-alliance-development/partner-alliance-development-loops.md,.md,6524,2c830d21f3e83ff588fee3af2b573dc7943894c64ee7cf73c9f55540211692bd,Partner & Alliance Development — Loops,2026-08-24,inventoried_only,Metadata only; no semantic-read claim.
local-evidence/restaurant-ai-automation,.planning/01-org/product/partnerships-integrations/teams/partner-alliance-development/partner-alliance-development-premortem.md,.md,8869,d2961327fca90a80f40c37dc976ea0e901d35a2df2eb4ebee93d8c4ad03ad973,Partner & Alliance Development — Premortem,2026-08-24,inventoried_only,Metadata only; no semantic-read claim.
local-evidence/restaurant-ai-automation,.planning/01-org/product/partnerships-integrations/teams/partner-alliance-development/partner-alliance-development-questions.md,.md,1959,5933903094512daa651e713d57dd07b817b1a9b98227cbed7b229f71b2528b30,Partner & Alliance Development — Questions & Findings,2026-08-24,inventoried_only,Metadata only; no semantic-read claim.
local-evidence/restaurant-ai-automation,.planning/01-org/product/partnerships-integrations/teams/partner-alliance-development/partner-alliance-development-schedule.md,.md,5129,d4fd2496c55a9c7c323c4b456fea2a67a3125db3de1681d7b7b1806b43f10140,Partner & Alliance Development — Schedule & Skills,2026-08-24,inventoried_only,Metadata only; no semantic-read claim.
local-evidence/restaurant-ai-automation,.planning/01-org/product/partnerships-integrations/teams/pos-bridge/pos-bridge-agenda-board.md,.md,2682,982bf094eb5ec565856f8a8fa4838e0b6580a5b02414bade883de401a4222dc5,POS Bridge — Board,2026-08-24,inventoried_only,Metadata only; no semantic-read claim.
local-evidence/restaurant-ai-automation,.planning/01-org/product/partnerships-integrations/teams/pos-bridge/pos-bridge-agenda-full.md,.md,6635,33abc865931c8269f425462e329375ce3285a186d6989e76dc4c33e425ef693e,POS Bridge — Full Agenda,2026-08-24,inventoried_only,Metadata only; no semantic-read claim.
local-evidence/restaurant-ai-automation,.planning/01-org/product/partnerships-integrations/teams/pos-bridge/pos-bridge-agent-stack.md,.md,11426,f13eff8bb7e52d83ec77abb31de9c4fc05e6b11502a5a0ab19de5622e4ed7a86,POS Bridge — Agent Stack,2026-08-27,inventoried_only,Metadata only; no semantic-read claim.
local-evidence/restaurant-ai-automation,.planning/01-org/product/partnerships-integrations/teams/pos-bridge/pos-bridge-charter.md,.md,9517,ff93343c5e0660eae3af58a2352b6315d770da33323600f96b29bad76c84df12,POS Bridge — Charter,2026-08-24,inventoried_only,Metadata only; no semantic-read claim.
local-evidence/restaurant-ai-automation,.planning/01-org/product/partnerships-integrations/teams/pos-bridge/pos-bridge-directive.md,.md,4979,8723952e0118bd4c896353b5584ccaf27074dcd6bc53f02238da040f3d2cf79b,POS Bridge — Directive,2026-08-24,inventoried_only,Metadata only; no semantic-read claim.
local-evidence/restaurant-ai-automation,.planning/01-org/product/partnerships-integrations/teams/pos-bridge/pos-bridge-loops.md,.md,7274,f13a31fbe9a38efc498ce9dfb6f5cf6042b006f4a746da8e96c29837fb68087a,POS Bridge — Loops,2026-08-24,inventoried_only,Metadata only; no semantic-read claim.
local-evidence/restaurant-ai-automation,.planning/01-org/product/partnerships-integrations/teams/pos-bridge/pos-bridge-premortem.md,.md,9604,ec64c6cf163e7bc5de0e905ae43841c4f36ec3183a71ce54de218b6f9e7eb50d,POS Bridge — Premortem,2026-08-24,inventoried_only,Metadata only; no semantic-read claim.
local-evidence/restaurant-ai-automation,.planning/01-org/product/partnerships-integrations/teams/pos-bridge/pos-bridge-questions.md,.md,5594,051e727167dc8df62a6c6d07e09193739a18bf17ab9a071e38ed4c375603e21d,POS Bridge — Questions & Findings,2026-08-24,inventoried_only,Metadata only; no semantic-read claim.
local-evidence/restaurant-ai-automation,.planning/01-org/product/partnerships-integrations/teams/pos-bridge/pos-bridge-schedule.md,.md,4825,462a0319476c32879f4759d9725b524af0f5c9403fba7d213f641227b8fe86aa,POS Bridge — Schedule & Skills,2026-08-24,inventoried_only,Metadata only; no semantic-read claim.
local-evidence/restaurant-ai-automation,.planning/01-org/product/partnerships-integrations/teams/supplier-distributor-network/supplier-distributor-network-agenda-board.md,.md,3334,a631a95549bf4f29aa20b2a0afd6b86c1b46bd9129d7f054ad0caa1640f6e099,Supplier & Distributor Network — Board,2026-08-24,inventoried_only,Metadata only; no semantic-read claim.
local-evidence/restaurant-ai-automation,.planning/01-org/product/partnerships-integrations/teams/supplier-distributor-network/supplier-distributor-network-agenda-full.md,.md,7459,742b4e42c7b76c040708701a40531755690f445ba0a443fe34317ae92d73d8fb,Supplier & Distributor Network — Full Agenda,2026-08-24,inventoried_only,Metadata only; no semantic-read claim.
local-evidence/restaurant-ai-automation,.planning/01-org/product/partnerships-integrations/teams/supplier-distributor-network/supplier-distributor-network-agent-stack.md,.md,10814,cb34cc01fb613ffd9d837ba3490a003267ae8d20c00a73804ec26b0b83ca7ab1,Supplier & Distributor Network — Agent Stack,2026-08-27,inventoried_only,Metadata only; no semantic-read claim.
local-evidence/restaurant-ai-automation,.planning/01-org/product/partnerships-integrations/teams/supplier-distributor-network/supplier-distributor-network-charter.md,.md,9064,b74ea82d068cb95bc305fe10673dd28d4baff98031d6eba20b231214f643f0aa,Supplier & Distributor Network — Charter,2026-08-24,inventoried_only,Metadata only; no semantic-read claim.
local-evidence/restaurant-ai-automation,.planning/01-org/product/partnerships-integrations/teams/supplier-distributor-network/supplier-distributor-network-directive.md,.md,6765,84482bd800102c30cb87419ca94af6f6c7ed7d61835761342623c47776bdf9bf,Supplier & Distributor Network — Directive,2026-08-24,inventoried_only,Metadata only; no semantic-read claim.
local-evidence/restaurant-ai-automation,.planning/01-org/product/partnerships-integrations/teams/supplier-distributor-network/supplier-distributor-network-loops.md,.md,6933,97b8b785096e202c99884e463b8a9c9f6a57cdfeafacf981757646e21fff78e5,Supplier & Distributor Network — Loops,2026-08-24,inventoried_only,Metadata only; no semantic-read claim.
local-evidence/restaurant-ai-automation,.planning/01-org/product/partnerships-integrations/teams/supplier-distributor-network/supplier-distributor-network-premortem.md,.md,9283,a2b28767736063763bca6fb89f41a110fd87d2df74441ef17f996f2a030ca9df,Supplier & Distributor Network — Premortem,2026-08-24,inventoried_only,Metadata only; no semantic-read claim.
local-evidence/restaurant-ai-automation,.planning/01-org/product/partnerships-integrations/teams/supplier-distributor-network/supplier-distributor-network-questions.md,.md,1959,1ca467bef1849d655e4301ed51be3404c0c8705f4cb41ebadb7045ed98fca983,Supplier & Distributor Network — Questions & Findings,2026-08-24,inventoried_only,Metadata only; no semantic-read claim.
local-evidence/restaurant-ai-automation,.planning/01-org/product/partnerships-integrations/teams/supplier-distributor-network/supplier-distributor-network-schedule.md,.md,5028,925d9f2ca1e497cc1fd9161b547e14190e61f250bfc91776b84f475e787e96b5,Supplier & Distributor Network — Schedule & Skills,2026-08-24,inventoried_only,Metadata only; no semantic-read claim.
local-evidence/restaurant-ai-automation,.planning/01-org/product/product-vision/product-vision-agenda-board.md,.md,6976,929ec849e140aaa60d20b8455b90d15c3d11666b79a16cccd9e9549ded97097f,Product & Vision — Board,2026-08-28,inventoried_only,Metadata only; no semantic-read claim.
local-evidence/restaurant-ai-automation,.planning/01-org/product/product-vision/product-vision-agenda-full.md,.md,22864,fcda6a950749f9227bbcf525a2f742f9ec2346fb50201ab4654c8f1849113e93,Product & Vision — Agenda,2026-08-28,inventoried_only,Metadata only; no semantic-read claim.
local-evidence/restaurant-ai-automation,.planning/01-org/product/product-vision/product-vision-agent-stack.md,.md,8432,3eec7af98260d469822f62620787b6ebd8e23ccb5789d933abff6c5943f9614b,Product & Vision — Agent Stack,2026-08-27,inventoried_only,Metadata only; no semantic-read claim.
local-evidence/restaurant-ai-automation,.planning/01-org/product/product-vision/product-vision-charter.md,.md,10642,1521dd3740b11291e27c8229c94686d05f7690aef63d2ec115d05e6c8fffbd84,Product & Vision — Charter,2026-08-24,inventoried_only,Metadata only; no semantic-read claim.
local-evidence/restaurant-ai-automation,.planning/01-org/product/product-vision/product-vision-directive.md,.md,6421,b358743f2a2fce6607b969f1e8bc54f232f21f1a74f5b1ed89d27718811d292e,Product & Vision — Directive,2026-08-24,inventoried_only,Metadata only; no semantic-read claim.
local-evidence/restaurant-ai-automation,.planning/01-org/product/product-vision/product-vision-loops.md,.md,7332,2cd9b25038dda8ae6d792faae3881b7e175813e52be280d28a5776c1a378c2f9,Product & Vision — Loops,2026-08-24,inventoried_only,Metadata only; no semantic-read claim.
local-evidence/restaurant-ai-automation,.planning/01-org/product/product-vision/product-vision-premortem.md,.md,9388,55cf0c4654e4b682d038e42ccbb2268ac3c6183d6a2b6451dc5edeee6d5a4db7,Product & Vision — Premortem,2026-08-24,inventoried_only,Metadata only; no semantic-read claim.
local-evidence/restaurant-ai-automation,.planning/01-org/product/product-vision/product-vision-questions.md,.md,1871,84d88cb1c7be2c42679936b6a1499102c2e835a29a9b1dea74db4a2c65e2fc45,Product & Vision — Questions & Findings,2026-08-24,inventoried_only,Metadata only; no semantic-read claim.
local-evidence/restaurant-ai-automation,.planning/01-org/product/product-vision/product-vision-schedule.md,.md,5577,da6467b98591af8aa2c30e7f57547ce81ed13fa49dc012546843608c412cc60e,Product & Vision — Schedule & Skills,2026-08-24,inventoried_only,Metadata only; no semantic-read claim.
local-evidence/restaurant-ai-automation,.planning/01-org/product/product-vision/teams/ask-ai/ask-ai-agenda-board.md,.md,3800,faaf399bf9a353aea599df24db3d8a0ba1731aa7d68a3dcacc2edf58cd915c0b,Ask AI — Action Composer — Board,2026-08-24,inventoried_only,Metadata only; no semantic-read claim.
local-evidence/restaurant-ai-automation,.planning/01-org/product/product-vision/teams/ask-ai/ask-ai-agenda-full.md,.md,7642,f96fcc2d6357eb5c1c069a9d0ba57269641fa79224e0f6b0d1cbfd35956f2462,Ask AI — Action Composer — Full Agenda,2026-08-24,inventoried_only,Metadata only; no semantic-read claim.
local-evidence/restaurant-ai-automation,.planning/01-org/product/product-vision/teams/ask-ai/ask-ai-agent-stack.md,.md,10843,f12e47ce0f532ce955219e4cc9b082653998585a2c8718f98d7a1c651e1648fd,Ask AI — Action Composer — Agent Stack,2026-08-27,inventoried_only,Metadata only; no semantic-read claim.
local-evidence/restaurant-ai-automation,.planning/01-org/product/product-vision/teams/ask-ai/ask-ai-charter.md,.md,8505,b5d2a3ecfb52ffab325a839e2e43e74a5eabddbc1fe3b9bfde9a64131518b3db,Ask AI — Action Composer — Charter,2026-08-24,inventoried_only,Metadata only; no semantic-read claim.
local-evidence/restaurant-ai-automation,.planning/01-org/product/product-vision/teams/ask-ai/ask-ai-directive.md,.md,7029,36b2e94aff42a1fe9651ad5d653e153adb35e1d51bd261de35cf0716a39656e4,Ask AI — Action Composer — Directive,2026-08-24,inventoried_only,Metadata only; no semantic-read claim.
local-evidence/restaurant-ai-automation,.planning/01-org/product/product-vision/teams/ask-ai/ask-ai-loops.md,.md,7206,ff99c4ed973a67050156802b48a3f1a4672efc8d5d08b7d8e650ae6a134d4ba9,Ask AI — Action Composer — Loops,2026-08-24,inventoried_only,Metadata only; no semantic-read claim.
local-evidence/restaurant-ai-automation,.planning/01-org/product/product-vision/teams/ask-ai/ask-ai-premortem.md,.md,8943,ae550087d8c3783f0b0d03a652031afed4bdd9ca576242c551d9b678bc6efc1d,Ask AI — Action Composer — Premortem,2026-08-24,inventoried_only,Metadata only; no semantic-read claim.
local-evidence/restaurant-ai-automation,.planning/01-org/product/product-vision/teams/ask-ai/ask-ai-questions.md,.md,1858,c1f8021d28c2cbb32ebcfe79bf7e89533613106f291abfcbfc38012f9be87152,Ask AI — Questions & Findings,2026-08-24,inventoried_only,Metadata only; no semantic-read claim.
local-evidence/restaurant-ai-automation,.planning/01-org/product/product-vision/teams/ask-ai/ask-ai-schedule.md,.md,5882,86dd3cb999a265f06a0e01b67ca9de1a0cdc01a287b2eb342ed47b6d5d345d98,Ask AI — Action Composer — Schedule & Skills,2026-08-24,inventoried_only,Metadata only; no semantic-read claim.
local-evidence/restaurant-ai-automation,.planning/01-org/product/product-vision/teams/inbound-understanding/inbound-understanding-agenda-board.md,.md,2827,e91f3d04c3aa25909c7b815328d8aced5472ad81af3140d4b81e12a3209bcb21,Inbound Understanding — Board,2026-08-24,inventoried_only,Metadata only; no semantic-read claim.
local-evidence/restaurant-ai-automation,.planning/01-org/product/product-vision/teams/inbound-understanding/inbound-understanding-agenda-full.md,.md,6481,df01e3bfaaa686addae686744b561987e938f6f471a8e0148743917eec5c3a03,Inbound Understanding — Full Agenda,2026-08-24,inventoried_only,Metadata only; no semantic-read claim.
local-evidence/restaurant-ai-automation,.planning/01-org/product/product-vision/teams/inbound-understanding/inbound-understanding-agent-stack.md,.md,10131,d1c513e5ba7a1a100d76e639ddb30706e751c4b448eda6cbbfac25a572f30966,Inbound Understanding — Agent Stack,2026-08-27,inventoried_only,Metadata only; no semantic-read claim.
local-evidence/restaurant-ai-automation,.planning/01-org/product/product-vision/teams/inbound-understanding/inbound-understanding-charter.md,.md,7148,3137b53eb7771bd98219fe10b2a1752fa9c1b0ee90a8ec3948ea52185eb2d367,Inbound Understanding — Charter,2026-08-24,inventoried_only,Metadata only; no semantic-read claim.
local-evidence/restaurant-ai-automation,.planning/01-org/product/product-vision/teams/inbound-understanding/inbound-understanding-directive.md,.md,5502,35ecdf45dbc90f156fa5f0dc8d637e8c0f1240e9795eb0e2a028a519671e6c17,Inbound Understanding — Directive,2026-08-24,inventoried_only,Metadata only; no semantic-read claim.
local-evidence/restaurant-ai-automation,.planning/01-org/product/product-vision/teams/inbound-understanding/inbound-understanding-loops.md,.md,5953,b618f519dd7e0407fe50ddc8fdc35aad220e24726382bec4f89f843c0ff69eae,Inbound Understanding — Loops,2026-08-24,inventoried_only,Metadata only; no semantic-read claim.
local-evidence/restaurant-ai-automation,.planning/01-org/product/product-vision/teams/inbound-understanding/inbound-understanding-premortem.md,.md,8778,3cbf096028503e6a619755eb1ee197dac3e7caa8323cb3741a0757d115a3127b,Inbound Understanding — Premortem,2026-08-24,inventoried_only,Metadata only; no semantic-read claim.
local-evidence/restaurant-ai-automation,.planning/01-org/product/product-vision/teams/inbound-understanding/inbound-understanding-questions.md,.md,1918,cd13db89c3272b86abc08a88884c68f02fa50e2ab4cf0d6b3a9ba2336dab4089,Inbound Understanding — Questions & Findings,2026-08-24,inventoried_only,Metadata only; no semantic-read claim.
local-evidence/restaurant-ai-automation,.planning/01-org/product/product-vision/teams/inbound-understanding/inbound-understanding-schedule.md,.md,4831,90c1b8af052459301857916f0bb87911b8bdc5e49963a4afa71070f1ad8f3e29,Inbound Understanding — Schedule & Skills,2026-08-24,inventoried_only,Metadata only; no semantic-read claim.
local-evidence/restaurant-ai-automation,.planning/01-org/product/product-vision/teams/service-floor/service-floor-agenda-board.md,.md,3239,53a3381c84410bb51e31b3310ee12882a6b979f600702748a11e1749b7ae1905,Service Floor (Floor Checker) — Board,2026-08-24,inventoried_only,Metadata only; no semantic-read claim.
local-evidence/restaurant-ai-automation,.planning/01-org/product/product-vision/teams/service-floor/service-floor-agenda-full.md,.md,7452,2d308ed0099e62d56bc34dffff614b51218b8ccb0783565fc3e38b3c3651dae7,Service Floor (Floor Checker) — Full Agenda,2026-08-24,inventoried_only,Metadata only; no semantic-read claim.
local-evidence/restaurant-ai-automation,.planning/01-org/product/product-vision/teams/service-floor/service-floor-agent-stack.md,.md,9750,5f278ff74a59d72c720694b7b9eae984ba16b21086adbacbe5ef9b41eb25030b,Service Floor (Floor Checker) — Agent Stack,2026-08-27,inventoried_only,Metadata only; no semantic-read claim.
local-evidence/restaurant-ai-automation,.planning/01-org/product/product-vision/teams/service-floor/service-floor-charter.md,.md,8326,a71f684353b77d2dd2763d758cb7026593c50426df5ffc8226400358a075d245,Service Floor (Floor Checker) — Charter,2026-08-24,inventoried_only,Metadata only; no semantic-read claim.
local-evidence/restaurant-ai-automation,.planning/01-org/product/product-vision/teams/service-floor/service-floor-directive.md,.md,5855,d535cc65d01feb4d96bdbe23dedad65df534d6090afaa512be1a54771a1ec914,Service Floor (Floor Checker) — Directive,2026-08-24,inventoried_only,Metadata only; no semantic-read claim.
local-evidence/restaurant-ai-automation,.planning/01-org/product/product-vision/teams/service-floor/service-floor-loops.md,.md,6221,c6742526407279870b70cd6de265f65eba715aa086d118026de48c8b089f1015,Service Floor (Floor Checker) — Loops,2026-08-24,inventoried_only,Metadata only; no semantic-read claim.
local-evidence/restaurant-ai-automation,.planning/01-org/product/product-vision/teams/service-floor/service-floor-premortem.md,.md,8687,d5e6fe2753a0fcdb56088082d0b7702fd48aab93b752a5c30e83e9ceb347b00f,Service Floor (Floor Checker) — Premortem,2026-08-24,inventoried_only,Metadata only; no semantic-read claim.
local-evidence/restaurant-ai-automation,.planning/01-org/product/product-vision/teams/service-floor/service-floor-questions.md,.md,1902,166a6600e2642cd52aab36a12da2cda72542ddfb083b978ef7bf602ed9b5f121,Service Floor (Floor Checker) — Questions & Findings,2026-08-24,inventoried_only,Metadata only; no semantic-read claim.
local-evidence/restaurant-ai-automation,.planning/01-org/product/product-vision/teams/service-floor/service-floor-schedule.md,.md,4861,e7f60c0d847f65a8182b9d83bcb681f2ba682c5af317253f45a4378de1ffa5c6,Service Floor (Floor Checker) — Schedule & Skills,2026-08-24,inventoried_only,Metadata only; no semantic-read claim.
local-evidence/restaurant-ai-automation,.planning/01-org/product/product-vision/teams/supply-discovery/supply-discovery-agenda-board.md,.md,3074,885f85dcd64e820c186b5ba05b824d247cc054fe2dcaa2325e9b2667a9ad3fba,Supply Discovery (Vendor Finder) — Board,2026-08-24,inventoried_only,Metadata only; no semantic-read claim.
local-evidence/restaurant-ai-automation,.planning/01-org/product/product-vision/teams/supply-discovery/supply-discovery-agenda-full.md,.md,7156,ec5add09ca17a1756aec96d8c83cb607789dee56de4bec7969274c31377b7c50,Supply Discovery (Vendor Finder) — Full Agenda,2026-08-24,inventoried_only,Metadata only; no semantic-read claim.
local-evidence/restaurant-ai-automation,.planning/01-org/product/product-vision/teams/supply-discovery/supply-discovery-agent-stack.md,.md,10601,4e922798311466a4b1b7d1f510c35cd2627a52977cca3af296f6ffd029b98a2f,Supply Discovery (Vendor Finder) — Agent Stack,2026-08-27,inventoried_only,Metadata only; no semantic-read claim.
local-evidence/restaurant-ai-automation,.planning/01-org/product/product-vision/teams/supply-discovery/supply-discovery-charter.md,.md,7174,0e0315276fab45d0c4245843267e47ac66eaf1bbc24a095978d2c44cf866e24c,Supply Discovery (Vendor Finder) — Charter,2026-08-24,inventoried_only,Metadata only; no semantic-read claim.
local-evidence/restaurant-ai-automation,.planning/01-org/product/product-vision/teams/supply-discovery/supply-discovery-directive.md,.md,6132,078abde43feaefeb5c13e9a19b552345279bc55831e4bcd209689e9ab664e62b,Supply Discovery (Vendor Finder) — Directive,2026-08-24,inventoried_only,Metadata only; no semantic-read claim.
local-evidence/restaurant-ai-automation,.planning/01-org/product/product-vision/teams/supply-discovery/supply-discovery-loops.md,.md,5750,1bb604e3f2bc35c41a49cb644245ef55e88755e5dcd342d4c6d74600aff712e9,Supply Discovery (Vendor Finder) — Loops,2026-08-24,inventoried_only,Metadata only; no semantic-read claim.
local-evidence/restaurant-ai-automation,.planning/01-org/product/product-vision/teams/supply-discovery/supply-discovery-premortem.md,.md,8365,13a86064d241a2e442a68217deecade0faa4300797b1c28bab8828a5b44774af,Supply Discovery (Vendor Finder) — Premortem,2026-08-24,inventoried_only,Metadata only; no semantic-read claim.
local-evidence/restaurant-ai-automation,.planning/01-org/product/product-vision/teams/supply-discovery/supply-discovery-questions.md,.md,1914,5eb6bcc3b1be8500a735dfdabdb31d48459fb1e1e1f85b9843e6d4d4a34608be,Supply Discovery (Vendor Finder) — Questions & Findings,2026-08-24,inventoried_only,Metadata only; no semantic-read claim.
local-evidence/restaurant-ai-automation,.planning/01-org/product/product-vision/teams/supply-discovery/supply-discovery-schedule.md,.md,4955,1190245ea9eb9fbf72b2b300838898d099217a1e5747d07a8db07f69fd03b180,Supply Discovery (Vendor Finder) — Schedule & Skills,2026-08-24,inventoried_only,Metadata only; no semantic-read claim.
local-evidence/restaurant-ai-automation,.planning/01-org/product/product-vision/teams/surface-portfolio/surface-portfolio-agenda-board.md,.md,3675,a86cf6a04f2acbe0d15c0c012d46d6fad9340c1bc597fa6c71dd1b125af5f2de,Surface Portfolio — Board,2026-08-24,inventoried_only,Metadata only; no semantic-read claim.
local-evidence/restaurant-ai-automation,.planning/01-org/product/product-vision/teams/surface-portfolio/surface-portfolio-agenda-full.md,.md,6915,363cf35d03e0ccf869545cfecc6bc920a941239f37fa0874eec15a4d7df8ea28,Surface Portfolio — Full Agenda,2026-08-24,inventoried_only,Metadata only; no semantic-read claim.
local-evidence/restaurant-ai-automation,.planning/01-org/product/product-vision/teams/surface-portfolio/surface-portfolio-agent-stack.md,.md,8602,e7cda7b8d8b7b1d0fd2bcba4381559244d06bdbb7448ca9e5b5a448c5464425b,Surface Portfolio — Agent Stack,2026-08-27,inventoried_only,Metadata only; no semantic-read claim.
local-evidence/restaurant-ai-automation,.planning/01-org/product/product-vision/teams/surface-portfolio/surface-portfolio-charter.md,.md,7242,c2d0bc1a894cd23a54680c8db4523e1a51a22823c2e92c6bfffa463862e47f29,Surface Portfolio — Charter,2026-08-24,inventoried_only,Metadata only; no semantic-read claim.
local-evidence/restaurant-ai-automation,.planning/01-org/product/product-vision/teams/surface-portfolio/surface-portfolio-directive.md,.md,5866,7ba52b913f0a3aa1c6c32e392507b9f0c3dce5701054655fa877c925941f606d,Surface Portfolio — Directive,2026-08-24,inventoried_only,Metadata only; no semantic-read claim.
local-evidence/restaurant-ai-automation,.planning/01-org/product/product-vision/teams/surface-portfolio/surface-portfolio-loops.md,.md,6061,2aeb04884276b31aaf991f7bd5cb8d0d4a233eb2ec938199b5fc0935a8020a14,Surface Portfolio — Loops,2026-08-24,inventoried_only,Metadata only; no semantic-read claim.
local-evidence/restaurant-ai-automation,.planning/01-org/product/product-vision/teams/surface-portfolio/surface-portfolio-premortem.md,.md,7646,77772d2b5d3bdb6aa54925464d165a13d3677248c87b230ff95d426f1ff71c4e,Surface Portfolio — Premortem,2026-08-24,inventoried_only,Metadata only; no semantic-read claim.
local-evidence/restaurant-ai-automation,.planning/01-org/product/product-vision/teams/surface-portfolio/surface-portfolio-questions.md,.md,1902,23423f271c24d4a7af5efaed9db78045049c0325c786b7abdd80077f17369b46,Surface Portfolio — Questions & Findings,2026-08-24,inventoried_only,Metadata only; no semantic-read claim.
local-evidence/restaurant-ai-automation,.planning/01-org/product/product-vision/teams/surface-portfolio/surface-portfolio-schedule.md,.md,5026,09b70c4780a27f3ee8d5d29a73a3a2053da21f0f89a84ff644cb5c1897d7732d,Surface Portfolio — Schedule & Skills,2026-08-24,inventoried_only,Metadata only; no semantic-read claim.
local-evidence/restaurant-ai-automation,.planning/01-org/research-math/research-math-agenda-board.md,.md,7880,15290148a9be295e25a7499370841dfb164dc86c53dbd893226ea4c2276200c4,Research & Math — Board,2026-08-28,inventoried_only,Metadata only; no semantic-read claim.
local-evidence/restaurant-ai-automation,.planning/01-org/research-math/research-math-agenda-full.md,.md,27026,70c190e220b8ace24fa81fd71ee3bc35492b2b0e901e356281df304f404f25ff,Research & Math — Full Agenda,2026-08-28,inventoried_only,Metadata only; no semantic-read claim.
local-evidence/restaurant-ai-automation,.planning/01-org/research-math/research-math-agent-stack.md,.md,8767,c91445dbf82abe5492edcf47f754dfa263b3a6ebc2f088ad908b7cd222d76350,Research & Math — Agent Stack,2026-08-27,inventoried_only,Metadata only; no semantic-read claim.
local-evidence/restaurant-ai-automation,.planning/01-org/research-math/research-math-charter.md,.md,18839,9c24256abdb5db3db84700561306a95b95f6e446c2eb4c98e50b145d1c490e44,Research & Math — Charter,2026-08-24,inventoried_only,Metadata only; no semantic-read claim.
local-evidence/restaurant-ai-automation,.planning/01-org/research-math/research-math-directive.md,.md,6361,3b6c6dffc55c43ba63e1162df74d4be6f6fcdfc4ce2d3794b73879f10842d847,Research & Math — Directive,2026-08-24,inventoried_only,Metadata only; no semantic-read claim.
local-evidence/restaurant-ai-automation,.planning/01-org/research-math/research-math-loops.md,.md,8333,e582bef06df782d9ff962c926071ecac4854dde9663d0d3682da86885fa7d1f2,Research & Math — Loops,2026-08-24,inventoried_only,Metadata only; no semantic-read claim.
local-evidence/restaurant-ai-automation,.planning/01-org/research-math/research-math-premortem.md,.md,10796,17441d95eb192dc1163c3267334caefc7f03a3d3c76216643e5e83bee4c4a2ff,Research & Math — Premortem,2026-08-24,inventoried_only,Metadata only; no semantic-read claim.
local-evidence/restaurant-ai-automation,.planning/01-org/research-math/research-math-questions.md,.md,1873,d7b486f1e2dd4fee931ba08daecb3771f2b974b66926e665d205cedc140e6085,Research & Math — Questions & Findings,2026-08-24,inventoried_only,Metadata only; no semantic-read claim.
local-evidence/restaurant-ai-automation,.planning/01-org/research-math/research-math-schedule.md,.md,6851,c94807c2168df04e41abd3b48a8b19beaa461d2338dfbd983141984bccb42978,Research & Math — Schedule & Skills,2026-08-24,inventoried_only,Metadata only; no semantic-read claim.
local-evidence/restaurant-ai-automation,.planning/01-org/research-math/teams/backtests/backtests-agenda-board.md,.md,481,20d3dad5840f2118aa5c4218f14d71e84fa69a8e66a25ae52e7115f6f7153001,Backtests — Board,2026-08-24,inventoried_only,Metadata only; no semantic-read claim.
local-evidence/restaurant-ai-automation,.planning/01-org/research-math/teams/backtests/backtests-agenda-full.md,.md,1111,bf1919e78d4a89f8cef806d317a0f56d33826780e5915eff849795418431a27d,Backtests — Full Agenda,2026-08-24,inventoried_only,Metadata only; no semantic-read claim.
local-evidence/restaurant-ai-automation,.planning/01-org/research-math/teams/backtests/backtests-agent-stack.md,.md,7708,1dbf20e72cfe9674efdd1779daa02dc6bf541231855592c7f9321e6fcbd804a9,Backtests — Agent Stack,2026-08-27,inventoried_only,Metadata only; no semantic-read claim.
local-evidence/restaurant-ai-automation,.planning/01-org/research-math/teams/backtests/backtests-charter.md,.md,5723,ac2c94527a1be0e40a99953a4f54f3c4b484d6dd02df7679e371075ddbb92314,Backtests — Charter,2026-08-24,inventoried_only,Metadata only; no semantic-read claim.
local-evidence/restaurant-ai-automation,.planning/01-org/research-math/teams/backtests/backtests-directive.md,.md,1077,3c50423389c0df23e5d58aa125b467608105b38478904e44e99b69c46110c75f,Backtests — Directive,2026-08-24,inventoried_only,Metadata only; no semantic-read claim.
local-evidence/restaurant-ai-automation,.planning/01-org/research-math/teams/backtests/backtests-loops.md,.md,1593,f1e3c47f15096f77d3dfb84dd474aa6baef315dfc418beca3eec15c193343f29,Backtests — Loops,2026-08-24,inventoried_only,Metadata only; no semantic-read claim.
local-evidence/restaurant-ai-automation,.planning/01-org/research-math/teams/backtests/backtests-premortem.md,.md,3110,8888e04895212be5938fbbf97ff076585107e569664f90d3360a00e850527360,Backtests — Premortem,2026-08-24,inventoried_only,Metadata only; no semantic-read claim.
local-evidence/restaurant-ai-automation,.planning/01-org/research-math/teams/backtests/backtests-questions.md,.md,695,553c8cd5d9e8422ec56c6e62ac6eb3e02a6fb203a3beaa64775749ca4db6238c,Backtests — Questions,2026-08-24,inventoried_only,Metadata only; no semantic-read claim.
local-evidence/restaurant-ai-automation,.planning/01-org/research-math/teams/backtests/backtests-schedule.md,.md,883,45ae95fabfd63c3715fcf1db10c5acc4fff6b0d6974971633d87ce1bc1fc30b2,Backtests — Schedule & Skills,2026-08-24,inventoried_only,Metadata only; no semantic-read claim.
local-evidence/restaurant-ai-automation,.planning/01-org/research-math/teams/evaluation-doneability/evaluation-doneability-agenda-board.md,.md,5062,a7d82384e2073427145a180c0136568615cb40465b161e9b65a1294e2ac32519,Evaluation & Doneability (RM-2) — Board,2026-08-24,inventoried_only,Metadata only; no semantic-read claim.
local-evidence/restaurant-ai-automation,.planning/01-org/research-math/teams/evaluation-doneability/evaluation-doneability-agenda-full.md,.md,8206,08fd4225d8a15ceb0b8f4f0f06c7988306d8ee1b702f92de864952a2ea328735,Evaluation & Doneability (RM-2) — Full Agenda,2026-08-24,inventoried_only,Metadata only; no semantic-read claim.
local-evidence/restaurant-ai-automation,.planning/01-org/research-math/teams/evaluation-doneability/evaluation-doneability-agent-stack.md,.md,9667,ef61ef0f2ce27bb8af1775414cca6e45ce1d9b946d1dad5cb16f6a61a4b0a856,Evaluation & Doneability (RM-2) — Agent Stack,2026-08-27,inventoried_only,Metadata only; no semantic-read claim.
local-evidence/restaurant-ai-automation,.planning/01-org/research-math/teams/evaluation-doneability/evaluation-doneability-charter.md,.md,10339,51360e6c36880a9112de9086488586dc5ce156ce5d7df9ae199e685b290d301c,Evaluation & Doneability (RM-2) — Charter,2026-08-24,inventoried_only,Metadata only; no semantic-read claim.
local-evidence/restaurant-ai-automation,.planning/01-org/research-math/teams/evaluation-doneability/evaluation-doneability-directive.md,.md,5864,b562f6c698df096feb6848e40e7e38777dba1740399e6accff065632f04a466f,Evaluation & Doneability (RM-2) — Directive,2026-08-24,inventoried_only,Metadata only; no semantic-read claim.
local-evidence/restaurant-ai-automation,.planning/01-org/research-math/teams/evaluation-doneability/evaluation-doneability-loops.md,.md,8018,da81320761c85aeef7f6846f93f6314faa7d312c78e1f922c4435487d5312313,Evaluation & Doneability (RM-2) — Loops,2026-08-24,inventoried_only,Metadata only; no semantic-read claim.
local-evidence/restaurant-ai-automation,.planning/01-org/research-math/teams/evaluation-doneability/evaluation-doneability-premortem.md,.md,8837,5163d32246405c79f1eb10a45b00267b2330cfc9c8158734a8e2f223b1da611f,Evaluation & Doneability (RM-2) — Premortem,2026-08-24,inventoried_only,Metadata only; no semantic-read claim.
local-evidence/restaurant-ai-automation,.planning/01-org/research-math/teams/evaluation-doneability/evaluation-doneability-questions.md,.md,6303,3fad5c57f5e3829d57a05a83feba46bd0379cc35e15f897140a20c0f323cdb3f,Evaluation & Doneability — Questions & Findings,2026-08-24,inventoried_only,Metadata only; no semantic-read claim.
local-evidence/restaurant-ai-automation,.planning/01-org/research-math/teams/evaluation-doneability/evaluation-doneability-schedule.md,.md,5753,cc0e27916127522f0e9ea5b53d253bed0b262047c958bc2b79cd69f4c700625f,Evaluation & Doneability (RM-2) — Schedule & Skills,2026-08-24,inventoried_only,Metadata only; no semantic-read claim.
local-evidence/restaurant-ai-automation,.planning/01-org/research-math/teams/harness-model-routing/harness-model-routing-agenda-board.md,.md,4285,2956469e3b7ec3aa0d4a0094df8b04fdeb936260f68137b09e130284a207ed3a,Harness & Model Routing (RM-1) — Board,2026-08-24,inventoried_only,Metadata only; no semantic-read claim.
local-evidence/restaurant-ai-automation,.planning/01-org/research-math/teams/harness-model-routing/harness-model-routing-agenda-full.md,.md,7278,660c208b16746cf8b242c9554de6fa61316f8410abbcaa0bf2b882a514c20c45,Harness & Model Routing (RM-1) — Full Agenda,2026-08-24,inventoried_only,Metadata only; no semantic-read claim.
local-evidence/restaurant-ai-automation,.planning/01-org/research-math/teams/harness-model-routing/harness-model-routing-agent-stack.md,.md,9654,f34554c31e5ade02f80ea946582f7df699d0afd1e8a679997940ba5b4d28000d,Harness & Model Routing (RM-1) — Agent Stack,2026-08-27,inventoried_only,Metadata only; no semantic-read claim.
local-evidence/restaurant-ai-automation,.planning/01-org/research-math/teams/harness-model-routing/harness-model-routing-charter.md,.md,9022,dfc53177cb30f56153fb9470482779ac49ead5ff93e9c131b934e0176137dcf6,Harness & Model Routing (RM-1) — Charter,2026-08-24,inventoried_only,Metadata only; no semantic-read claim.
local-evidence/restaurant-ai-automation,.planning/01-org/research-math/teams/harness-model-routing/harness-model-routing-directive.md,.md,5700,6b983608a25c1793ea90a886b75f9257264f7278041cbbfa0242b7a5cb41f7bb,Harness & Model Routing (RM-1) — Directive,2026-08-24,inventoried_only,Metadata only; no semantic-read claim.
local-evidence/restaurant-ai-automation,.planning/01-org/research-math/teams/harness-model-routing/harness-model-routing-loops.md,.md,6906,fa37295b5b4225e8e502c5a25e814d2080198e10ec67be3310ab6be14ec32bbf,Harness & Model Routing (RM-1) — Loops,2026-08-24,inventoried_only,Metadata only; no semantic-read claim.
local-evidence/restaurant-ai-automation,.planning/01-org/research-math/teams/harness-model-routing/harness-model-routing-premortem.md,.md,8429,992e1609822e7820f19bf9a4f4aeefa8b696463122019dfdc19d1c2b65220cf4,Harness & Model Routing (RM-1) — Premortem,2026-08-24,inventoried_only,Metadata only; no semantic-read claim.
local-evidence/restaurant-ai-automation,.planning/01-org/research-math/teams/harness-model-routing/harness-model-routing-questions.md,.md,1925,d41774f2f9da7118e26b96a4ea506218d05ea67dab6e872a681080b51aba4261,Harness & Model Routing — Questions & Findings,2026-08-24,inventoried_only,Metadata only; no semantic-read claim.
local-evidence/restaurant-ai-automation,.planning/01-org/research-math/teams/harness-model-routing/harness-model-routing-schedule.md,.md,4886,13bbef875ca22ff8b70c578cf1234c482727c14996b9db5c7bc7fea9f22eb604,Harness & Model Routing (RM-1) — Schedule & Skills,2026-08-24,inventoried_only,Metadata only; no semantic-read claim.
local-evidence/restaurant-ai-automation,.planning/01-org/research-math/teams/neural-footprint-instrumentation/neural-footprint-instrumentation-agenda-board.md,.md,4754,84be177ffea5f54057d575228092c084560446bb6141814f99325d8d37edf1da,Neural Footprint Instrumentation (RM-3) — Board,2026-08-24,inventoried_only,Metadata only; no semantic-read claim.
local-evidence/restaurant-ai-automation,.planning/01-org/research-math/teams/neural-footprint-instrumentation/neural-footprint-instrumentation-agenda-full.md,.md,8508,b01abe3be48d7c5c6cca68c38155accd96956af7c9a4280f3783a3228ec41d51,Neural Footprint Instrumentation (RM-3) — Full Agenda,2026-08-24,inventoried_only,Metadata only; no semantic-read claim.
local-evidence/restaurant-ai-automation,.planning/01-org/research-math/teams/neural-footprint-instrumentation/neural-footprint-instrumentation-agent-stack.md,.md,10275,a893e572718fb863955300643dc79077ae0251d6d3006cbabee04a42c6862c89,Neural Footprint Instrumentation (RM-3) — Agent Stack,2026-08-27,inventoried_only,Metadata only; no semantic-read claim.
local-evidence/restaurant-ai-automation,.planning/01-org/research-math/teams/neural-footprint-instrumentation/neural-footprint-instrumentation-charter.md,.md,9573,c586625692d1be07c41a625c36a25c2798eb85fb776078b40c3a89b15cdd8d8a,Neural Footprint Instrumentation (RM-3) — Charter,2026-08-24,inventoried_only,Metadata only; no semantic-read claim.
local-evidence/restaurant-ai-automation,.planning/01-org/research-math/teams/neural-footprint-instrumentation/neural-footprint-instrumentation-directive.md,.md,5990,86bf6314b6ca4f322b712dc97ca1c8a5a7ed09192d45716adf3b18530a46886c,Neural Footprint Instrumentation (RM-3) — Directive,2026-08-24,inventoried_only,Metadata only; no semantic-read claim.
local-evidence/restaurant-ai-automation,.planning/01-org/research-math/teams/neural-footprint-instrumentation/neural-footprint-instrumentation-loops.md,.md,8037,0f034dd93e20579298a48194352609c92cd321c331f776ef0a301ab8100fd5bb,Neural Footprint Instrumentation (RM-3) — Loops,2026-08-24,inventoried_only,Metadata only; no semantic-read claim.
local-evidence/restaurant-ai-automation,.planning/01-org/research-math/teams/neural-footprint-instrumentation/neural-footprint-instrumentation-premortem.md,.md,8443,1d2beb5333f14fb57c8aa343850ae72a2d457ab1b2df4f67f5a32052ee667ee7,Neural Footprint Instrumentation (RM-3) — Premortem,2026-08-24,inventoried_only,Metadata only; no semantic-read claim.
local-evidence/restaurant-ai-automation,.planning/01-org/research-math/teams/neural-footprint-instrumentation/neural-footprint-instrumentation-questions.md,.md,2877,d972c5e772a99d8d0585c51252ce753a440fabc76273b77c10f6b69a70a99429,Neural Footprint Instrumentation — Questions & Findings,2026-08-24,inventoried_only,Metadata only; no semantic-read claim.
local-evidence/restaurant-ai-automation,.planning/01-org/research-math/teams/neural-footprint-instrumentation/neural-footprint-instrumentation-schedule.md,.md,5681,3b373cd0fb093765f33cef6bf99458af15c93478ffc156d6e75290c60d8d26a2,Neural Footprint Instrumentation (RM-3) — Schedule & Skills,2026-08-24,inventoried_only,Metadata only; no semantic-read claim.
local-evidence/restaurant-ai-automation,.planning/02-advisory/architecture-review/architecture-review-agenda-board.md,.md,8931,b8ddd2cd314192c656e278cbf149b3f387fa8107dc19a721157bd4e7b5904924,Architecture Review — Board,2026-08-28,inventoried_only,Metadata only; no semantic-read claim.
local-evidence/restaurant-ai-automation,.planning/02-advisory/architecture-review/architecture-review-agenda-full.md,.md,33948,207dfe466ff44f0ebb0fa62f332d46337b37ee5b21bb5198d1e04f85b9c5ffc6,Architecture Review — Full Agenda,2026-08-28,inventoried_only,Metadata only; no semantic-read claim.
local-evidence/restaurant-ai-automation,.planning/02-advisory/architecture-review/architecture-review-agent-stack.md,.md,9477,c5de3333d965d0836ef2dabf4a3ede953ca779997d6cf1ee1364e692ec889e05,Architecture Review — Agent Stack,2026-08-27,inventoried_only,Metadata only; no semantic-read claim.
local-evidence/restaurant-ai-automation,.planning/02-advisory/architecture-review/architecture-review-charter.md,.md,22503,4625d0a75bcae624338ac7ae6209d162823935807fe977ebd9e810e0689d3724,Architecture Review — Charter,2026-08-24,inventoried_only,Metadata only; no semantic-read claim.
local-evidence/restaurant-ai-automation,.planning/02-advisory/architecture-review/architecture-review-directive.md,.md,10696,f6f2ec013975f7a5bbf97875b17901b67373a2df51d3dcfc51c2e2a869da32a8,Architecture Review — Directive,2026-08-24,inventoried_only,Metadata only; no semantic-read claim.
local-evidence/restaurant-ai-automation,.planning/02-advisory/architecture-review/architecture-review-loops.md,.md,11755,0bc264f081adc11dec68406fd6e9f9feb46cdb0ffe23d4a96b3a6f396ae35496,Architecture Review — Loops,2026-08-24,inventoried_only,Metadata only; no semantic-read claim.
local-evidence/restaurant-ai-automation,.planning/02-advisory/architecture-review/architecture-review-premortem.md,.md,15784,85ce82cd877c82d521feb9e7decd96897125f0816ebdde69b967c6a13f5f6e7e,Architecture Review — Premortem,2026-08-24,inventoried_only,Metadata only; no semantic-read claim.
local-evidence/restaurant-ai-automation,.planning/02-advisory/architecture-review/architecture-review-questions.md,.md,1890,63eed3a3bfd078fdccc04ec5a5948e85fcacbfbcef48d292bd2e11890a96b5c0,Architecture Review — Questions & Findings,2026-08-24,inventoried_only,Metadata only; no semantic-read claim.
local-evidence/restaurant-ai-automation,.planning/02-advisory/architecture-review/architecture-review-schedule.md,.md,9144,92cad5837c95e2f24349dfcdc2fb0356baefed4bd46c6b669dbe1e91bc100615,Architecture Review — Schedule & Skills,2026-08-24,inventoried_only,Metadata only; no semantic-read claim.
local-evidence/restaurant-ai-automation,.planning/02-advisory/decision-office/FORK-REGISTRY.md,.md,43909,7878416449feb96a5edc1617d0cc8e073240cc1e7641aee1f10fc08660e0ce4d,Fork Registry — the authoritative map of every locally-minted fork ID,2026-08-24,inventoried_only,Metadata only; no semantic-read claim.
local-evidence/restaurant-ai-automation,.planning/02-advisory/decision-office/decision-office-agenda-board.md,.md,13985,25b941ad81f924ddbce97a5babe899a7b4ba3aff74358041587b798601a194a4,Decision Office — Board,2026-08-28,inventoried_only,Metadata only; no semantic-read claim.
local-evidence/restaurant-ai-automation,.planning/02-advisory/decision-office/decision-office-agenda-full.md,.md,32982,1c1f9678e00c6dd79fa5ff5b165ea37d2e978cf97ecc8eec3e442b26e2cc788d,Decision Office — Agenda · 2026-08-28,2026-08-28,inventoried_only,Metadata only; no semantic-read claim.
local-evidence/restaurant-ai-automation,.planning/02-advisory/decision-office/decision-office-agent-stack.md,.md,10225,b5898fc540bb41b9834d88e34b61c42224ca593ad4434f3764939c3c7535640a,Decision Office — Agent Stack,2026-08-27,inventoried_only,Metadata only; no semantic-read claim.
local-evidence/restaurant-ai-automation,.planning/02-advisory/decision-office/decision-office-charter.md,.md,21228,6a83e42b5b793a64db93fe605805004a78628f047419cda0866ee40be41f3b6e,Decision Office — Charter,2026-08-24,inventoried_only,Metadata only; no semantic-read claim.
local-evidence/restaurant-ai-automation,.planning/02-advisory/decision-office/decision-office-directive.md,.md,10932,198d6e2276294e5756b7edf0424eab5d45a3431a994e7cdbd92b84320f3d0962,Decision Office — Directive,2026-08-24,inventoried_only,Metadata only; no semantic-read claim.
local-evidence/restaurant-ai-automation,.planning/02-advisory/decision-office/decision-office-loops.md,.md,19335,a3f8f7713cb63cc11e5d9c661adb8aa470b1fdd38b7175556c675fceba34432b,Decision Office — Loops,2026-08-24,inventoried_only,Metadata only; no semantic-read claim.
local-evidence/restaurant-ai-automation,.planning/02-advisory/decision-office/decision-office-premortem.md,.md,16071,b73d9709f317fa6d269929bd563e8461aa426a0320a245770760e4e212c18cf6,Decision Office — Premortem,2026-08-24,inventoried_only,Metadata only; no semantic-read claim.
local-evidence/restaurant-ai-automation,.planning/02-advisory/decision-office/decision-office-questions.md,.md,2833,321052b5025f46bfccbf3aaec2343f156303b3780b184df1ce5cb351cf57c33c,Decision Office — Questions & Findings,2026-08-24,inventoried_only,Metadata only; no semantic-read claim.
local-evidence/restaurant-ai-automation,.planning/02-advisory/decision-office/decision-office-schedule.md,.md,11272,c94a59e71e64d1f9aa9e5510ef1377036e871647e09a5f11ddfbe710e0f989f0,Decision Office — Schedule & Skills,2026-08-24,inventoried_only,Metadata only; no semantic-read claim.
local-evidence/restaurant-ai-automation,.planning/02-advisory/red-team/red-team-agenda-board.md,.md,9753,bdc590241a20d5666177a3db8c70d025d730a7330df2f1552c6240385b05f154,Red Team — Board,2026-08-28,inventoried_only,Metadata only; no semantic-read claim.
local-evidence/restaurant-ai-automation,.planning/02-advisory/red-team/red-team-agenda-full.md,.md,37285,5657627d262f12070deaf5f6d0cdf33e9fbbbab9feab3331d0399ba9a903dc4b,Red Team — Full Agenda,2026-08-28,inventoried_only,Metadata only; no semantic-read claim.
local-evidence/restaurant-ai-automation,.planning/02-advisory/red-team/red-team-agent-stack.md,.md,10193,155fd25c2cfec04cc8386b79e6a142006078ad1150329fe02afd1821535f527e,Red Team — Agent Stack,2026-08-27,inventoried_only,Metadata only; no semantic-read claim.
local-evidence/restaurant-ai-automation,.planning/02-advisory/red-team/red-team-charter.md,.md,19706,d4de64d9bc8a33b44b1eaff3f103e3c6b6862a361ace9817a27bb5063cdbdcb4,Red Team — Charter,2026-08-24,inventoried_only,Metadata only; no semantic-read claim.
local-evidence/restaurant-ai-automation,.planning/02-advisory/red-team/red-team-directive.md,.md,12885,9487c412b1f0838c18ead330c46d1c5ebfbf5ca67fbb317bb4b33ea2d21a292b,Red Team — Directive,2026-08-24,inventoried_only,Metadata only; no semantic-read claim.
local-evidence/restaurant-ai-automation,.planning/02-advisory/red-team/red-team-loops.md,.md,12831,d3198e7e5ea753ff700c459054031b939676825b12239d81d8808b9c375f54c4,Red Team — Loops,2026-08-24,inventoried_only,Metadata only; no semantic-read claim.
local-evidence/restaurant-ai-automation,.planning/02-advisory/red-team/red-team-premortem.md,.md,15993,cd59530ece6363b68877d27ac1150a846ff9d2fdafd40f8a114018bdadb67f51,Red Team — Premortem,2026-08-24,inventoried_only,Metadata only; no semantic-read claim.
local-evidence/restaurant-ai-automation,.planning/02-advisory/red-team/red-team-questions.md,.md,1846,aff3ff8053996cd3efba4988f0348127f98c6fc582c9f5fccb8345b1959ce769,Red Team — Questions & Findings,2026-08-24,inventoried_only,Metadata only; no semantic-read claim.
local-evidence/restaurant-ai-automation,.planning/02-advisory/red-team/red-team-schedule.md,.md,9024,d1091742a661096e338d85e2627e446bebd89dd30dfbc587e61aeab571355ff2,Red Team — Schedule & Skills,2026-08-24,inventoried_only,Metadata only; no semantic-read claim.
local-evidence/restaurant-ai-automation,.planning/03-scenarios/DELIVERY-AUDIT.md,.md,19942,c8f48140a083bf087c61a5df84c8e80de7b01c1e8959ea691297e1a0abfc6747,Scenario delivery audit — does the backend actually do this?,2026-09-01,inventoried_only,Metadata only; no semantic-read claim.
local-evidence/restaurant-ai-automation,.planning/03-scenarios/S01-guest-dines-and-rates.md,.md,7098,7c10b7e63dd3d9915532d57b15d784a2632cf48e0d116c6d8cdb5087c715cec3,S01 — Guest dines and rates,2026-08-24,inventoried_only,Metadata only; no semantic-read claim.
local-evidence/restaurant-ai-automation,.planning/03-scenarios/S02-vendor-delivery-arrives.md,.md,6633,41a2a08c7393aad699114cc1a32fe032e785ffcd44a5b732eff7f0f4bb05859d,S02 — Vendor delivery arrives,2026-08-24,inventoried_only,Metadata only; no semantic-read claim.
local-evidence/restaurant-ai-automation,.planning/03-scenarios/S03-vendor-delivery-short-wrong-or-damaged.md,.md,12053,a11b5ce1d9ac9b8f7672a760e459c5349bbda8031afdfe2147dcf98a31009907,"S03 — Vendor delivery is short, wrong, or damaged",2026-08-24,inventoried_only,Metadata only; no semantic-read claim.
local-evidence/restaurant-ai-automation,.planning/03-scenarios/S04-pos-order-flows-to-inventory.md,.md,17242,7469ac02c8c6f239146b68958a6ebf29ca52d73a31855bbf5da14ff58d4f8e9e,S04 — POS order flows to inventory,2026-08-24,inventoried_only,Metadata only; no semantic-read claim.
local-evidence/restaurant-ai-automation,.planning/03-scenarios/S05-service-runs-floor-is-checked.md,.md,8576,f9adbb2413d036510602f2a91efaeced6d9364b58584231d863625e848a685d1,S05 — Service runs; the floor is checked,2026-08-24,inventoried_only,Metadata only; no semantic-read claim.
local-evidence/restaurant-ai-automation,.planning/03-scenarios/S06-new-dish-or-menu-item-enters-the-system.md,.md,8072,525570dd8308cc7f0e2990cd263df3b898509fafcd3b7745bc273aefa5cb914c,S06 — New dish/menu item enters the system,2026-08-24,inventoried_only,Metadata only; no semantic-read claim.
local-evidence/restaurant-ai-automation,.planning/03-scenarios/S07-guest-complaint-mid-service.md,.md,6722,e46348f016d9f7daffcb127e6a97d993301b32b8bc3a5c0eed2e8cbbd8206256,S07 — Guest complaint mid-service,2026-08-24,inventoried_only,Metadata only; no semantic-read claim.
local-evidence/restaurant-ai-automation,.planning/03-scenarios/S08-vendor-price-drift-over-time.md,.md,10699,9e6818ff9bbb83c71adb13dd25faddbf8ec6e8f0855a5028ded4a3a074b041ad,S08 — Vendor price drift over time,2026-08-24,inventoried_only,Metadata only; no semantic-read claim.
local-evidence/restaurant-ai-automation,.planning/03-scenarios/S09-pos-webhook-drops-or-desyncs.md,.md,9699,3fec6bddcf8dc6c59c7e68b5fe6cd451a217d68db7167f8cd9c1f5e6b639a82c,S09 — POS webhook drops / desyncs,2026-08-24,inventoried_only,Metadata only; no semantic-read claim.
local-evidence/restaurant-ai-automation,.planning/03-scenarios/S10-stockout-risk-before-a-busy-night.md,.md,9372,c49f73f6ebcd6a553249a42c76f261d0323fda374410decac02a2dc5b03cea5d,S10 — Stockout risk before a busy night,2026-08-24,inventoried_only,Metadata only; no semantic-read claim.
local-evidence/restaurant-ai-automation,.planning/03-scenarios/S11-waste-or-spoilage-logged.md,.md,7146,66968dc62c82373655a36fb2ea49318beefa91654a020fef331e84fdb08973a8,S11 — Waste / spoilage logged,2026-08-24,inventoried_only,Metadata only; no semantic-read claim.
local-evidence/restaurant-ai-automation,.planning/03-scenarios/S12-guest-builds-food-identity-over-visits.md,.md,8106,54b6809a85e7e7fe5239a94df8721dad9ab6a67feba0d7dc8cda9c5b692a0fbc,S12 — Guest builds food identity over visits,2026-08-24,inventoried_only,Metadata only; no semantic-read claim.
local-evidence/restaurant-ai-automation,.planning/03-scenarios/S13-new-vendor-discovery-and-onboarding.md,.md,10840,538a5155be475062102aca13568f3388a4b0ebf5a582bebaaf4825734593ea17,S13 — New vendor discovery & onboarding,2026-08-24,inventoried_only,Metadata only; no semantic-read claim.
local-evidence/restaurant-ai-automation,.planning/03-scenarios/S14-connecting-a-new-pos-provider.md,.md,8811,34f5f33978c9eb052f62ca0d65ad1fb3720ef3acb8a649e7ec2a27bd8a9bbaa5,S14 — Connecting a new POS provider,2026-08-24,inventoried_only,Metadata only; no semantic-read claim.
local-evidence/restaurant-ai-automation,.planning/03-scenarios/S15-owner-opens-the-weekly-insight-digest.md,.md,12071,cd6c708193befbd450d6187bcc145ee87b34eec18df6b2ba1c58fa1f2ec3847d,S15 — Owner opens the weekly insight digest,2026-08-24,inventoried_only,Metadata only; no semantic-read claim.
local-evidence/restaurant-ai-automation,.planning/03-scenarios/S16-staff-misses-a-table-window.md,.md,7288,f91a3105fc6a35944e48e14fe10377b2f083b85dfd12ff52edb4966b30fc8f49,S16 — Staff misses a table window,2026-08-24,inventoried_only,Metadata only; no semantic-read claim.
local-evidence/restaurant-ai-automation,.planning/03-scenarios/S17-same-product-two-identities-merge.md,.md,8475,813a4f19752d41a2c4dba409e39efa5fc0f0908f577bf775353d7520a013115c,"S17 — Same product, two identities (merge)",2026-08-24,inventoried_only,Metadata only; no semantic-read claim.
local-evidence/restaurant-ai-automation,.planning/03-scenarios/SCENARIO-CONTRACT.md,.md,6134,e3983a39369691831b51cee9af25b98e744276ef11b7d463732fb7b13e30a23a,Scenario Contract — the operational rituals,2026-08-24,inventoried_only,Metadata only; no semantic-read claim.
local-evidence/restaurant-ai-automation,.planning/03-scenarios/SCENARIO-MAP.md,.md,4317,a89d7d26f66ef3b65ebad205e17f3dc96be892ff6f4db7d9aec716fce9d81852,Scenario Map — the ritual library,2026-08-24,inventoried_only,Metadata only; no semantic-read claim.
local-evidence/restaurant-ai-automation,.planning/03-scenarios/TIER-MAP.md,.md,11963,85c0106cba2e067979212c778b0aab71045fe2f37962d4b50215e4388214db34,Tier Map — what a subscriber at each level actually gets,2026-08-24,inventoried_only,Metadata only; no semantic-read claim.
local-evidence/restaurant-ai-automation,.planning/04-specs/ACTION-SCHEMA-SPEC.md,.md,19681,b378ee092d6af366e72eeb07e71f5e530f9af3286da5e666a36a121cb32c4042,ACTION-SCHEMA-SPEC — the one typed action shape,,inventoried_only,Metadata only; no semantic-read claim.
local-evidence/restaurant-ai-automation,.planning/04-specs/ECOSYSTEM-E0-MEASUREMENTS.md,.md,20444,2afea8ea01da63cdf892e5798e8c40ef38f6e0a043ca6732a55243e8e64c2bc8,"Ecosystem E0 — the measurements, and what they corrected",,inventoried_only,Metadata only; no semantic-read claim.
local-evidence/restaurant-ai-automation,.planning/04-specs/ECOSYSTEM-PLAN.md,.md,24951,2015acb63de39d394953081c80af24d52581d68fada5ea848e0c0b62de69ff86,The Mudavym Ecosystem Plan — POS → Restaurant → Sales → Customer as one closed loop,,read_targeted,Selected sections/excerpts reviewed; not whole document.
local-evidence/restaurant-ai-automation,.planning/04-specs/HANDOFF-adr-0025.md,.md,4121,bb11e1eb1566810433851646a158b65c0ba38c9d7f084c55fa8c24b7125465e2,HANDOFF — ADR 0025 §6 (citation pairing),2026-08-26,read_targeted,"Header, dates, status, heading structure and supersession statements reviewed."
local-evidence/restaurant-ai-automation,.planning/04-specs/HANDOFF-integration-oauth.md,.md,16054,344fb62c1ba5834db53233d84f272f2625a865478395fcc7d4189460379d6f58,Handoff — integration OAuth tables (Drive / Excel),,read_targeted,"Header, dates, status, heading structure and supersession statements reviewed."
local-evidence/restaurant-ai-automation,.planning/04-specs/HANDOFF-od-95.md,.md,10264,4312a3593083a08cf29215d687d4740d02ad57e41e7b24057b855d1757aa3150,HANDOFF — OD-95 resolved by deletion (ADR 0027),,read_targeted,"Header, dates, status, heading structure and supersession statements reviewed."
local-evidence/restaurant-ai-automation,.planning/04-specs/HANDOFF-p3b-beverages.md,.md,15056,c4f22ece870617ddcad172637d30128c245780abd6f17a5c2af6f3a2655f8572,"Handoff — P3.B, beverages first: the oracle, and two defects it uncovered",,read_targeted,"Header, dates, status, heading structure and supersession statements reviewed."
local-evidence/restaurant-ai-automation,.planning/04-specs/HANDOFF-page-retirement.md,.md,10698,a4e7d87ff875d4cd947216ab141263bb0b961a511c65ccf523685cf25453a8e5,HANDOFF — page retirement (ADR 0019 §B),2026-08-26,read_targeted,"Header, dates, status, heading structure and supersession statements reviewed."
local-evidence/restaurant-ai-automation,.planning/04-specs/HANDOFF-push-subscriptions.md,.md,14906,fba95f61f9c9bea5716c695b04ad449dd74114867b79096939c03237c6f6ca88,HANDOFF — `push_subscriptions`: the table should NOT be created,,read_targeted,"Header, dates, status, heading structure and supersession statements reviewed."
local-evidence/restaurant-ai-automation,.planning/04-specs/HANDOFF-schema-guard.md,.md,15714,ccd119e3f0644d78d88005bfc3a31e932844afa740907f4c929d5e567230f9a7,Handoff — schema drift CI guard,,read_targeted,"Header, dates, status, heading structure and supersession statements reviewed."
local-evidence/restaurant-ai-automation,.planning/04-specs/HOP4-BRIDGE-DESIGN.md,.md,104283,69bcd5d285ec1b77a05bc46f1beab0bcbcdfc1b2ffa63db609e51094dea37159,Hop-4 sense→act bridge — implementation-ready design,,inventoried_only,Metadata only; no semantic-read claim.
local-evidence/restaurant-ai-automation,.planning/04-specs/OD-107-STRICTNULLCHECKS-MEASUREMENT.md,.md,21686,c937f01dcd3d054e89eaf62033f489ab6555e07b762edfbfbd4a2bb7e6c5deda,OD-107 — `strictNullChecks` in the gateway: the measurement,,inventoried_only,Metadata only; no semantic-read claim.
local-evidence/restaurant-ai-automation,.planning/04-specs/OD-59-PYTHON-AUDIT.md,.md,26174,ef1e523d127b1c02ab0c72d5171653a15bd4a83bbc07141f43bc41cd8323cceb,OD-59 Python audit — can the agent-orchestrator express a task-level verdict?,,inventoried_only,Metadata only; no semantic-read claim.
local-evidence/restaurant-ai-automation,.planning/04-specs/OD-59-READOUT-AUDIT.md,.md,28368,399065f1828d878af82d7609e67bc7fd6545b7ed3a3c0cc4180929265d8f4f64,OD-59 readout audit — can the view layer hold two `outcome_basis` readings?,,inventoried_only,Metadata only; no semantic-read claim.
local-evidence/restaurant-ai-automation,.planning/04-specs/OD-59-VERDICT-CENSUS.md,.md,35664,cae46d9caca25d9424677033971bdb807e060d8d4ad9fcd315a96453c490ff18,OD-59 — Doneability verdict census,,inventoried_only,Metadata only; no semantic-read claim.
local-evidence/restaurant-ai-automation,.planning/04-specs/OD-72-RLS-POSTURE.md,.md,13587,73026105e73ac034072f02c64980eddb7fea270242c0e45429e436f91ec3baff,"OD-72 — RLS posture: policies, gateway-only, or off?",,inventoried_only,Metadata only; no semantic-read claim.
local-evidence/restaurant-ai-automation,.planning/04-specs/OD-77-81-SESSION-PLAN.md,.md,6646,59ca6b589bc2bc0b0c3179fc5cf738db3870a3c261b05213bfdb6a1b2d210055,Session plan — OD-77 / 78 / 79 / 81,2026-08-26,inventoried_only,Metadata only; no semantic-read claim.
local-evidence/restaurant-ai-automation,.planning/04-specs/OD-81-REPORT-GENERATOR-SCOPING.md,.md,15737,2c091040c322f990ddb43558793e50ded3e6524af4085fbfb00054423931f3b4,OD-81 — is report generation in scope this milestone?,2026-08-26,inventoried_only,Metadata only; no semantic-read claim.
local-evidence/restaurant-ai-automation,.planning/04-specs/P1-BUILD-LOG.md,.md,15130,ad4c6f94c04a4cfe7e8da672110deab037d1f34bd2a5d1b9f7a24f57e146051c,"P1 Build Log — what was actually done, and how it was verified",2026-08-24,inventoried_only,Metadata only; no semantic-read claim.
local-evidence/restaurant-ai-automation,.planning/04-specs/P1-EMITTER-ARCHITECTURE.md,.md,21409,f69ca74a190c48fbfb90a2125778a391bbf8853a84b411f3c185ee8088f2765c,P1 Emitter — architecture proposal for the NestJS gateway,2026-08-24,inventoried_only,Metadata only; no semantic-read claim.
local-evidence/restaurant-ai-automation,.planning/04-specs/P1-NF-A-INSTRUMENTATION.md,.md,7733,98002a573cf09389976e5e20dbb6038a0d50304bfe7fbad0c4dd08cc8008487d,P1 — NF-A Instrumentation,2026-08-24,inventoried_only,Metadata only; no semantic-read claim.
local-evidence/restaurant-ai-automation,.planning/04-specs/P1-PYTHON-EMITTER.md,.md,18432,7ccb7c40b6522942a3cc72051fdc2061d410a761e88955b124475358754abeb4,P1 — Python emitter architecture (proposal),2026-08-24,inventoried_only,Metadata only; no semantic-read claim.
local-evidence/restaurant-ai-automation,.planning/04-specs/P3A-MOBILE-PARITY-GAP.md,.md,62222,1e37eda93ceb30b986b64cb814705706e8f5060bf09726f0cb8c480b62fcce0e,"P3.A — Mobile parity: the measured gap, and the slices built against it",,inventoried_only,Metadata only; no semantic-read claim.
local-evidence/restaurant-ai-automation,.planning/04-specs/POS-BRIDGE-AUDIT.md,.md,43755,9f4aaa9b01fde2528e7bcb30157cdb3d8619815af4ec3f167522cdac3a4d9c92,POS bridge — audit,2026-08-24,inventoried_only,Metadata only; no semantic-read claim.
local-evidence/restaurant-ai-automation,.planning/04-specs/REGISTER-AUDIT-2026-08-26.md,.md,38510,4a77efc23cb413aa6e26061a628e76621627317ee2d0202cf8b0c8b4a878b077,Open-decision register audit — 2026-08-26,,inventoried_only,Metadata only; no semantic-read claim.
local-evidence/restaurant-ai-automation,.planning/04-specs/TOAST-ACTIVATION-READINESS.md,.md,20751,9586759226035857d1cfd020769ad20d91115be0731417619175cf8e4460640f,Toast activation readiness,2026-09-02,inventoried_only,Metadata only; no semantic-read claim.
local-evidence/restaurant-ai-automation,.planning/05-library/21st-dev.md,.md,1999,62a940e42d4f27bc60dc4329547dbe4ddc41b1c0eed6084980a2f78d77f6954d,21st.dev,2026-08-24,inventoried_only,Metadata only; no semantic-read claim.
local-evidence/restaurant-ai-automation,.planning/05-library/README.md,.md,10533,570516e2371dc8a83dc157ea91c1676b563218cd2eef2cab5707ff1b1d6adfe6,Tooling & Reference Library,2026-08-24,inventoried_only,Metadata only; no semantic-read claim.
local-evidence/restaurant-ai-automation,.planning/05-library/ahrefs.md,.md,2727,4972045e3c5d562b0094c40e095f2c4af1d4cb9f47dea849b448b940328b825d,Ahrefs,2026-08-24,inventoried_only,Metadata only; no semantic-read claim.
local-evidence/restaurant-ai-automation,.planning/05-library/animista.md,.md,1772,d72978ceb3f92e3433ea41baf3a96d2f5f0d7196a954c56df52854508061e57c,Animista,2026-08-24,inventoried_only,Metadata only; no semantic-read claim.
local-evidence/restaurant-ai-automation,.planning/05-library/answerthepublic.md,.md,3010,25766db2fbcbe945dcad7bdc869273db02adc4bcf9d40789985ce1ca2df534cc,AnswerThePublic,2026-08-24,inventoried_only,Metadata only; no semantic-read claim.
local-evidence/restaurant-ai-automation,.planning/05-library/anydoc.md,.md,3437,1c10f72fbc42023a1002f8988011965d0ee1519910b1287637e71219d7356ca8,anydoc (firecrawl/anydoc),2026-08-24,inventoried_only,Metadata only; no semantic-read claim.
local-evidence/restaurant-ai-automation,.planning/05-library/base-agent.md,.md,3250,74f4e3cd733a77f59da5ba2ee12227ba86d675b98ce5341b48512b17935a0803,In-house `BaseAgent`,2026-08-24,inventoried_only,Metadata only; no semantic-read claim.
local-evidence/restaurant-ai-automation,.planning/05-library/dataforseo.md,.md,2455,43a90de0c60bd332635779368187462e40a3e08339da212145d430cd10b0328c,DataForSEO,2026-08-24,inventoried_only,Metadata only; no semantic-read claim.
local-evidence/restaurant-ai-automation,.planning/05-library/deepseek-harness.md,.md,2388,4d5948a15fe4f369c66e83f873e66f5754db59f2529a7794f307d7cdb842b7ea,DeepSeek Harness (`dsh`),2026-08-24,inventoried_only,Metadata only; no semantic-read claim.
local-evidence/restaurant-ai-automation,.planning/05-library/ga4.md,.md,2846,c87e1214af54521d88873bb7501f1fb653e79d230775e6b35ae02b675e736ad0,Google Analytics 4 — Data API v1,2026-08-24,inventoried_only,Metadata only; no semantic-read claim.
local-evidence/restaurant-ai-automation,.planning/05-library/google-search-console.md,.md,2699,d6d635d8f6eb0df66d741d961d530a91e3e743b4293d572a9e68206e41debda0,Google Search Console,2026-08-24,inventoried_only,Metadata only; no semantic-read claim.
local-evidence/restaurant-ai-automation,.planning/05-library/haikei.md,.md,1922,d3a726ab363917fa5d5abbda27f4ff5a8616565dcdfd4d4a092ab8e03752c1e3,Haikei,2026-08-24,inventoried_only,Metadata only; no semantic-read claim.
local-evidence/restaurant-ai-automation,.planning/05-library/hermes-agent.md,.md,3037,b3524b29ab8aec52e735d76e3a66df39bd3aa7585b8b6deaac65aaade278ab47,hermes-agent (NousResearch),2026-08-24,inventoried_only,Metadata only; no semantic-read claim.
local-evidence/restaurant-ai-automation,.planning/05-library/microsoft-clarity.md,.md,2459,c1241fa5247daea20486d8e12f5c130460b3fb1332a8b972887391e4ece185ed,Microsoft Clarity,2026-08-24,inventoried_only,Metadata only; no semantic-read claim.
local-evidence/restaurant-ai-automation,.planning/05-library/motion-primitives.md,.md,2208,ee4cf3fab51ff88c31e391fa0001f9721837ae218b808072b11b621898161982,Motion Primitives,2026-08-24,inventoried_only,Metadata only; no semantic-read claim.
local-evidence/restaurant-ai-automation,.planning/05-library/open-wa.md,.md,3848,2db9fd812797cb075c46fdde19b9e86ff2c6dcc55168319c2b773d5da4ab6172,open-wa / wa-automate-nodejs,2026-08-24,inventoried_only,Metadata only; no semantic-read claim.
local-evidence/restaurant-ai-automation,.planning/05-library/perplexity-search-harvest.md,.md,3324,e91fa5d1eafeced8c69df6fe2ce491323b8da0a32e96c54512538974a036e762,Perplexity search harvesting,2026-08-24,inventoried_only,Metadata only; no semantic-read claim.
local-evidence/restaurant-ai-automation,.planning/05-library/phosphor-icons.md,.md,2267,6241e208d5f689e2dc7b732b74c0481b87447439fcbf3edb69a89d6ca5643068,Phosphor Icons,2026-08-24,inventoried_only,Metadata only; no semantic-read claim.
local-evidence/restaurant-ai-automation,.planning/05-library/playwright-cli.md,.md,2363,a7c3079408eceaa54690050fbeb2c36407bfbf20cc4a9f823776dac8573179f9,Playwright CLI,2026-08-24,inventoried_only,Metadata only; no semantic-read claim.
local-evidence/restaurant-ai-automation,.planning/05-library/pomelli.md,.md,2447,15e05edc6ebd4fed9ec204ca675bc53f0159b373d32296738bb2867da9469dda,Pomelli,2026-08-24,inventoried_only,Metadata only; no semantic-read claim.
local-evidence/restaurant-ai-automation,.planning/05-library/screaming-frog.md,.md,2210,89f807907abb15cbe84ef08f5497d76beb821bd1b111b82aad244937248f362d,Screaming Frog SEO Spider,2026-08-24,inventoried_only,Metadata only; no semantic-read claim.
local-evidence/restaurant-ai-automation,.planning/05-library/shadcn-ui.md,.md,2450,5b059afc92d38719ea6f6cee51f4f0d97eecb1258331c36c858da996d158ed21,shadcn/ui,2026-08-24,inventoried_only,Metadata only; no semantic-read claim.
local-evidence/restaurant-ai-automation,.planning/05-library/stitch.md,.md,2394,f24dd0b2037afff5414f4619546181b7516acf5c88affb3dc57b7589e5c9df41,Google Stitch,2026-08-24,inventoried_only,Metadata only; no semantic-read claim.
local-evidence/restaurant-ai-automation,.planning/05-library/taste-skill.md,.md,2841,f19b92f6122ec8a96c6130b2ab2b8e62e41ac06c06d37cb938017205168fef19,taste-skill,2026-08-24,inventoried_only,Metadata only; no semantic-read claim.
local-evidence/restaurant-ai-automation,.planning/05-library/unlimited-ocr.md,.md,2987,901b44a2c142cec8e6e62d1a2c54d6537620a0b386ff4da14e5ad323b3d6198a,Unlimited-OCR (baidu/Unlimited-OCR),2026-08-24,inventoried_only,Metadata only; no semantic-read claim.
local-evidence/restaurant-ai-automation,.planning/05-library/unverified-references.md,.md,3017,8151e3a970bfe91e9174cba40f67ec5bde44ed56bda54972da1889bd1c74a97d,Unverified references,2026-08-24,inventoried_only,Metadata only; no semantic-read claim.
local-evidence/restaurant-ai-automation,.planning/06-pages/COLOR-AUDIT-PLATFORM.md,.md,35689,cce852cbf79d9f58955cc3ecbffc425baf53e1394ba8dab08ed4417332057a55,COLOR-AUDIT-PLATFORM — everything outside `apps/web`,,inventoried_only,Metadata only; no semantic-read claim.
local-evidence/restaurant-ai-automation,.planning/06-pages/COLOR-AUDIT-WEB.md,.md,54103,f31a8bc6f818c2e5bbe3b77a1737e01814b5927aea1dd152b78b3b1217938c33,COLOR-AUDIT-WEB — every colour `apps/web` currently uses,,inventoried_only,Metadata only; no semantic-read claim.
local-evidence/restaurant-ai-automation,.planning/06-pages/COLOR-CONTRAST-REPORT.md,.md,40926,4f5983868412925eb366353c083980fba66755f53aebc7f5a6e8671c990f7c79,Colour and contrast verification — İznik seal + Warm Charcoal,,inventoried_only,Metadata only; no semantic-read claim.
local-evidence/restaurant-ai-automation,.planning/06-pages/DESIGN-FOUNDATION.md,.md,17784,53317e16f8a1cc68f5c357a566c5e756786e4c9450cfef30456678e94391398c,"Design Foundation — plan only, no build",2026-09-02,read_targeted,Selected sections/excerpts reviewed; not whole document.
local-evidence/restaurant-ai-automation,.planning/06-pages/MAKEOVER-VERDICTS.md,.md,19316,0b300deed7c04530419e3140b9dfe0e8882f092e17b4748c09363fe84bece735,Makeover verdicts — 2026-08-29,2026-08-29,read_full,Complete displayed text reviewed.
local-evidence/restaurant-ai-automation,.planning/06-pages/PAGE-CONTRACT.md,.md,6819,0c0291253be36dfd9ca26fb2c26232338a556baaa94b22687813c06bfb8b7996,Page Contract — one document per route,2026-08-26,inventoried_only,Earlier concatenated output was truncated; not counted as semantic read.
local-evidence/restaurant-ai-automation,.planning/06-pages/PAGES-MAP.md,.md,10661,308baf2e3effdb8c104e15216e984b66f1095bc93f8234f27ee2cbd524626a5f,Pages Map — the ecosystem layer,2026-08-26,read_targeted,Selected sections/excerpts reviewed; not whole document.
local-evidence/restaurant-ai-automation,.planning/06-pages/RETIRED.md,.md,10521,69f7ebd1c3992e07807d2954d660a05f8de88e95ac2dbd7f1c93f47b4870e4ad,Retired pages,2026-08-26,inventoried_only,Metadata only; no semantic-read claim.
local-evidence/restaurant-ai-automation,.planning/06-pages/admin-health.md,.md,9479,5e4e47a5814d04c17f1cf2314a982945e465ad872670360b7c0cfb7727a89de2,/admin/health,2026-08-26,read_targeted,"All purpose/features/gaps/design-intent/states/roadmap sections1,1a,9,12,13 plus14/15 where present. Longer endpoint/schema/producer tables selectively inspected."
local-evidence/restaurant-ai-automation,.planning/06-pages/admin.md,.md,12540,0097a3dd26117391d0f310e449e38cc4e1ff166624f1310c6b46c38659b931c2,/admin,2026-08-26,read_targeted,"All purpose/features/gaps/design-intent/states/roadmap sections1,1a,9,12,13 plus14/15 where present. Longer endpoint/schema/producer tables selectively inspected."
local-evidence/restaurant-ai-automation,.planning/06-pages/authorize-integration.md,.md,8355,17f75adc7461b8cb0f57df1b550b890d2fe6ecb09cd0e33291cb500ce488acd1,/authorize/:integrationId,2026-08-26,read_targeted,"All purpose/features/gaps/design-intent/states/roadmap sections1,1a,9,12,13 plus14/15 where present. Longer endpoint/schema/producer tables selectively inspected."
local-evidence/restaurant-ai-automation,.planning/06-pages/calendar.md,.md,13032,32042770ca0d80310360e27e6a9d54ff4361ee396388f14eab5138ce4e4cdbd3,/calendar — Calendar (modular),2026-08-26,read_targeted,"All purpose/features/gaps/design-intent/states/roadmap sections1,1a,9,12,13 plus14/15 where present. Longer endpoint/schema/producer tables selectively inspected."
local-evidence/restaurant-ai-automation,.planning/06-pages/communications.md,.md,26437,c60320b76436deb169bf74ac0a750d794edfb119a496d08d3cb26c09c845ff50,/communications — Communications,2026-09-02,read_targeted,"All purpose/features/gaps/design-intent/states/roadmap sections1,1a,9,12,13 plus14/15 where present. Longer endpoint/schema/producer tables selectively inspected."
local-evidence/restaurant-ai-automation,.planning/06-pages/credits.md,.md,4040,eefee190e2f950861e0df442e0f13fefd7ca8a7bc9d5e6e07fa82dc23e0dcea4,/credits — redirect → /receipts?tab=credits,2026-08-26,read_targeted,"All purpose/features/gaps/design-intent/states/roadmap sections1,1a,9,12,13 plus14/15 where present. Longer endpoint/schema/producer tables selectively inspected."
local-evidence/restaurant-ai-automation,.planning/06-pages/dashboard.md,.md,17062,8048dc62a03e180f884414c73945ba346d8e57c8043f342efc4bc5f4c0f7ecb2,/ — Dashboard,2026-09-03,read_full,Full file
local-evidence/restaurant-ai-automation,.planning/06-pages/dev-sandbox.md,.md,9314,021241a5fd9f2c6dea108682d941fd4ced50883f08c2d444c508bf6727d33b1f,/dev-sandbox,2026-08-26,read_targeted,"All purpose/features/gaps/design-intent/states/roadmap sections1,1a,9,12,13 plus14/15 where present. Longer endpoint/schema/producer tables selectively inspected."
local-evidence/restaurant-ai-automation,.planning/06-pages/distributors.md,.md,4843,bcb6a4ac6a19051f3dbc1e024e808b7a25649b17ecf90080e904d713e35a3df8,/distributors — legacy redirect → /providers?tab=discover,2026-08-26,read_targeted,"All purpose/features/gaps/design-intent/states/roadmap sections1,1a,9,12,13 plus14/15 where present. Longer endpoint/schema/producer tables selectively inspected."
local-evidence/restaurant-ai-automation,.planning/06-pages/documents-reports.md,.md,32655,d534bf16fcbff57a2015a88b493b0c81e8f04075b1e3acbce5df5b53ea04d2a5,/documents-reports — Documents & Reports,2026-09-02,read_targeted,"All purpose/features/gaps/design-intent/states/roadmap sections1,1a,9,12,13 plus14/15 where present. Longer endpoint/schema/producer tables selectively inspected."
local-evidence/restaurant-ai-automation,.planning/06-pages/forgot-password.md,.md,6898,4a11f598685dbab19967617809826aee568c0feee9cdc485d9bfe5aee170072b,/forgot-password,2026-08-26,read_targeted,"All purpose/features/gaps/design-intent/states/roadmap sections1,1a,9,12,13 plus14/15 where present. Longer endpoint/schema/producer tables selectively inspected."
local-evidence/restaurant-ai-automation,.planning/06-pages/get-started.md,.md,14051,a051ae450e986d3cdec3c60b33f0f5f2703045a1ba85e7c0afe20f90ceb4af21,/get-started,2026-08-26,read_targeted,"All purpose/features/gaps/design-intent/states/roadmap sections1,1a,9,12,13 plus14/15 where present. Longer endpoint/schema/producer tables selectively inspected."
local-evidence/restaurant-ai-automation,.planning/06-pages/help.md,.md,10253,373ec5e8e303d77a8ef9c5dc0a89a1b75b45be15a4527b2be2a8164ae7a6213c,/help — Help & Support,2026-08-26,read_targeted,"All purpose/features/gaps/design-intent/states/roadmap sections1,1a,9,12,13 plus14/15 where present. Longer endpoint/schema/producer tables selectively inspected."
local-evidence/restaurant-ai-automation,.planning/06-pages/inventory.md,.md,23894,e9dc702c45cfc79419a01fabec9fa9f75898767263411de989564cb048d0ed77,/inventory — Inventory Command,2026-09-03,read_targeted,"All purpose/features/gaps/design-intent/states/roadmap sections1,1a,9,12,13 plus14/15 where present. Longer endpoint/schema/producer tables selectively inspected."
local-evidence/restaurant-ai-automation,.planning/06-pages/invite-landing.md,.md,9163,7b811e62260d37df4ba8bce8b1c0a7afe2d7cb9dbbe783862b94dab8f2f800ff,/invite/:code,2026-08-26,read_targeted,"All purpose/features/gaps/design-intent/states/roadmap sections1,1a,9,12,13 plus14/15 where present. Longer endpoint/schema/producer tables selectively inspected."
local-evidence/restaurant-ai-automation,.planning/06-pages/login.md,.md,12638,46ffc9621ad1aa4afcff3254ae7cd36cf4b64580fdc9fbaec5481458096beba0,/login,2026-08-26,read_targeted,"All purpose/features/gaps/design-intent/states/roadmap sections1,1a,9,12,13 plus14/15 where present. Longer endpoint/schema/producer tables selectively inspected."
local-evidence/restaurant-ai-automation,.planning/06-pages/logs.md,.md,16058,22f92f9554da742a42dcba0fc93aea10f97f565546027abee3f2832fadd7c161,/logs,2026-09-03,read_targeted,"All purpose/features/gaps/design-intent/states/roadmap sections1,1a,9,12,13 plus14/15 where present. Longer endpoint/schema/producer tables selectively inspected."
local-evidence/restaurant-ai-automation,.planning/06-pages/no-access.md,.md,6811,efad678c36cc045c0adf6b54838dae20a4e50f04cc94a8b31d3dc444871b8fcb,/no-access,2026-08-26,read_targeted,"All purpose/features/gaps/design-intent/states/roadmap sections1,1a,9,12,13 plus14/15 where present. Longer endpoint/schema/producer tables selectively inspected."
local-evidence/restaurant-ai-automation,.planning/06-pages/notifications.md,.md,16675,8f996853e31fbf0f4c1a87909f2b099632378252442bd43a73f922facd0fb3e4,/notifications — Notifications,2026-09-03,read_targeted,"All purpose/features/gaps/design-intent/states/roadmap sections1,1a,9,12,13 plus14/15 where present. Longer endpoint/schema/producer tables selectively inspected."
local-evidence/restaurant-ai-automation,.planning/06-pages/onboarding.md,.md,9223,db1df7df8dad9578b5393cdba56581dee13c7191fdd3b43fd9495abf1620e9bb,/onboarding,2026-08-26,read_targeted,"All purpose/features/gaps/design-intent/states/roadmap sections1,1a,9,12,13 plus14/15 where present. Longer endpoint/schema/producer tables selectively inspected."
local-evidence/restaurant-ai-automation,.planning/06-pages/orders.md,.md,15246,33cada68ec04c3ebf00a01a648a27032e473546a488a2fbdcad190e9ff413d26,/orders — Orders,2026-08-26,read_targeted,"All purpose/features/gaps/design-intent/states/roadmap sections1,1a,9,12,13 plus14/15 where present. Longer endpoint/schema/producer tables selectively inspected."
local-evidence/restaurant-ai-automation,.planning/06-pages/privacy.md,.md,8077,b3fcc5fe8e628d2cab88595ee6a9ec789cea6a2b3f761ba4c360d8bb84c819ba,/privacy — privacy & data notice,2026-08-26,read_targeted,"All purpose/features/gaps/design-intent/states/roadmap sections1,1a,9,12,13 plus14/15 where present. Longer endpoint/schema/producer tables selectively inspected."
local-evidence/restaurant-ai-automation,.planning/06-pages/profile.md,.md,10461,d851570b7660d86db4879b0d8d33898d3ab9dc1adb36bf38ad9d6d4de088388b,/profile,2026-08-26,read_targeted,"All purpose/features/gaps/design-intent/states/roadmap sections1,1a,9,12,13 plus14/15 where present. Longer endpoint/schema/producer tables selectively inspected."
local-evidence/restaurant-ai-automation,.planning/06-pages/promotions.md,.md,10422,d09a4a0679c042bb8554d0607677533c8ccc4de3242840225da9cc4b4f7cfeb1,"/promotions — vendor offers, trusted senders, prospects",2026-08-26,read_targeted,"All purpose/features/gaps/design-intent/states/roadmap sections1,1a,9,12,13 plus14/15 where present. Longer endpoint/schema/producer tables selectively inspected."
local-evidence/restaurant-ai-automation,.planning/06-pages/providers.md,.md,15801,5eb725574682a1b63b168a8b0eb8e30359a05b2803dd769afde48822f216451d,/providers — vendor roster + distributor discovery,2026-08-26,read_targeted,"All purpose/features/gaps/design-intent/states/roadmap sections1,1a,9,12,13 plus14/15 where present. Longer endpoint/schema/producer tables selectively inspected."
local-evidence/restaurant-ai-automation,.planning/06-pages/receipts.md,.md,25553,a55359bbbfc481a3a497574284575d6d3aae7cc1a5dd21d734852c7cf2c94fbb,/receipts — Receipts & Credits,2026-09-04,read_targeted,"All purpose/features/gaps/design-intent/states/roadmap sections1,1a,9,12,13 plus14/15 where present. Longer endpoint/schema/producer tables selectively inspected."
local-evidence/restaurant-ai-automation,.planning/06-pages/receiving-door.md,.md,11604,68519e659206a3238f0af17f4d31325671b1aeff981a41301d131088e3e6fac8,/receiving/:orderId/door — Door receipt,2026-08-26,read_targeted,"All purpose/features/gaps/design-intent/states/roadmap sections1,1a,9,12,13 plus14/15 where present. Longer endpoint/schema/producer tables selectively inspected."
local-evidence/restaurant-ai-automation,.planning/06-pages/receiving.md,.md,37974,d6e57b492ff3135bd45017046419958ed978b0e3a55f6c6a7c8273d2e86f9860,/receiving — Receiving home (role-split),2026-09-01,read_targeted,"All purpose/features/gaps/design-intent/states/roadmap sections1,1a,9,12,13 plus14/15 where present. Longer endpoint/schema/producer tables selectively inspected."
local-evidence/restaurant-ai-automation,.planning/06-pages/recommendations-catalog.md,.md,10639,f3e76e21829e2e69e3e8a00744c1ed0080b3dbc6bd690ed508fc03339b6d8fdc,/recommendations/catalog — Insight Catalog,2026-09-03,read_targeted,"All purpose/features/gaps/design-intent/states/roadmap sections1,1a,9,12,13 plus14/15 where present. Longer endpoint/schema/producer tables selectively inspected."
local-evidence/restaurant-ai-automation,.planning/06-pages/recommendations.md,.md,12362,8fcfa964eaae1e014bb30ea03dcccea3df77f653b4d55b932ffffb45785d91f3,/recommendations — Recommendations,2026-09-03,read_targeted,"All purpose/features/gaps/design-intent/states/roadmap sections1,1a,9,12,13 plus14/15 where present. Longer endpoint/schema/producer tables selectively inspected."
local-evidence/restaurant-ai-automation,.planning/06-pages/register.md,.md,11560,2903c987e34cd81f39275a71fb95c396ee8b25bf426b8c9996987a2a12f98dfb,/register,2026-08-26,read_targeted,"All purpose/features/gaps/design-intent/states/roadmap sections1,1a,9,12,13 plus14/15 where present. Longer endpoint/schema/producer tables selectively inspected."
local-evidence/restaurant-ai-automation,.planning/06-pages/reports.md,.md,13585,d4b2ffa339bd87f4fbc4b94a8d234ef4626013a4b3f8275ea4966708222027b1,/reports — Reports,2026-09-03,read_targeted,"All purpose/features/gaps/design-intent/states/roadmap sections1,1a,9,12,13 plus14/15 where present. Longer endpoint/schema/producer tables selectively inspected."
local-evidence/restaurant-ai-automation,.planning/06-pages/reset-password.md,.md,6881,2047045489c8629ba247e0e8d56d444659516c6c5c539de6d43fd868eb4c9d0b,/reset-password,2026-08-26,read_targeted,"All purpose/features/gaps/design-intent/states/roadmap sections1,1a,9,12,13 plus14/15 where present. Longer endpoint/schema/producer tables selectively inspected."
local-evidence/restaurant-ai-automation,.planning/06-pages/services.md,.md,4075,2dfd4d39e09b393432eb298ea719e038281dbff25ae503a1e281def159cad75b,/services — redirect → /settings?tab=services,2026-08-26,read_targeted,"All purpose/features/gaps/design-intent/states/roadmap sections1,1a,9,12,13 plus14/15 where present. Longer endpoint/schema/producer tables selectively inspected."
local-evidence/restaurant-ai-automation,.planning/06-pages/settings.md,.md,15700,92584faa73a12df5ce0def88abce2afcac1d5a3c498cc61e788b8fdb40f258d5,/settings — Settings,2026-08-26,read_targeted,"All purpose/features/gaps/design-intent/states/roadmap sections1,1a,9,12,13 plus14/15 where present. Longer endpoint/schema/producer tables selectively inspected."
local-evidence/restaurant-ai-automation,.planning/06-pages/simpos-order-log.md,.md,9831,af6a1f6f8bb43c88bbf8b0e9180ced1f5fdb480332afc1d8e2317e2d7c89412c,/simpos/:restaurantId/orders,2026-09-03,read_targeted,"All purpose/features/gaps/design-intent/states/roadmap sections1,1a,9,12,13 plus14/15 where present. Longer endpoint/schema/producer tables selectively inspected."
local-evidence/restaurant-ai-automation,.planning/06-pages/simpos-scenarios.md,.md,8206,14df27caeccd8b253402c858fcc1b62d3297b04ec2a90af199b25cd48c104e81,/simpos/:restaurantId/scenarios,2026-09-02,read_targeted,"All purpose/features/gaps/design-intent/states/roadmap sections1,1a,9,12,13 plus14/15 where present. Longer endpoint/schema/producer tables selectively inspected."
local-evidence/restaurant-ai-automation,.planning/06-pages/simpos-terminal.md,.md,17738,1814e94e533d8371e65d7864788b7e61ece60ef8ead31143b1c477ab1e0ee231,/simpos/:restaurantId,2026-09-03,read_targeted,"All purpose/features/gaps/design-intent/states/roadmap sections1,1a,9,12,13 plus14/15 where present. Longer endpoint/schema/producer tables selectively inspected."
local-evidence/restaurant-ai-automation,.planning/06-pages/sommelier.md,.md,13559,040d49d8110f221ba3433851f888858973132ec6b1aa463574f0b10c1d5750d1,/sommelier — Sommelier AI chat,2026-09-03,read_targeted,"All purpose/features/gaps/design-intent/states/roadmap sections1,1a,9,12,13 plus14/15 where present. Longer endpoint/schema/producer tables selectively inspected."
local-evidence/restaurant-ai-automation,.planning/06-pages/studio-certify.md,.md,11948,163d6331b9f311a20c1641a73d7e5bc8f5d0590835bd63f097ad8c0942b66c34,/studio/certify — certified contributors admin,2026-08-26,read_targeted,"All purpose/features/gaps/design-intent/states/roadmap sections1,1a,9,12,13 plus14/15 where present. Longer endpoint/schema/producer tables selectively inspected."
local-evidence/restaurant-ai-automation,.planning/06-pages/studio-invite-redeem.md,.md,9225,b59ee1b8a00fb96658f2c5172c564739c8937f624c4f6f4ee503c00e40319c05,/studio/invite/:token — accept a studio invite,2026-08-26,read_targeted,"All purpose/features/gaps/design-intent/states/roadmap sections1,1a,9,12,13 plus14/15 where present. Longer endpoint/schema/producer tables selectively inspected."
local-evidence/restaurant-ai-automation,.planning/06-pages/studio-queue.md,.md,8541,bace5188fd4c35cc92eb7e49c2cebeee6029ba14a934a8c90242d71b2de51520,/studio/queue — override approval queue,2026-08-26,read_targeted,"All purpose/features/gaps/design-intent/states/roadmap sections1,1a,9,12,13 plus14/15 where present. Longer endpoint/schema/producer tables selectively inspected."
local-evidence/restaurant-ai-automation,.planning/06-pages/studio.md,.md,17616,6cc68c14b37f27dee5654ec39b88a7a6aaaa9f245930fa4e304cbb5d4feac3bb,/studio — data ingestion workbench,2026-08-26,read_targeted,"All purpose/features/gaps/design-intent/states/roadmap sections1,1a,9,12,13 plus14/15 where present. Longer endpoint/schema/producer tables selectively inspected."
local-evidence/restaurant-ai-automation,.planning/06-pages/team.md,.md,24564,91b6d322049c673440c9f4cbb19e74c76f48be444e291a9b5ed878cdfef1bc58,/team — Team Command,2026-09-02,read_targeted,"All purpose/features/gaps/design-intent/states/roadmap sections1,1a,9,12,13 plus14/15 where present. Longer endpoint/schema/producer tables selectively inspected."
local-evidence/restaurant-ai-automation,.planning/06-pages/vendor-prices.md,.md,9933,f648809094f345aafbd40953f224438bacf8513bb6d0f94ddadf1ec99b1f93fe,/vendor-prices — cross-vendor price comparison,2026-08-26,read_targeted,"All purpose/features/gaps/design-intent/states/roadmap sections1,1a,9,12,13 plus14/15 where present. Longer endpoint/schema/producer tables selectively inspected."
local-evidence/restaurant-ai-automation,.planning/06-pages/vendor-public-page.md,.md,13829,5e9b38b9546acdf60d8b04b1051c0e222ce16f1012f5db9280b6dfab9e83fc7a,/v/:slug — public vendor catalogue,2026-08-26,read_targeted,"All purpose/features/gaps/design-intent/states/roadmap sections1,1a,9,12,13 plus14/15 where present. Longer endpoint/schema/producer tables selectively inspected."
local-evidence/restaurant-ai-automation,.planning/06-pages/verify-email.md,.md,11534,79aee43f5134f327ebf6c0c6af8e201ccd3051d11995883e49bfd9d131040a0b,/verify-email,2026-08-26,read_targeted,"All purpose/features/gaps/design-intent/states/roadmap sections1,1a,9,12,13 plus14/15 where present. Longer endpoint/schema/producer tables selectively inspected."
local-evidence/restaurant-ai-automation,.planning/06-pages/wines.md,.md,13509,9961bacdf176b4a2a189e05a02a6b89da7ee25451028ecc894174410b50acf40,/wines — Wine Library,2026-08-26,read_targeted,"All purpose/features/gaps/design-intent/states/roadmap sections1,1a,9,12,13 plus14/15 where present. Longer endpoint/schema/producer tables selectively inspected."
local-evidence/restaurant-ai-automation,.planning/07-reference/ANALYTICS_FEATURE_CATALOG.md,.md,58761,367b50983fd2589ad356e608b819348b056784ee163c433026f5dcf08fa33c9c,WineOps Analytics Feature Catalog,,inventoried_only,Metadata only; no semantic-read claim.
local-evidence/restaurant-ai-automation,.planning/07-reference/BEVERAGE_CATALOGUE_ARCHITECTURE.md,.md,71498,3eb458d01b8d1bf651edbf9a6863dae55f00baa050fb5f79f90a9f8e81f3fa96,"Beverage catalogue — architecture, identity contract, and the promotion path",,inventoried_only,Metadata only; no semantic-read claim.
local-evidence/restaurant-ai-automation,.planning/07-reference/BEVERAGE_CATALOGUE_PLAN.md,.md,58602,4897f61ab9212913949de5883a5907232437da31c9d636c4e30eba370f41b314,"Beverage catalogue, display names, and blend data",,inventoried_only,Metadata only; no semantic-read claim.
local-evidence/restaurant-ai-automation,.planning/07-reference/CONVERSATION_THREADING_PLAN.md,.md,15623,cac7bb77f110825076e167b708e890365deedbdc343d4c8979781ea94606f341,Conversation Threading & Order Linkage — Fix Plan,,inventoried_only,Metadata only; no semantic-read claim.
local-evidence/restaurant-ai-automation,.planning/07-reference/DISH_IDENTITY_DESIGN.md,.md,11657,3ad2ab283788db7e6436d3e2e873edef1db09902ef6ecc1d1446f0dd03630aa4,"Dish identity — design, and why it is deliberately not built yet",,inventoried_only,Metadata only; no semantic-read claim.
local-evidence/restaurant-ai-automation,.planning/07-reference/FEATURE_ROADMAP.md,.md,29443,d07320e7c925005e8154f77b25d8bdbf61d534771516fc3c002f07bb42634e09,🗺️ Mudavym — Complete Feature Roadmap,,inventoried_only,Metadata only; no semantic-read claim.
local-evidence/restaurant-ai-automation,.planning/07-reference/FOOD-REASONING-GRAPH.md,.md,18774,6a8d1c8c9398a534d08ac654c11f463b62282bf3554cd16058ca96c87c436352,"The food-reasoning graph — what must be computed, in what order",2026-08-31,inventoried_only,Metadata only; no semantic-read claim.
local-evidence/restaurant-ai-automation,.planning/07-reference/GOOGLE_AND_API_CREDENTIALS_SETUP.md,.md,11626,8a253d19abc98469f88e00302bdb3b99886c5a9a9830da420f5b58a9c61d800e,Google & API credentials — setup from scratch,,inventoried_only,Metadata only; no semantic-read claim.
local-evidence/restaurant-ai-automation,.planning/07-reference/INBOUND_EMAIL_INTELLIGENCE_PLAN.md,.md,38100,e10de81a388f21f9b790d5be129fe61330b83319d886ac62b5a89162c4b844d0,"Inbound Email Intelligence — Comprehensive Plan (v2, audited)",,inventoried_only,Metadata only; no semantic-read claim.
local-evidence/restaurant-ai-automation,.planning/07-reference/INDEX.md,.md,5116,432341aa4b8b2aca9acda2e5ed15cd7ebd6520463976875c188475fc0647b300,07-reference — closed records and reference corpora,2026-08-27,inventoried_only,Metadata only; no semantic-read claim.
local-evidence/restaurant-ai-automation,.planning/07-reference/INVENTORY_ADD_REMOVE_SCENARIOS.md,.md,26114,959827f87a1db66fb2bb6a376defef04166c099abe67cdac1e6042320b6932f0,Inventory Add/Remove Scenarios — Design Brief,,inventoried_only,Metadata only; no semantic-read claim.
local-evidence/restaurant-ai-automation,.planning/07-reference/INVENTORY_SOTA_PLAN.md,.md,31855,166abc16e19e25f9a14c83fdeace1af0a2cbefa4ea8cfb17d0749ec41183a8ae,WineOps — `/inventory` SOTA Rebuild Plan,,inventoried_only,Metadata only; no semantic-read claim.
local-evidence/restaurant-ai-automation,.planning/07-reference/INVOICE_DOC_UX_RESEARCH.md,.md,82688,4e685cef096a2e051cb14ab9bd8f7fd05efd1ebd3f377d89669dbba7c63596a5,"The WineOps document — what actually hurts, and what the rendered document must carry",,inventoried_only,Metadata only; no semantic-read claim.
local-evidence/restaurant-ai-automation,.planning/07-reference/LEDGER-FOOD-MIGRATION-OPTIONS.md,.md,40528,d8d939a8195570e4762239628032b8bb77c03c67438d5c24343dfedeeae11172,Ledger → food: migration options for OD-113,,inventoried_only,Metadata only; no semantic-read claim.
local-evidence/restaurant-ai-automation,.planning/07-reference/LLM_INSTRUCTION_PROMPTS.md,.md,1614,e63a24591960edea2af4d22495047f15168c07885c56380cf780696da74daa5f,LLM Instruction Prompts — retired 2026-08-27,2026-08-27,inventoried_only,Metadata only; no semantic-read claim.
local-evidence/restaurant-ai-automation,.planning/07-reference/MENU_EXTRACTION_SCALE_PLAN.md,.md,40703,7d0ac05a2ed2252a19ca787ed7ed678c010e19a85aa2ff694decbe405a12078b,Menu Extraction at 1000+ Restaurants,,inventoried_only,Metadata only; no semantic-read claim.
local-evidence/restaurant-ai-automation,.planning/07-reference/MOBILE_APP_SETUP_AND_STATUS.md,.md,6796,a1d03bfb75fa1aed1484e655b04333707d11c0502d803243c32dff8d8c054c80,"📱 WineOps AI Mobile App - Setup, Connection & Status",,inventoried_only,Metadata only; no semantic-read claim.
local-evidence/restaurant-ai-automation,.planning/07-reference/PRODUCER_REPUTATION_PLAN.md,.md,65927,8abeb2a575894e593a602c920cde83e060c3e1d778082d8d72e8df6f27ecf265,Producer Reputation — Design Plan,,inventoried_only,Metadata only; no semantic-read claim.
local-evidence/restaurant-ai-automation,.planning/07-reference/PROSPECTS_ATTRIBUTION_ARCHITECTURE.md,.md,15038,78d4f449ac235901d301e3e3fbdb0a88c85870c2cd475eafe761e94d86b83ae2,Prospects Attribution — SOTA Architecture Decision & Phased Plan,,inventoried_only,Metadata only; no semantic-read claim.
local-evidence/restaurant-ai-automation,.planning/07-reference/REQUIREMENTS.md,.md,42519,10ba848c8d63aa42c04dee564befa9f4eeaee877c6ed10e8260e7d2f01450b24,Requirements: WineOps Hybrid Extraction Pipeline,,inventoried_only,Metadata only; no semantic-read claim.
local-evidence/restaurant-ai-automation,.planning/07-reference/SYNTHETIC_DATA_AND_DOCS_PLAN.md,.md,13261,93d2092d88c4950e8135c05a3dc1004f0faec92225ead708d5db0571b128fd11,"Synthetic data, the bridge, and the WineOps document",,inventoried_only,Metadata only; no semantic-read claim.
local-evidence/restaurant-ai-automation,.planning/07-reference/TOAST_API_CONFIGURATION.md,.md,2221,9b13e78367a7e12a065da8413fc012a2e077438b7cdaa64becd1448976f0ea74,Toast Platform Integration Report — retired 2026-09-02,2026-09-02,inventoried_only,Metadata only; no semantic-read claim.
local-evidence/restaurant-ai-automation,.planning/07-reference/TOAST_API_DEVELOPER_GUIDE.md,.md,4145,5f59eafcee23ea8d3fd62b053f7da4b370dcadccd115908dc27d14bfadfe0635,,,inventoried_only,Metadata only; no semantic-read claim.
local-evidence/restaurant-ai-automation,.planning/07-reference/UX_PATHS_CATALOG.md,.md,158311,8102e0c3fe10ecb9e24d2722928f1019a8b5cfc3d1ceafa7a4c516f6cd6fb58d,WineOps Web App — UX Path Catalog,,inventoried_only,Metadata only; no semantic-read claim.
local-evidence/restaurant-ai-automation,.planning/07-reference/UX_SELF_LEARNING_AGENT.md,.md,5451,42448bb17b8c594ab6d8a4d313c709b17d5037963561625efba0859859fc17e7,Self-Learning UX Agent (in-product runtime),,inventoried_only,Metadata only; no semantic-read claim.
local-evidence/restaurant-ai-automation,.planning/07-reference/claude_full_architectural.md,.md,185749,2248998d0b205c61b8ea5b283b39ecb1f204a8d5c7fb8852de3718d3b8521f47,,,inventoried_only,Metadata only; no semantic-read claim.
local-evidence/restaurant-ai-automation,.planning/07-reference/pr-audits/356-05f6226.md,.md,3235,c111062b3363e14ec2ae549315c2742fa7f3131523ae17e9c330c89b59229162,,,inventoried_only,Metadata only; no semantic-read claim.
local-evidence/restaurant-ai-automation,.planning/07-reference/pr-audits/356-1552cf5.md,.md,2925,20c3fae8e7fea2ccf02e04d3f5555bbdd37cde0721c3bad807448d17c06adb57,,,inventoried_only,Metadata only; no semantic-read claim.
local-evidence/restaurant-ai-automation,.planning/07-reference/v1.0-MILESTONE-AUDIT.md,.md,10126,45606df39ec42a42ca8c2ee5e6d1de4b903be2a3af9700bc19a946c550746486,v1.0 Milestone Audit — WineOps Hybrid Extraction Pipeline,,inventoried_only,Metadata only; no semantic-read claim.
local-evidence/restaurant-ai-automation,.planning/07-reference/v2.0-MILESTONE-AUDIT.md,.md,19827,36f9b7149a15fa380faddb564a487226f4ef095828becf26bffde23c25f88641,v2.0 Milestone Audit — Mudavym / WineOps Backend Kitchen Architecture,,inventoried_only,Metadata only; no semantic-read claim.
local-evidence/restaurant-ai-automation,.planning/08-softwares/SOFTWARE-CONTRACT.md,.md,4918,ec0fde1f4b2850460b79ca7900c2f0e9f51b2c4455caf2863e55352ee8b119f0,Software Contract — one document per small software,2026-09-01,inventoried_only,Metadata only; no semantic-read claim.
local-evidence/restaurant-ai-automation,.planning/08-softwares/SOFTWARE-MAP.md,.md,12369,959a85ab2dc872b1eeaec24769cf36ab08c77231a32c7fade781ce1224148d20,Software Map — the small softwares inside the one entity,2026-09-01,read_targeted,Selected sections/excerpts reviewed; not whole document.
local-evidence/restaurant-ai-automation,.planning/08-softwares/admin-health.md,.md,10038,1d4783c019d6af9c6620ec4d00f2f2678ec9abc7629d8b408f150150bb7ca06e,Admin & Health,2026-09-01,read_targeted,"All purpose/features/maturity-seams/future-direction narrative sections0,1,7,8; exact source lines read. Other API/data/owner tables selectively inspected."
local-evidence/restaurant-ai-automation,.planning/08-softwares/app-shell-support.md,.md,4189,d31892bfd229af56b3532ce1454908faac4266e50686a92ead88cfc25a1b0bec,App Shell & Support,2026-09-01,read_targeted,"All purpose/features/maturity-seams/future-direction narrative sections0,1,7,8; exact source lines read. Other API/data/owner tables selectively inspected."
local-evidence/restaurant-ai-automation,.planning/08-softwares/auth-onboarding.md,.md,13464,099ed8a24434b430237694a33b93b22b0d6842a5afd1dc0e9b28c4357d7f6aad,Auth & Onboarding,2026-09-01,read_targeted,"All purpose/features/maturity-seams/future-direction narrative sections0,1,7,8; exact source lines read. Other API/data/owner tables selectively inspected."
local-evidence/restaurant-ai-automation,.planning/08-softwares/calendar.md,.md,9548,bd6ff8464eb3ee4a964efc03a1555e021a5588cc4c3b0c1092b6bd0135d13eb3,Calendar,2026-09-01,read_targeted,"All purpose/features/maturity-seams/future-direction narrative sections0,1,7,8; exact source lines read. Other API/data/owner tables selectively inspected."
local-evidence/restaurant-ai-automation,.planning/08-softwares/communications-hub.md,.md,11571,acd2971a7b63daec0f209606747cee63f0a924dc185985aa7a5009e9fc098672,Communications Hub,2026-09-01,read_targeted,"All purpose/features/maturity-seams/future-direction narrative sections0,1,7,8; exact source lines read. Other API/data/owner tables selectively inspected."
local-evidence/restaurant-ai-automation,.planning/08-softwares/dashboard-home.md,.md,8562,9ea70fef71d75ee9b4b7c2f4f591842d72e1775a6255a5d753549d49bec8f6f8,Dashboard Home,2026-09-01,read_full,Full file
local-evidence/restaurant-ai-automation,.planning/08-softwares/global-vendor-search.md,.md,5065,d94b99a4f24b564cfe88059d6b19bfb4c01fe77a46ae4d1cad01544e05a9bba9,Global Vendor Search,2026-09-01,read_targeted,"All purpose/features/maturity-seams/future-direction narrative sections0,1,7,8; exact source lines read. Other API/data/owner tables selectively inspected."
local-evidence/restaurant-ai-automation,.planning/08-softwares/inventory-command.md,.md,9732,11249eb66ce4dd9b0eca7f054ce59f6dca7cdd37a3c5648735cc4fe802adf584,Inventory Command,2026-09-01,read_targeted,"All purpose/features/maturity-seams/future-direction narrative sections0,1,7,8; exact source lines read. Other API/data/owner tables selectively inspected."
local-evidence/restaurant-ai-automation,.planning/08-softwares/notifications.md,.md,8943,cec480baf83eb59642e01e9df8b767a6423d49f4af308b27865626ab3f45e084,Notifications,2026-09-01,read_targeted,"All purpose/features/maturity-seams/future-direction narrative sections0,1,7,8; exact source lines read. Other API/data/owner tables selectively inspected."
local-evidence/restaurant-ai-automation,.planning/08-softwares/orders.md,.md,7774,21d7ec336555de32c72f4179b1fdb699d1877aae705e578f3f89be1f30e8a318,Orders,2026-09-01,read_targeted,"All purpose/features/maturity-seams/future-direction narrative sections0,1,7,8; exact source lines read. Other API/data/owner tables selectively inspected."
local-evidence/restaurant-ai-automation,.planning/08-softwares/pos-bridge.md,.md,16385,6e890056f32b9947aafa2262b5d26533fcfd1dd0d22438711f94140dc443b374,POS Bridge,2026-09-01,read_targeted,"All purpose/features/maturity-seams/future-direction narrative sections0,1,7,8; exact source lines read. Other API/data/owner tables selectively inspected."
local-evidence/restaurant-ai-automation,.planning/08-softwares/promotions.md,.md,10681,b8398b5f9bf08bcfdc55091e5dcff14d16e8a23b009991154af228975118b27f,Promotions,2026-09-01,read_targeted,"All purpose/features/maturity-seams/future-direction narrative sections0,1,7,8; exact source lines read. Other API/data/owner tables selectively inspected."
local-evidence/restaurant-ai-automation,.planning/08-softwares/receipts-invoice-match.md,.md,24680,1a0825acc31c552d4395657c6e4dbc698b768e19d629787b52a241483990f2aa,Receipts & Invoice Match,2026-09-01,read_targeted,"All purpose/features/maturity-seams/future-direction narrative sections0,1,7,8; exact source lines read. Other API/data/owner tables selectively inspected."
local-evidence/restaurant-ai-automation,.planning/08-softwares/receiving.md,.md,7766,ca6b600377ccfa10ef1afaaab4eb26993b6925b07adb99722132d5a5c3281cc4,Receiving,2026-09-01,read_targeted,"All purpose/features/maturity-seams/future-direction narrative sections0,1,7,8; exact source lines read. Other API/data/owner tables selectively inspected."
local-evidence/restaurant-ai-automation,.planning/08-softwares/recommendations.md,.md,11380,ef3741ba92cc1f714c2437c55197694ab297ff01eb9a06b2b3e994561cc6ee79,Recommendations,2026-09-01,read_targeted,"All purpose/features/maturity-seams/future-direction narrative sections0,1,7,8; exact source lines read. Other API/data/owner tables selectively inspected."
local-evidence/restaurant-ai-automation,.planning/08-softwares/recurring-orders.md,.md,9951,81cc565dffd103ea6e8e0c86f233d9d9629c1b1782ee97d045358b55883f7f9e,Recurring Orders,2026-09-01,read_targeted,"All purpose/features/maturity-seams/future-direction narrative sections0,1,7,8; exact source lines read. Other API/data/owner tables selectively inspected."
local-evidence/restaurant-ai-automation,.planning/08-softwares/reports-analytics.md,.md,13944,9d8ffdc2d4871f5828035bb7a494f01e29f88a878fcddf07b1254a5822c577f8,Reports & Analytics,2026-09-01,read_targeted,"All purpose/features/maturity-seams/future-direction narrative sections0,1,7,8; exact source lines read. Other API/data/owner tables selectively inspected."
local-evidence/restaurant-ai-automation,.planning/08-softwares/settings-integrations.md,.md,10390,dc145ee60bcb5660eabf7cf56c9ddeae0e057f83b158d40d403a6fb04d227983,Settings & Integrations,2026-09-01,read_targeted,"All purpose/features/maturity-seams/future-direction narrative sections0,1,7,8; exact source lines read. Other API/data/owner tables selectively inspected."
local-evidence/restaurant-ai-automation,.planning/08-softwares/simpos.md,.md,12712,d791e736f06b68a32dee7c04b52f9866013edfbfa30b797b64a5c91b41f205b7,SimPOS,2026-09-02,read_targeted,"All purpose/features/maturity-seams/future-direction narrative sections0,1,7,8; exact source lines read. Other API/data/owner tables selectively inspected."
local-evidence/restaurant-ai-automation,.planning/08-softwares/team-command.md,.md,8081,d542ceabe91c629fcb479dc295ecf0d1d027039c59882fbeeabb60814ada26bb,Team Command,2026-09-01,read_targeted,"All purpose/features/maturity-seams/future-direction narrative sections0,1,7,8; exact source lines read. Other API/data/owner tables selectively inspected."
local-evidence/restaurant-ai-automation,.planning/08-softwares/vendor-directory.md,.md,9563,4cfbad1a01aea2280a8446e73b0ce06150f2a5e14377b3cd325b2ec60ae44e72,Vendor Directory & Intel,2026-09-01,read_targeted,"All purpose/features/maturity-seams/future-direction narrative sections0,1,7,8; exact source lines read. Other API/data/owner tables selectively inspected."
local-evidence/restaurant-ai-automation,.planning/08-softwares/vendor-portal.md,.md,8708,87c7f63376a4e6dd9465edba5d8cfe81bb119a6ce832bc1fa878f33e4d603cba,Vendor Portal,2026-09-01,read_targeted,"All purpose/features/maturity-seams/future-direction narrative sections0,1,7,8; exact source lines read. Other API/data/owner tables selectively inspected."
local-evidence/restaurant-ai-automation,.planning/08-softwares/vendor-price-compare.md,.md,7497,45478019b27646ab6595555048aca1095938205a93fe128b2b12be7ed567875a,Vendor Price Compare,2026-09-01,read_targeted,"All purpose/features/maturity-seams/future-direction narrative sections0,1,7,8; exact source lines read. Other API/data/owner tables selectively inspected."
local-evidence/restaurant-ai-automation,.planning/08-softwares/wine-library-sommelier.md,.md,12907,d65899cfb45e6e274ea59127c48c3ee632b76aa8e504b268f42cbe31f460c069,Wine Library & Sommelier,2026-09-01,read_targeted,"All purpose/features/maturity-seams/future-direction narrative sections0,1,7,8; exact source lines read. Other API/data/owner tables selectively inspected."
local-evidence/restaurant-ai-automation,.planning/08-softwares/wine-studio.md,.md,15764,f57a8491269c7a7c790d291fafa18bf727cb886a54383fbc6d697fd9bf35480f,Wine Studio,2026-09-01,read_targeted,"All purpose/features/maturity-seams/future-direction narrative sections0,1,7,8; exact source lines read. Other API/data/owner tables selectively inspected."
local-evidence/restaurant-ai-automation,.planning/FUTURES.md,.md,15556,89f4e038c8903c139fc9e1da5df6a549a8d33954a187281e8b533256d8c31558,Mudavym — Futures Vision,,read_targeted,Selected sections/excerpts reviewed; not whole document.
local-evidence/restaurant-ai-automation,.planning/PROJECT.md,.md,8632,6f010e593a3179cb1959db66eb9c3e8520891612968500b8972683ecfaca2e4e,Mudavym — Autonomous Restaurant Operations Platform,,read_full,Complete displayed text reviewed.
local-evidence/restaurant-ai-automation,.planning/ROADMAP.md,.md,4547,24fd1436b31a0f993d7218ab41b0acb82d636ea7a5486c36dc4edc9a6c1a7f2a,Roadmap — Mudavym,,read_full,Complete displayed text reviewed.
local-evidence/restaurant-ai-automation,.planning/STATE.md,.md,13262,baca448eb5d75b6f45df815822811c3f6a405f5eda173f4984f0435269ce53b3,State — where the build actually is,,read_full,Complete displayed text reviewed.
local-evidence/restaurant-ai-automation,.planning/YC_WEDGE_PLAN.md,.md,24873,6fef30c8b7a259ab774a15ebd8e34058858f6471072bd9c955053eecdf6dcf6e,The Invoice Wedge — build plan,,read_targeted,"Lines1–105; wedge document chain, recovery metrics and historical pricing hypothesis."
local-evidence/restaurant-ai-automation,.planning/_templates/agenda-board.md,.md,306,5ba5cdbf6c37b10265c4169230558c70bfcd84bd2eb04b314921c88b8eed8b9e,{{unit}} — Board,{{date}},inventoried_only,Metadata only; no semantic-read claim.
local-evidence/restaurant-ai-automation,.planning/_templates/agenda-full.md,.md,291,af8cf0cdec7b47bebd7c210578ac66efacf3f44eba668fa707498f97cfc5e4a2,{{unit}} — Full Agenda,{{date}},inventoried_only,Metadata only; no semantic-read claim.
local-evidence/restaurant-ai-automation,.planning/_templates/agent-stack.md,.md,5460,80b73a3d954a5032eb3a60ab0b26b93651ecdedcdcdb7c8946c5085259fdcbbc,{{unit}} — Agent Stack,{{date}},inventoried_only,Metadata only; no semantic-read claim.
local-evidence/restaurant-ai-automation,.planning/_templates/charter.md,.md,603,00632d913220b334f253045b2d9d85836e0b97c3d6e1510b9f1174af5a6a888a,{{unit}} — Charter,{{date}},inventoried_only,Metadata only; no semantic-read claim.
local-evidence/restaurant-ai-automation,.planning/_templates/directive.md,.md,372,fea51bc26c374f30cc1c829aa154b45b3fdcfc02c30975f6656115b1438adefc,{{unit}} — Directive,{{date}},inventoried_only,Metadata only; no semantic-read claim.
local-evidence/restaurant-ai-automation,.planning/_templates/loops.md,.md,393,73f4a4d27f361f59ecf9f5b579a463bdeea6291ed21bb1e200e20ffec32e75d9,{{unit}} — Loops,{{date}},inventoried_only,Metadata only; no semantic-read claim.
local-evidence/restaurant-ai-automation,.planning/_templates/premortem.md,.md,486,bc376fe2d2b4988c2fc82ad6603fa5b83b4c444d28860dee3def3a9b2cd80ee5,{{unit}} — Premortem,{{date}},inventoried_only,Metadata only; no semantic-read claim.
local-evidence/restaurant-ai-automation,.planning/_templates/schedule.md,.md,329,56f1caf6afc2f56d5df3b7e8dd07f075838b0af672a2372f87a3b3cb3f0954fc,{{unit}} — Schedule & Skills,{{date}},inventoried_only,Metadata only; no semantic-read claim.
local-evidence/restaurant-ai-automation,.planning/archive/ROADMAP-pre-P2-20260825.md,.md,71884,41bc1d89e8fcd13c04e3774a0f855f974ee87532ed5804f5e9d5a0206ab2322b,Roadmap: Mudavym — Autonomous Restaurant Backend,,inventoried_only,Metadata only; no semantic-read claim.
local-evidence/restaurant-ai-automation,.planning/archive/STATE-pre-P2-20260825.md,.md,59335,6d73aba84d35a8d11ba28e550305e9cd980ddd82621a3df1c19cfc3536b84c5e,Project State: WineOps Backend Kitchen Architecture,,inventoried_only,Metadata only; no semantic-read claim.
local-evidence/restaurant-ai-automation,.planning/brand/BUILDPROMPT.md,.md,34660,935e238285fb58cac0d71a6b3df1d39823592bf60806e569717f9639810c8247,Build prompt — the overlays of Mudavym,,read_targeted,Selected sections/excerpts reviewed; not whole document.
local-evidence/restaurant-ai-automation,.planning/brand/Mudavym Mark.dc.html,.html,23079,71b6e6eeefb745a60c58de932be28cafe25f9fb3ddd2fdf8156c483128e60ddb,,,inventoried_only,Metadata only; no semantic-read claim.
local-evidence/restaurant-ai-automation,.planning/brand/Mudavym Mark1.dc.html,.html,38899,92de418eae7d3f4f082bfda3705d3480e673a7fb2c872f6d738773e9ac9ceb8e,,,inventoried_only,Metadata only; no semantic-read claim.
local-evidence/restaurant-ai-automation,.planning/brand/Mudavym Motion Canvas.dc.html,.html,183110,cc95015b682f77ea8c21f65e04562c2e39dea70d5ba1971b0e9eab59eff373dd,,,inventoried_only,Metadata only; no semantic-read claim.
local-evidence/restaurant-ai-automation,.planning/brand/Mudavym Overlay Sketches.dc.html,.html,119160,94768a03c34676e877fbd04d57d12a2b52ad4b877bbc1abb01389b203e096735,,,inventoried_only,Metadata only; no semantic-read claim.
local-evidence/restaurant-ai-automation,.planning/brand/PITCHING IDEAS.md,.md,323,ccfe5dc45bc4002d8dc13b8e0bfd4d9beffafb27d518b2f0eddd285c77c1db16,,,inventoried_only,Metadata only; no semantic-read claim.
local-evidence/restaurant-ai-automation,.planning/brand/README.md,.md,1906,c8b6daebca6bca087252cda41e4b0d3bec388fa88675b575dd12ab59d66c5e0d,`.planning/brand/` — brand/design corpus,,read_full,Complete displayed text reviewed.
local-evidence/restaurant-ai-automation,.planning/debug/FIX_ERROR_LOG.md,.md,14865,5bb1cd79ca2e801eea04c04620eae34a68e22b5b45dbd23ef25ed4154ffd45aa,Fix Error Log,,inventoried_only,Metadata only; no semantic-read claim.
local-evidence/restaurant-ai-automation,.planning/debug/resolved/serper-403-forbidden.md,.md,3873,387c68fca000e7f8cad52f5d83f2b1e3a181e2b7a442edda2dbf11babfe6f79d,,2026-04-06T00:00:00Z,inventoried_only,Metadata only; no semantic-read claim.
local-evidence/restaurant-ai-automation,.planning/decisions/0001-mudavym-single-entity.md,.md,3380,477de22edaf2208ed7a3bdafce0f818b15ab91e6996b24dc1d732836dd1548c3,0001 — Mudavym is one entity; modules are internal softwares,2026-08-24,read_full,Complete displayed text reviewed.
local-evidence/restaurant-ai-automation,.planning/decisions/0002-documentation-first-operating-mode.md,.md,2852,5e5a9ba4ddb8a524649a7c80407b71f79b80c19ed4a9f2d9c7eb5a42b630812a,0002 — Documentation-first operating mode + ADR discipline,2026-08-24,read_full,Complete displayed text reviewed.
local-evidence/restaurant-ai-automation,.planning/decisions/0003-session-output-discipline.md,.md,2382,8b12250181ca2152cb1ecb65b6dd258c8f9548b8b75820dd4af19f6184cf9351,0003 — Low per-session output footprint; branch-per-operation,2026-08-24,inventoried_only,Metadata only; no semantic-read claim.
local-evidence/restaurant-ai-automation,.planning/decisions/0004-obsidian-as-backlink-layer.md,.md,2522,c8a1c0df4eed222f2762263cbc7432e99f766a05265b75275e6d385c253cbaff,0004 — Obsidian adopted as the documentation backlink layer,2026-08-24,inventoried_only,Metadata only; no semantic-read claim.
local-evidence/restaurant-ai-automation,.planning/decisions/0005-v3-to-v0-version-reset.md,.md,1977,a4c3cb1efe13e6d751a691a263bcbf80c916cfc7a65e139143c57ec57c60823f,0005 — v3 internal build → deliberate v0 production reset,2026-08-24,inventoried_only,Metadata only; no semantic-read claim.
local-evidence/restaurant-ai-automation,.planning/decisions/0006-neural-footprint-architecture.md,.md,4553,6a179b1e162a7b5692972f482af7ab0096e792ebf3ac44e004dc04d2aa0bdbc2,0006 — Neural Footprint: split production and research stores,2026-08-24,read_full,Complete displayed text reviewed.
local-evidence/restaurant-ai-automation,.planning/decisions/0007-org-structure.md,.md,5636,5e5f31abc34d5b6b07b4fea4dbcbadf4f8873ba58c0d88623326bbd59e2c027b,"0007 — Organization: divisions, departments, and an advisory layer",2026-08-24,inventoried_only,Metadata only; no semantic-read claim.
local-evidence/restaurant-ai-automation,.planning/decisions/0008-nf-column-contract.md,.md,7302,9a528f9ab0d87c2f2d77d514c841a9424112f9e5933e65c5672eb2da4e1b6c54,0008 — Neural Footprint column contract: full ADR 0006 shape now (Path C),2026-08-24,inventoried_only,Metadata only; no semantic-read claim.
local-evidence/restaurant-ai-automation,.planning/decisions/0009-loop-vocabulary-contract.md,.md,5924,9ddf5b684e40a9778e3e67bd8950a3a73ed29777197b3637c29d4770cee0e0bb,0009 — The loop vocabulary is read from §5.1 and enforced in CI,2026-08-24,inventoried_only,Metadata only; no semantic-read claim.
local-evidence/restaurant-ai-automation,.planning/decisions/0010-gemini-model-retirement.md,.md,14021,d4be1b1a7117dbaffc6845688805a69cc73d99d3cc162a866aade8031895d189,0010 — Replace retired Gemini models; correct the spend table that hid the cost,,inventoried_only,Metadata only; no semantic-read claim.
local-evidence/restaurant-ai-automation,.planning/decisions/0011-pos-sale-volume-contract.md,.md,13891,2dde947570441f79cce1dde23091bf3e46f18ec32d22f843833cdad925c1f6a6,"0011 — A POS sale removes a volume, not a unit: `sale_volume_ml` and fail-closed depletion",2026-08-25,inventoried_only,Metadata only; no semantic-read claim.
local-evidence/restaurant-ai-automation,.planning/decisions/0012-reports-through-the-gateway.md,.md,5433,f8c8752c8eb3aad5d1db7cc8b109ea9c60f284d7c834505a86ea0979efd3b717,0012 — The browser stops reading `generated_reports`; the gateway that owns it answers instead,2026-08-25,inventoried_only,Metadata only; no semantic-read claim.
local-evidence/restaurant-ai-automation,.planning/decisions/0013-one-commitment-guardrail.md,.md,6253,a56063282a7c0f84f87a38f3d3893884e7f3bd77250dc9b2df05252eaa1b2583,0013 — The UCC commitment guardrail has one canon; every other copy is generated and CI-checked,2026-08-25,read_targeted,Selected sections/excerpts reviewed; not whole document.
local-evidence/restaurant-ai-automation,.planning/decisions/0014-proposal-candidate-set-null.md,.md,5803,a12205f5b10b35cc95526c8827cdd7da9938c441de5f0d15e3751037c91cb0c0,0014 — A proposal keeps its question when it loses its candidate,,inventoried_only,Metadata only; no semantic-read claim.
local-evidence/restaurant-ai-automation,.planning/decisions/0015-pos-referential-integrity.md,.md,6228,4c21862d470c807346667dcd21d7a212e59ddded33ce51101c7a24483cf0ce0c,0015 — The remaining ten POS reference columns get foreign keys,2026-08-25,inventoried_only,Metadata only; no semantic-read claim.
local-evidence/restaurant-ai-automation,.planning/decisions/0016-ledgers-must-express-unknown.md,.md,8558,487ba09e4b293b5b36b50cf2a372f095f745c63a3dadd22d237258c2158d635d,"0016 — Ledgers express ""unknown""; rates carry a dated source",2026-08-25,read_targeted,Selected sections/excerpts reviewed; not whole document.
local-evidence/restaurant-ai-automation,.planning/decisions/0017-doneability-verdicts-are-sidecar-claims.md,.md,7923,4f5ca4924ad01df342827e77603d5f6bfa15301f0a0068a4007ef36ff9a8a27e,"0017 — Doneability verdicts are sidecar claims, never edits to the event",,inventoried_only,Metadata only; no semantic-read claim.
local-evidence/restaurant-ai-automation,.planning/decisions/0018-p2-plan-of-record.md,.md,3931,523486002c4e18810e22885162332f4af15ed622f6397c8f8405b50eb7ccc47b,"0018 — P2 plan of record: spine reset, page graph, docs before features",,inventoried_only,Metadata only; no semantic-read claim.
local-evidence/restaurant-ai-automation,.planning/decisions/0019-p2-build-scope.md,.md,18164,4201e26bca84a20d3d55462f49bc82603e13ef8dd57229ed39a1e5362283f893,0019 — P2 build scope (the founder-approval list),,inventoried_only,Metadata only; no semantic-read claim.
local-evidence/restaurant-ai-automation,.planning/decisions/0020-no-fabricated-answers.md,.md,14148,150996a58fa43c7e43538e62855ca2305e52e063986b8baddb80f696e6e3cb96,0020 — A surface with no data says so; it never invents one,,read_targeted,Selected sections/excerpts reviewed; not whole document.
local-evidence/restaurant-ai-automation,.planning/decisions/0021-studio-invites-are-self-service.md,.md,11609,9ca9204933bfef11eecff03527614910104230950b8454bb6e96d6d834d6cae9,"0021 — The invitee redeems the invite, and the invited address is what authorizes it",2026-08-26,inventoried_only,Metadata only; no semantic-read claim.
local-evidence/restaurant-ai-automation,.planning/decisions/0022-scheduled-jobs-serve-opted-in-tenants.md,.md,11624,8dca5a28cdc198e24df010a71ad6f828486bc03b12ccce4cc5b77d9a367de233,"0022 — Scheduled jobs iterate opted-in tenants, and never borrow another tenant's recipients",,inventoried_only,Metadata only; no semantic-read claim.
local-evidence/restaurant-ai-automation,.planning/decisions/0023-email-verification-is-enforced.md,.md,8452,4c0a8bfc36022b0da357f94df83c24623b63e8e5594b3b15d2775dafa81e3b0f,"0023 — Email verification is enforced, and enforced on the server",2026-08-26,inventoried_only,Metadata only; no semantic-read claim.
local-evidence/restaurant-ai-automation,.planning/decisions/0024-identity-first-signin.md,.md,9515,9a58f1aaa067d2fc1ba32b17e5a8c845db58272ef1ba403e24b9f768c88795ab,0024 — Sign-in reveals the methods an identity actually has,,inventoried_only,Metadata only; no semantic-read claim.
local-evidence/restaurant-ai-automation,.planning/decisions/0025-citations-must-disagree-loudly.md,.md,32144,fac8c852d1c5341e7476a8414bf55fd1942c875bf9049e08c76bca98628632e6,ADR 0025 — Citations must disagree loudly,,inventoried_only,Metadata only; no semantic-read claim.
local-evidence/restaurant-ai-automation,.planning/decisions/0026-schema-has-one-home.md,.md,21405,cba853959ac60514e73dba73c44cbd030ace908ac2c8486d376285cdc09888b8,"0026 — Schema has one home, and CI compares it against the code",2026-08-26,inventoried_only,Metadata only; no semantic-read claim.
local-evidence/restaurant-ai-automation,.planning/decisions/0027-push-recipients-are-not-resolved-here.md,.md,10000,b93b20e3ccefedb3f6dff93ba65e86766cb9cbd060c22ebef835ca721ebe4255,"0027 — Delete the resolver's push branch; push recipients are user ids, not devices",,inventoried_only,Metadata only; no semantic-read claim.
local-evidence/restaurant-ai-automation,.planning/decisions/0028-phantom-relations-repoint-or-delete.md,.md,8565,93325c935ef778a2f339afd962c1daa71795e0b6f499cfa85f3a55bacb56c2c3,"0028 — A phantom relation is repointed or deleted, never created",,inventoried_only,Metadata only; no semantic-read claim.
local-evidence/restaurant-ai-automation,.planning/decisions/0029-p3-plan-of-record.md,.md,13762,83f58e8f03f2345021e94f06dcf78e0f36749a01865e0e1abcb56c98a5c6501a,"0029 — P3 plan of record: grade before you scale, and parallel only where nothing is assumed",,inventoried_only,Metadata only; no semantic-read claim.
local-evidence/restaurant-ai-automation,.planning/decisions/0030-pos-mapping-inventory-integrity.md,.md,9084,7b0cef3325340a74a11dca188aa5045ed1267c6dbeff92141128da8057a2abdf,"0030 — Delete orphaned POS mappings, and make the database refuse new ones",,inventoried_only,Metadata only; no semantic-read claim.
local-evidence/restaurant-ai-automation,.planning/decisions/0031-migration-ledger-reconciliation.md,.md,6773,1977d3e5f3bc8fabb9505d482eae6eb639afbf7d53bbde39dde49bdde0385671,"0031 — Reconcile the migration ledger in both directions, and check it that way",,inventoried_only,Metadata only; no semantic-read claim.
local-evidence/restaurant-ai-automation,.planning/decisions/0032-vault-cleanup-cut-line.md,.md,11222,38f9fd8245d67e58ee1e525d6ab561a56b50831a002acd936fd7ef1a004b3394,0032 — Delete closed build artifacts; a tombstone index replaces the archive tree,,inventoried_only,Metadata only; no semantic-read claim.
local-evidence/restaurant-ai-automation,.planning/decisions/0033-design-map-zoomable-atlas.md,.md,6257,d5183033d4d40dcf65b8e66cc4fe5ed03ad8c8063b9eb2358b569acdc569d6ed,0033 — The design map is a zoomable atlas over one generated graph,,inventoried_only,Metadata only; no semantic-read claim.
local-evidence/restaurant-ai-automation,.planning/decisions/0034-agent-stack-artifact.md,.md,8253,55ecae0f4e15fafe362df9fc3034c80ea0430de578154db80a8f19e3ee7ed7c0,"0034 — Every unit gets an agent stack: declarative cards, layered git-native memory",,inventoried_only,Metadata only; no semantic-read claim.
local-evidence/restaurant-ai-automation,.planning/decisions/0035-wave2-seam-reconciliation.md,.md,5031,cd787f860e7e8f82c13c9db83488e7ed34a04cad1e8b7b22ddcaade101701d26,"0035 — Wave-2 seam reconciliation: one owner per question, and the roster is 76",,inventoried_only,Metadata only; no semantic-read claim.
local-evidence/restaurant-ai-automation,.planning/decisions/0036-cost-routing-two-plans-in-harmony.md,.md,3817,d99dfff41c3cc57c3446fa4bde7f65b8f250cdadec973a93c136c4edfa31a16a,"0036 — Cost routing runs as two plans in parallel, in harmony (OD-29 closed)",,inventoried_only,Metadata only; no semantic-read claim.
local-evidence/restaurant-ai-automation,.planning/decisions/0037-nfb-erasure-is-crypto-shredding.md,.md,4555,111b91e133283d06c0bb52e8137459859c171da66f27da4378a3a4a47ff6eb7c,0037 — NF-B erasure is crypto-shredding,,inventoried_only,Metadata only; no semantic-read claim.
local-evidence/restaurant-ai-automation,.planning/decisions/0038-cards-run-as-declared-scripts.md,.md,6812,8147649c0c469e6cb4dd6a1a7cd6e7ce10a8affd74469e50b703bc11433abd74,"0038 — Agent cards become a machine index, and mechanical cards run as declared scripts",,inventoried_only,Metadata only; no semantic-read claim.
local-evidence/restaurant-ai-automation,.planning/decisions/0039-activation-plan-of-record.md,.md,8305,cc3e2b521730508de117e06f8040e446f6db66161d4cf9693834a8713987283c,"0039 — Activation plan of record: harden the spine, and every department writes its own agenda",,inventoried_only,Metadata only; no semantic-read claim.
local-evidence/restaurant-ai-automation,.planning/decisions/0040-error-tracker-receives-no-identity.md,.md,12723,21d7e09b7f541a3fdd5192cc99e9d7ff2934bb5e61d07f0659379cc86e369ba1,0040 — The error tracker receives no identity,,inventoried_only,Metadata only; no semantic-read claim.
local-evidence/restaurant-ai-automation,.planning/decisions/0041-makeover-canvas-and-conflicted-palette.md,.md,5197,4c944caa57effcb8b62706d1e451bf256248de870f24fda993f48c01509b7b36,"0041 — A 46-screen makeover canvas, and a palette answer that needs re-asking",,inventoried_only,Metadata only; no semantic-read claim.
local-evidence/restaurant-ai-automation,.planning/decisions/0042-iznik-seal-and-warm-charcoal.md,.md,6787,27e4ab5e0bf4bfa0269734b37dfaee3507469f5af74294927a29c9ff6093f918,0042 — İznik is the seal; Warm Charcoal is the dark ground,,read_full,Complete displayed text reviewed.
local-evidence/restaurant-ai-automation,.planning/decisions/0043-wordmark-interim-logo-search.md,.md,8935,cd66b697b5d3c801748788a5f1a9c85d4055d8039029fcc6c1d6435cb2a0933a,0043 — Ship a Fraunces text wordmark now; run the logo search in the open,,inventoried_only,Metadata only; no semantic-read claim.
local-evidence/restaurant-ai-automation,.planning/decisions/0044-mudavym-implementation-kickoff.md,.md,8835,33870a768922b95880b46ec0896dd283072b80ef39d2cddf1453d9441740028e,0044 — Mudavym design implementation kickoff,,inventoried_only,Metadata only; no semantic-read claim.
local-evidence/restaurant-ai-automation,.planning/decisions/0045-rivet-m-and-full-go.md,.md,12113,7ff57a8ecc82cd98f104cd9740652af98b2580051caef468a11191d8b280d534,0045 — The mark is the Rivet M; the rebuild goes to full go,,inventoried_only,Metadata only; no semantic-read claim.
local-evidence/restaurant-ai-automation,.planning/decisions/0046-withdrawn-marks-and-mark-colour-risk.md,.md,9448,1d021943b5235b04286fc33b91cbbc6c0f978b7106b1aabdccf7dae6d7070bd1,"0046 — Two withdrawn marks, and a measured objection to the third",,inventoried_only,Metadata only; no semantic-read claim.
local-evidence/restaurant-ai-automation,.planning/decisions/0047-am-interlock-supersedes-rivet-m.md,.md,6635,4c9d108580b80e3e99fc2a6fbff3afd6f75dc4e2831efe5952cc143f3b7ba14c,0047 — The mark is the trued A+M interlock; the Rivet M is withdrawn the same day,,read_full,Complete displayed text reviewed.
local-evidence/restaurant-ai-automation,.planning/decisions/0048-domain-quant-under-research-math.md,.md,13969,a66b77b59fdfb29dcc9238cddc4a54f00990003e010eff473c361e6e8722d043,"0048 — ""Food into math"" folds into Research & Math; the keystone is transformation, and the program runs both-sequenced",,inventoried_only,Metadata only; no semantic-read claim.
local-evidence/restaurant-ai-automation,.planning/decisions/0049-ecosystem-division-layer.md,.md,5537,87762edcd55f61c2416cb382bbec39f662d5ee103170180afbbca2f336f4f660,0049 — The ecosystem is layered into eight divisions,,inventoried_only,Metadata only; no semantic-read claim.
local-evidence/restaurant-ai-automation,.planning/decisions/0050-agent-dispatch-hardness-threshold.md,.md,6476,dd5271ece1b491d1332a49abc3722806239eccad2defb9e6d6277e8c622e2cb5,"0050 — Session agents are dispatched on a hardness score: below the line Sonnet, at or above it Opus",,inventoried_only,Metadata only; no semantic-read claim.
local-evidence/restaurant-ai-automation,.planning/decisions/0051-rebuilt-pages-show-live-data-only.md,.md,5066,d877fc3f3ef6893c8f919145f0725c6e2478aaa9d9a449cdc72ad9df4b612142,0051 — A rebuilt page shows live data or says it does not know,,inventoried_only,Metadata only; no semantic-read claim.
local-evidence/restaurant-ai-automation,.planning/decisions/0052-software-catalog-layer.md,.md,5734,92809a93246128e789abde9856d676828d32e790a0f564e1c70b7aa47d917a68,"0052 — The product is catalogued as small softwares, one note each",,inventoried_only,Metadata only; no semantic-read claim.
local-evidence/restaurant-ai-automation,.planning/decisions/0053-analytics-cost-unknown-not-invented.md,.md,8025,0090b8d91940d8ef2791afddb20f0fb8d60f1d4c7ee6e3843e420d2791d22418,"0053 — An unmeasured bottle cost is unknown, not 0.6 × the menu price",,inventoried_only,Metadata only; no semantic-read claim.
local-evidence/restaurant-ai-automation,.planning/decisions/0054-order-capture-and-unit-arithmetic.md,.md,15150,358c23220dcafc478502c9d717b8a2ea6b49c665b0f69534dc197adbd4398660,"0054 — An order writes down what was ordered: line rows, honest units, and a price series",2026-09-01,inventoried_only,Metadata only; no semantic-read claim.
local-evidence/restaurant-ai-automation,.planning/decisions/0056-order-paths-write-columns-that-exist.md,.md,13057,2de60fa955bef3b60fad0623e697ab4a81e191f35f4cbeed731d4e7263cc65d5,0056 — An order path may only write columns the table has,,inventoried_only,Metadata only; no semantic-read claim.
local-evidence/restaurant-ai-automation,.planning/decisions/0057-receiving-write-path-integrity.md,.md,8974,453f8ca59f84044eb80f3d5954e2290468b2612491a9df180df4002c01f826fc,0057 — Prove every receiving write before it reaches the ledger,,inventoried_only,Metadata only; no semantic-read claim.
local-evidence/restaurant-ai-automation,.planning/decisions/0058-order-status-is-an-enum-not-a-string.md,.md,13608,bf421ce5842ab9bbb796c86e208e23eaed6fb5835d850014d87d72119eaa3f06,"0058 — Order status is an enum, not a string",,inventoried_only,Metadata only; no semantic-read claim.
local-evidence/restaurant-ai-automation,.planning/decisions/0059-receiving-preserves-the-pair.md,.md,12098,bfaf7a67020ba09e31e64a0fdb467a74fa71f9c9d0f55a72913e1edace09c08d,0059 — Receiving preserves the pair,,inventoried_only,Metadata only; no semantic-read claim.
local-evidence/restaurant-ai-automation,.planning/decisions/0060-a-window-is-a-floor-and-an-unknown-is-not-a-zero.md,.md,10359,28b90b0e5e515826254b20da1aade9e3132543114955c8259db9319f6f23643d,"0060 — A window is a floor, an unknown is not a zero, and a refusal is not an outage",,inventoried_only,Metadata only; no semantic-read claim.
local-evidence/restaurant-ai-automation,.planning/decisions/0061-recurring-reminder-reads-the-recurrence-table.md,.md,11610,eb18b7eab1f7aa29de36c50593e8ff0605fc9cebd6985db12b40100ceecc5ba7,"0061 — The recurring-order reminder reads the recurrence table, behind an off-by-default flag",,inventoried_only,Metadata only; no semantic-read claim.
local-evidence/restaurant-ai-automation,.planning/decisions/0062-a-quantity-declares-its-unit.md,.md,13132,7b0cf7e8aee958c455a9e6c868180ee3da2cd462b3c9c38477552bd2820f1f47,"0062 — A quantity crossing the wire declares its unit, and the door accumulates",,inventoried_only,Metadata only; no semantic-read claim.
local-evidence/restaurant-ai-automation,.planning/decisions/0063-a-certification-screen-shows-the-thing-being-certified.md,.md,12727,ada5e21d66681e757877ab543aea9fa830c3d86d0660cf84216f19cc38eabd32,0063 — A certification screen shows the thing being certified,,inventoried_only,Metadata only; no semantic-read claim.
local-evidence/restaurant-ai-automation,.planning/decisions/0064-a-fitted-value-is-a-prediction-not-a-memory.md,.md,13811,a33f4fab65dbaf913a4cfe52c133c69102b8992ec96702a56e8d4b7b1d295d16,"0064 — A fitted value is a prediction, not a memory",,inventoried_only,Metadata only; no semantic-read claim.
local-evidence/restaurant-ai-automation,.planning/decisions/0065-a-conversation-log-names-real-columns-and-refuses-a-missing-body.md,.md,10576,918bd93118373e44ce2b2b79be03f691359fcda15742966ce5a0d2d8b3a16f17,"0065 — A conversation log names real columns, and refuses a message with no body",,inventoried_only,Metadata only; no semantic-read claim.
local-evidence/restaurant-ai-automation,.planning/decisions/0066-order-delivery-event-vocabulary.md,.md,12660,fdd8b4c3aa7c2146850d9c37611eee4bae2f20b909955719cbc1e4898cfbdd12,"0066 — An order's calendar event uses the calendar's vocabulary, and its failure is loud",,inventoried_only,Metadata only; no semantic-read claim.
local-evidence/restaurant-ai-automation,.planning/decisions/0067-a-failed-read-is-never-an-empty-one.md,.md,11837,177f6fc44625eb9d9a244b9a7ba578222afc7f7af2c663a7b48fb416c34034e6,0067 — A failed read is never reported as an empty one,,inventoried_only,Metadata only; no semantic-read claim.
local-evidence/restaurant-ai-automation,.planning/decisions/0068-calendar-events-recurring-order-link.md,.md,17206,628b82bd5c6dc4b04464d052153fda9bc4bac9cdee7190f2ad13fc342bbc3be5,"0068 — A calendar event names its schedule in a column, and says only what the table can hold",,inventoried_only,Metadata only; no semantic-read claim.
local-evidence/restaurant-ai-automation,.planning/decisions/0070-a-quantity-states-its-own-unit.md,.md,11372,415c37ffda5411ac238b436537f017bce5ee37a43ce323c0e390ff3efc1d6d20,"0070 — A quantity states its own unit, and stays an integer",,inventoried_only,Metadata only; no semantic-read claim.
local-evidence/restaurant-ai-automation,.planning/decisions/0072-schema-parity-sees-what-it-claims.md,.md,30321,e6cdc4ca214c29cbca5e3dc4bb2cd0f2ebcadcb53eb1c4772b2702d639040eb4,"0072 — Schema parity compares what it claims to compare, and exits 2 when it cannot",,inventoried_only,Metadata only; no semantic-read claim.
local-evidence/restaurant-ai-automation,.planning/decisions/0073-a-delivery-event-is-closed-by-its-order-id.md,.md,13925,ce7037bda1166227e5d6c033478b673c235db2ba245421aaafae1d48dd4e805d,"0073 — A delivery event is closed by its order id, in the calendar's own words, once",,inventoried_only,Metadata only; no semantic-read claim.
local-evidence/restaurant-ai-automation,.planning/decisions/0074-a-read-names-columns-that-exist.md,.md,14833,65f1fcfb1ee3aaf230bfa204b22bf090c4d4922ba9e461bf5d4e9d1c920ce78d,"0074 — A read names columns that exist, and a guard that cannot look says so",,inventoried_only,Metadata only; no semantic-read claim.
local-evidence/restaurant-ai-automation,.planning/decisions/0076-a-repoint-names-the-referencing-column.md,.md,10990,b5799582e3d394b8206d02aeb8f63b40a2ffaf97217f28e25c0e99d74c08940f,"0076 — A catalog-driven repoint names the referencing column, not every column",,inventoried_only,Metadata only; no semantic-read claim.
local-evidence/restaurant-ai-automation,.planning/decisions/0077-there-is-no-payment-due-reminder.md,.md,19077,83dcaa139b5dfe798ffd211a644e88ecaf1be9fe302890c38632f5e217185234,"0077 — There is no payment-due reminder, because there is nothing in the schema to remind about",,inventoried_only,Metadata only; no semantic-read claim.
local-evidence/restaurant-ai-automation,.planning/decisions/0078-a-count-is-a-record-in-its-own-right.md,.md,17386,dca3c83997a481847b7d15efd6cfb9307a487890ba32289dee426947d1933fcf,0078 — A count is a record in its own right,,inventoried_only,Metadata only; no semantic-read claim.
local-evidence/restaurant-ai-automation,.planning/decisions/0079-a-price-says-what-kind-of-price-it-is.md,.md,12984,2abd16d9564b9da309b77dddd294e6e6a5ce6278139893468307b6b4c0f3588b,"0079 — A price says what kind of price it is, and a correction corrects",,inventoried_only,Metadata only; no semantic-read claim.
local-evidence/restaurant-ai-automation,.planning/decisions/0080-the-app-does-not-invent-cellar-zones.md,.md,8092,b23ea023fd28aa9e0a3de796ca41c43c830761b1b7b9c3099091952e996c4837,"0080 — The app does not invent cellar zones, and a default is not a measurement",,inventoried_only,Metadata only; no semantic-read claim.
local-evidence/restaurant-ai-automation,.planning/decisions/0081-a-unique-index-decides-what-collides.md,.md,8735,17e7fb2cab017383813d70c6615eea85deceff03694d8de49bcfeee0ec2c9832,0081 — A unique index decides what collides; nothing reconstructs one,,inventoried_only,Metadata only; no semantic-read claim.
local-evidence/restaurant-ai-automation,.planning/decisions/0083-a-page-may-not-claim-a-write-it-never-makes.md,.md,11818,8067bde54d227e01a391a366673476e3440cfa1617eccdad3013c3575000780d,"0083 — A rebuilt page may not claim a write it never makes, nor call a failure a wait",,inventoried_only,Metadata only; no semantic-read claim.
local-evidence/restaurant-ai-automation,.planning/decisions/0084-the-communications-gateway-says-what-it-did.md,.md,19704,dabb3d08b8a5f43a0119288e9f617a7820680d82cd87f20a06c51c47e232fb84,"0084 — The communications gateway says what it did, and the ledger sees its own rows",,inventoried_only,Metadata only; no semantic-read claim.
local-evidence/restaurant-ai-automation,.planning/decisions/0085-a-fixture-tests-the-guard-not-the-checkout.md,.md,8258,09b6dede6cc563410b3de24ca66f2dd8ec77eeeb2467b5d0b80420fdfd3ea32c,"0085 — A fixture tests the guard, not the checkout; and a skipped gate is not a pass",,inventoried_only,Metadata only; no semantic-read claim.
local-evidence/restaurant-ai-automation,.planning/decisions/0086-a-count-confesses-what-it-could-not-count.md,.md,16135,a16d18f56b0bfd1df23ec853d9ae22f47a7f4f416c1f854501de6e10b84a4f4e,"0086 — A count confesses what it could not count, and a sum without a unit is not a figure",,inventoried_only,Metadata only; no semantic-read claim.
local-evidence/restaurant-ai-automation,.planning/decisions/0087-the-jwt-library-we-use-is-the-one-we-declare.md,.md,7152,07a67f2aa1f176d5da158c2ef5f1eb8bda84bf9634bd8a19373b2ca8bc36f464,0087 — The JWT library we use is the one we declare,,inventoried_only,Metadata only; no semantic-read claim.
local-evidence/restaurant-ai-automation,.planning/decisions/0088-a-team-change-is-recorded-and-a-wage-is-not-invented.md,.md,18743,547997768ba5e64eba229ec494578a3646e2da916fe248d2d8fea7b0a3d3d9f3,"0088 — A team change is recorded, and a wage is not invented",,inventoried_only,Metadata only; no semantic-read claim.
local-evidence/restaurant-ai-automation,.planning/decisions/0089-a-page-can-start-the-engine-it-reports-on.md,.md,11591,2bab7d72c5d1414a5326eed1fbea45fc5b112b5ac3cbaec280558aadc1ffa5f3,0089 — A page can start the engine it reports on,,inventoried_only,Metadata only; no semantic-read claim.
local-evidence/restaurant-ai-automation,.planning/decisions/0090-pr-audit-gate-autonomous-merge.md,.md,51604,8e8bb5e722057f55c8143a1b70984bdb92a8ce328f569077f34480486c41acf2,"0090 — An Opus audit gate reviews every PR before it merges to main, and an approval merges + deploys with no human click",,inventoried_only,Metadata only; no semantic-read claim.
local-evidence/restaurant-ai-automation,.planning/decisions/0092-parity-compares-against-what-was-merged.md,.md,10736,96b3273f000a8f8bcc0138ff6f75c35be17e113e79639ed94263726177c34cdb,"0092 — Schema parity compares production against what was MERGED, not against what a PR proposes",,inventoried_only,Metadata only; no semantic-read claim.
local-evidence/restaurant-ai-automation,.planning/decisions/0093-a-scenario-is-replayed-and-verified-against-its-own-expectation.md,.md,16718,2e1ce9cfde261930ab637409386f6b1d4894a38fcacf2333bdab35bb380745fa,0093 — A scenario is replayed into the product and verified against its own expectation,,inventoried_only,Metadata only; no semantic-read claim.
local-evidence/restaurant-ai-automation,.planning/decisions/0094-a-verifier-that-cannot-verify-does-not-admit.md,.md,11097,554e10dcd8f412f3a4ded8eb70271e0120fb8c3063af9381923ca9f12fbeef5c,0094 — A verifier that cannot verify does not admit,,inventoried_only,Metadata only; no semantic-read claim.
local-evidence/restaurant-ai-automation,.planning/decisions/0095-queried-relations-check-is-merge-aware.md,.md,16257,0502b6e797bfebf4563fcf0162293a2f6df79f2726a28c02349804c9b5a4f1fd,"0095 — `Code queries only relations production has` is merge-aware, and both required contexts go back on `main`",,inventoried_only,Metadata only; no semantic-read claim.
local-evidence/restaurant-ai-automation,.planning/decisions/0096-a-route-declares-its-own-exposure.md,.md,9768,55ca81034e00cfc0da0d4a6e5ae0bf8141b20f3e71b1772b1a7ae213ad9f0832,0096 — A route declares its own exposure,,inventoried_only,Metadata only; no semantic-read claim.
local-evidence/restaurant-ai-automation,.planning/decisions/0097-the-gateway-says-which-build-it-is.md,.md,21387,5c8dd841a0cef9f72f3122c3d48b3dad043715980abd4097bddd3e80d78c9894,"0097 — The gateway says which build it is, and the audit proves presence rather than observing an absence of complaint",,inventoried_only,Metadata only; no semantic-read claim.
local-evidence/restaurant-ai-automation,.planning/decisions/0098-a-preference-is-read-from-the-column-it-lives-in.md,.md,13152,1c686f991ce8c67cc19d35683b2c7ee087d984dedd7992a3dde15c1581821fc6,"0098 — A notification preference is read from the column it lives in, and the switch a user toggles is the one that decides",,inventoried_only,Metadata only; no semantic-read claim.
local-evidence/restaurant-ai-automation,.planning/decisions/0099-vendor-email-had-no-caller-identity.md,.md,12718,3ebc41f16e31096656ff5d95a7dc3119b72615fa98de952d418e9b27b7163581,"0099 — The vendor-email route had no caller identity, and no caller either",,inventoried_only,Metadata only; no semantic-read claim.
local-evidence/restaurant-ai-automation,.planning/decisions/0100-security-alerts-triaged-and-closed.md,.md,22093,23cab01fb490f08591a947127f84da30475ed12573d51a0d13c31cbf99990efe,"0100 — Triage every security alert by reachability, not by severity label",,inventoried_only,Metadata only; no semantic-read claim.
local-evidence/restaurant-ai-automation,.planning/decisions/0103-a-delivery-is-agreed-before-it-is-verified.md,.md,48333,8768192d9fa2101b33ed62652af46f98b45efaf58afeee354c2493fd62b0c4b1,0103 — A delivery is agreed before it is verified,,read_targeted,Headers/context plus founder delivery agreement/verification model; source-dated.
local-evidence/restaurant-ai-automation,.planning/decisions/0104-every-incoming-document-renders-as-one-canonical-mudavym-document.md,.md,81572,d3e2510f706f641999db0dbc1e672faa57dfd33665195be45f5fb74eda515b35,0104 — Every incoming document renders as one canonical Mudavym document,,read_targeted,"Lines64–146 core data layers, document types, provenance/corrections, degraded states and export target; later amendments cross-referenced."
local-evidence/restaurant-ai-automation,.planning/decisions/0105-a-pos-connection-is-a-row-not-an-env-var.md,.md,12032,e820f9d1bd3ea7f4847bf0d3a58ad448e214c3c6616a2470053bca153985e1b4,"0105 — A POS connection is a row, not an env var",,inventoried_only,Metadata only; no semantic-read claim.
local-evidence/restaurant-ai-automation,.planning/decisions/0106-every-dependabot-pr-resolved-by-measurement.md,.md,22654,71108ca8b03225823449e9c3d9ed6b97e2df5837fb60f488e8f78f6de2636862,"0106 — Resolve every Dependabot PR by measurement, and never by the PR's own diff",,inventoried_only,Metadata only; no semantic-read claim.
local-evidence/restaurant-ai-automation,.planning/decisions/0129-below-par-is-strictly-below-par.md,.md,5984,0131b6a3af8d96b8d56678fc1e4a0f7f3ac285487d3bd7c1715cc0838327962b,0129 — Below par is strictly below par,2026-09-05,inventoried_only,Metadata only; no semantic-read claim.
local-evidence/restaurant-ai-automation,.planning/decisions/0130-a-generic-name-stays-the-venues-own-wine.md,.md,19124,2451838b572d95d5499c68c1db6cdd375341d95fac8ddd82029ea7940f7c8388,0130 — A generic name stays the venue's own wine,,inventoried_only,Metadata only; no semantic-read claim.
local-evidence/restaurant-ai-automation,.planning/decisions/0136-session-2026-09-11-p1-readout-and-brand-sync-push.md,.md,13073,d4c2ab1b28b5f9d507eb9348d7202043b1fe8cf86abac3dfa53cc90700453986,ADR 0136 — 2026-09-11/12 session: P1 readout hardening + brand-sync push to `feat/p1-readout`,,read_full,Complete displayed text reviewed.
local-evidence/restaurant-ai-automation,.planning/decisions/AGENT_NATIVE_UI_DECISION.md,.md,21441,e218916b821dd2bf484fa83044cd6ec13dd1e21ed637fb69d149f51be5d1e27b,Agent-Native UI — Decision Document,,inventoried_only,Metadata only; no semantic-read claim.
local-evidence/restaurant-ai-automation,.planning/decisions/OD-72-rls-census.md,.md,19234,633e9a515b8da7953daba9ec03dbe8f6bd67287da7be8b6ea011eb61f402cca3,"RLS census — the 142, and the two that actually bite",2026-08-25,inventoried_only,Metadata only; no semantic-read claim.
local-evidence/restaurant-ai-automation,.planning/decisions/OD-77-workspace-migration-runbook.md,.md,8164,272b4e77f9f1af5b35c7315bdb78b79c952e2518f27533d1a4a62ed1dbc9f614,OD-77 — Personal → company Google account: migration runbook,,read_targeted,Selected sections/excerpts reviewed; not whole document.
local-evidence/restaurant-ai-automation,.planning/decisions/OPEN-DECISIONS.md,.md,127100,1c6cc50b21f789a4f23b8fec5948488866b2f03ec746043a9867aef852282a85,Open Decisions — the founder queue,,read_targeted,Selected sections/excerpts reviewed; not whole document.
local-evidence/restaurant-ai-automation,.planning/decisions/README.md,.md,153210,65bec2bef5b994e487e2721bdc150d64dfe1bf784aa222e8c7b2935ee591a6f9,Decision Log — Mudavym,,read_targeted,Selected sections/excerpts reviewed; not whole document.
local-evidence/restaurant-ai-automation,.planning/decisions/TEMPLATE.md,.md,933,fc39c0797a5780fff6645a8beeb205ec46b4ce8214857e88ea72a40d219c20db,"NNNN — Title (imperative, short)",,inventoried_only,Metadata only; no semantic-read claim.
local-evidence/restaurant-ai-automation,.planning/decisions/annex-0103-0104-adversary.md,.md,18924,9554fa0c268dd41676aaec876088f3c51ddab80f5b668b71ae9dfba40c5f5bc0,Adversarial review — ADR 0103 (delivery agreed before verified) & ADR 0104 (canonical document),,inventoried_only,Metadata only; no semantic-read claim.
local-evidence/restaurant-ai-automation,.planning/decisions/annex-0103-0104-premortem.md,.md,19521,12a4e9906293a978e6ddfa7b21e3bc39d1a20be458b1f3598a8eda3f921fad29,"Premortem: receiving / invoice-proofing pipeline, six months post-launch",,inventoried_only,Metadata only; no semantic-read claim.
local-evidence/restaurant-ai-automation,.planning/decisions/annex-0103-0104-scale.md,.md,21660,6a2c350bffa9a41d043b2ccfead39c513d04abcee8c20709f51dd1f94f5eb3cf,"Scale, cost, robustness stress test — ADR 0103 + ADR 0104",,inventoried_only,Metadata only; no semantic-read claim.
local-evidence/restaurant-ai-automation,.planning/decisions/evidence/0025-citation-rot.md,.md,9047,0a00982ebb89865bafa5a415f7306d479d57ae057854541a64f5d1d72795f840,Evidence for [ADR 0025](../0025-citations-must-disagree-loudly.md),,inventoried_only,Metadata only; no semantic-read claim.
local-evidence/restaurant-ai-automation,.planning/decisions/evidence/0045-logo-ranking.md,.md,7259,63f57a78e2f5e31abf6c2fc633fd032fdb270234880cd59e6e5a10eb2f960c23,The 17-candidate ranking — ordered under ADR 0045,,inventoried_only,Metadata only; no semantic-read claim.
local-evidence/restaurant-ai-automation,.planning/decisions/evidence/0047-mark-canvas-note.md,.md,1753,c00bb414287a704015e787b055698b6342a40961d3220360d3178e18351685f7,0047 evidence — the founder's mark canvas (2026-08-30),,inventoried_only,Metadata only; no semantic-read claim.
local-evidence/restaurant-ai-automation,.planning/foundation/ENDPOINTS.md,.md,30564,237f7643a0488697ab1d09bb23f2e5a5931cd290d50e09ca134ff136235bf6c3,API Endpoint Reference — Mudavym,,inventoried_only,Metadata only; no semantic-read claim.
local-evidence/restaurant-ai-automation,.planning/foundation/EXTERNAL_CONNECTIONS.md,.md,13753,6726c6746ab7e4360420ef262376aca217e6c75aee7c48d63a1e397cf2e7775f,External Connections — Mudavym,,inventoried_only,Metadata only; no semantic-read claim.
local-evidence/restaurant-ai-automation,.planning/foundation/GENERATION_BRIEF.md,.md,17075,416d225fbbc1790f0da5bee50f788a1570cf86593304d1e52ba769f3740cc4a4,Unit Generation Brief — the contract every generator agent follows,,inventoried_only,Metadata only; no semantic-read claim.
local-evidence/restaurant-ai-automation,.planning/foundation/OBSIDIAN_VAULT.md,.md,5047,4b64f7f901958d3dc02abf16d054c883ea7168739bc77dba12fb79adced107ca,Obsidian Vault Structure — PROPOSAL (OD-21),,inventoried_only,Metadata only; no semantic-read claim.
local-evidence/restaurant-ai-automation,.planning/foundation/ORG_STRUCTURE.md,.md,13628,b10f13df2d34749bbdc5d1fa7650eabe71640bce0b69727b8f8dbf2b7c58013d,Organization Structure — Mudavym,,inventoried_only,Metadata only; no semantic-read claim.
local-evidence/restaurant-ai-automation,.planning/foundation/PAGE_MAP.md,.md,5755,179aaac1f89eda78b93cdaaa45b9c5f671e5396085f3a0a6068d6343c08ca096,Page Interconnection Map — Web App,,inventoried_only,Metadata only; no semantic-read claim.
local-evidence/restaurant-ai-automation,.planning/foundation/README.md,.md,18988,b868611735a306a051457d6b7aa07bb27bb5afe30b2e0c1c90f1f0c1ef1d89c1,Foundation Breakdown — Mudavym,,read_targeted,Selected relevant paragraphs reviewed.
local-evidence/restaurant-ai-automation,.planning/foundation/VAULT_AND_LOOPS.md,.md,9379,039c85a4f388806209d98783333c81e3d7c19a5fd61f0049e63aa2957d7663be,"The Vault, Graphify, and the Graph of Loops — how it works and what it says",,inventoried_only,Metadata only; no semantic-read claim.
local-evidence/restaurant-ai-automation,.planning/foundation/teams/commercial.md,.md,36727,f31ecc99fcce07f16707ddabb142f6756171d42f28676dbd7ab40acbc2a24d4d,Commercial — team layer,,inventoried_only,Metadata only; no semantic-read claim.
local-evidence/restaurant-ai-automation,.planning/foundation/teams/corporate.md,.md,35112,abce4d0dc541d9a766d35620e9e94096166c0cb97147b85e0b299b666a633bb7,Corporate — team layer,,inventoried_only,Metadata only; no semantic-read claim.
local-evidence/restaurant-ai-automation,.planning/foundation/teams/intelligence.md,.md,34390,b7017a10dbf1c42c98ad92fa2d6377ff47e2e31c758853129c42745837ebe999,Intelligence Division — Team Layer,,inventoried_only,Metadata only; no semantic-read claim.
local-evidence/restaurant-ai-automation,.planning/foundation/teams/product.md,.md,53846,9699871e7351f4f530f539a989a80b30e12361abadfd7592097e5bf77928f12f,Product Division — Team Layer,,inventoried_only,Metadata only; no semantic-read claim.
local-evidence/restaurant-ai-automation,.planning/foundation/teams/technology.md,.md,55023,ad127ebd59056b0cd046756f3aa0aeb981998abe9abc22b51c1410c0832bcefe,Technology — team layer,,inventoried_only,Metadata only; no semantic-read claim.
local-evidence/restaurant-ai-automation,.planning/sketches/001-path-selector/README.md,.md,1284,db0834d4437aa6d5ba510a4792e825b573beb9ea6ab403f880200e7a645ea07f,Sketch 001: Path Selector,,inventoried_only,Metadata only; no semantic-read claim.
local-evidence/restaurant-ai-automation,.planning/sketches/001-path-selector/index.html,.html,28549,c1aa490d31abfc18c26de77c78a6c5cbcd3a43ef45bfeeb3f2e867f3cd534239,,,inventoried_only,Metadata only; no semantic-read claim.
local-evidence/restaurant-ai-automation,.planning/sketches/002-invite-code-entry/README.md,.md,1563,66b9153b95fa1f8cc43945a3216b8acf2274cb5f1928c54ecb22569adaf951a8,Sketch 002: Invite Code Entry,,inventoried_only,Metadata only; no semantic-read claim.
local-evidence/restaurant-ai-automation,.planning/sketches/002-invite-code-entry/index.html,.html,38541,116430b9487562c2d452223a9f9c497820633fc0e225b4a752c386a0d006cd26,,,inventoried_only,Metadata only; no semantic-read claim.
local-evidence/restaurant-ai-automation,.planning/sketches/003-restaurant-details-form/README.md,.md,1743,83a4b880eebe88a5e7476b715ac72a4be5e9148e9ff276bec4b8505a2b8701e1,Sketch 003: Restaurant Details Form,,inventoried_only,Metadata only; no semantic-read claim.
local-evidence/restaurant-ai-automation,.planning/sketches/003-restaurant-details-form/index.html,.html,43442,83b8f2daf46467aa23b6918925e9f72b3f9f2b084b0c65579e88a00ef046d618,,,inventoried_only,Metadata only; no semantic-read claim.
local-evidence/restaurant-ai-automation,.planning/sketches/004-full-flow-synthesis/README.md,.md,1637,2572de71c68019964a6cfae4025a46b9676faa56d07f776fb37a30cd15b20bf1,Sketch 004: Full Flow Synthesis,,inventoried_only,Metadata only; no semantic-read claim.
local-evidence/restaurant-ai-automation,.planning/sketches/004-full-flow-synthesis/index.html,.html,64474,8cbe72c017a921c6db60ddf40095ba65cd25e22c142d38a424b60037f6bbc3c2,,,inventoried_only,Metadata only; no semantic-read claim.
local-evidence/restaurant-ai-automation,.planning/sketches/005-branch-selector/README.md,.md,1163,162c768e6b300924e43e1a513e5b6c2f0793870d0e65cd4fac7922ade55495ff,Sketch 005: Branch Selector,,inventoried_only,Metadata only; no semantic-read claim.
local-evidence/restaurant-ai-automation,.planning/sketches/005-branch-selector/index.html,.html,22792,f0632d2b443432b11d3d344613d8ece8b222702b4836f313f4a93d1076fba27f,,,inventoried_only,Metadata only; no semantic-read claim.
local-evidence/restaurant-ai-automation,.planning/sketches/006-settings-layout/README.md,.md,1464,2f8a612d3b64399dcc20dc05c71a8779ab51c0791b76586e788175219cb1d428,Sketch 006: Settings Layout,,inventoried_only,Metadata only; no semantic-read claim.
local-evidence/restaurant-ai-automation,.planning/sketches/006-settings-layout/index.html,.html,76811,0850f59401499f38d0bbdfb6aebd64ce43f13bd5cc2def4d571257a2d205b2d8,,,inventoried_only,Metadata only; no semantic-read claim.
local-evidence/restaurant-ai-automation,.planning/sketches/007-locations-chains/README.md,.md,1656,b045a4683ac89c19b8789d848446cb7cd555ec062caee09ee95bdc78876b4331,Sketch 007: Locations & Chains,,inventoried_only,Metadata only; no semantic-read claim.
local-evidence/restaurant-ai-automation,.planning/sketches/007-locations-chains/index.html,.html,54483,753f865d7f349f7c454f74b0c96490824928301c0625484787c32bc2e849e345,,,inventoried_only,Metadata only; no semantic-read claim.
local-evidence/restaurant-ai-automation,.planning/sketches/008-providers-page-layout/README.md,.md,1563,fabceb870422865979a72175e66be9b941ccb2e7396a1ef1daba7761d42ad55d,Sketch 008: Providers Page Layout,,inventoried_only,Metadata only; no semantic-read claim.
local-evidence/restaurant-ai-automation,.planning/sketches/008-providers-page-layout/index.html,.html,33167,11b8c06821c9c2020157785809d9d3e0c32a806eb887fd4b67c27a8b454deee5,,,inventoried_only,Metadata only; no semantic-read claim.
local-evidence/restaurant-ai-automation,.planning/sketches/009-provider-card-design/README.md,.md,1521,e6ceaf3bbea4e7e1b61c706228329062026fad11f59bc38d096f2748ed3be837,Sketch 009: Provider Card Design,,inventoried_only,Metadata only; no semantic-read claim.
local-evidence/restaurant-ai-automation,.planning/sketches/009-provider-card-design/index.html,.html,16909,eff41094d0e85f174825d10c7146c56f3f20d61cf1979a750994bd70bf7ada3e,,,inventoried_only,Metadata only; no semantic-read claim.
local-evidence/restaurant-ai-automation,.planning/sketches/010-provider-detail-modal/README.md,.md,1674,4af050fb17328e3b4eef28be5be22ac9eb415cb8ec8b3e375e09d718ffb1bca1,Sketch 010: Provider Detail Modal,,inventoried_only,Metadata only; no semantic-read claim.
local-evidence/restaurant-ai-automation,.planning/sketches/010-provider-detail-modal/index.html,.html,25411,b55d3ef62b23a5c4dc11bfa995a14cb813bb97a3c32b937cb242888933ae3322,,,inventoried_only,Metadata only; no semantic-read claim.
local-evidence/restaurant-ai-automation,.planning/sketches/011-activation-checklist/index.html,.html,39756,78725a9539fb36b59005c5a08f3ebf96bd0b50f7e8e8297706146d1b9249b7a8,,,inventoried_only,Metadata only; no semantic-read claim.
local-evidence/restaurant-ai-automation,.planning/sketches/012-reports-ai-bar/index.html,.html,26969,be71a98d148641bc5666e0485ea9089270530a2aa7cd46da7fe791c81d2bfa5d,,,inventoried_only,Metadata only; no semantic-read claim.
local-evidence/restaurant-ai-automation,.planning/sketches/013-reports-period-compare/index.html,.html,27882,8cc443a921ad09719633cee0f88284dd6e0b2ad67a523fd5aae7c2c5a317f6eb,,,inventoried_only,Metadata only; no semantic-read claim.
local-evidence/restaurant-ai-automation,.planning/sketches/014-reports-full-canvas/index.html,.html,54096,61224db7a9f5a4c1504d6665a8704d2a146c4e035bcfabc5aea25d245bef9890,,,inventoried_only,Metadata only; no semantic-read claim.
local-evidence/restaurant-ai-automation,.planning/sketches/015-reports-final/index.html,.html,92708,b1b70d208f45a9557b714c612c9cd54065e8537c217ba166600eac3ec2252e8a,,,inventoried_only,Metadata only; no semantic-read claim.
local-evidence/restaurant-ai-automation,.planning/sketches/016-communications-templates/README.md,.md,3035,0f3644249bdcc6b3b219a1604e8ee403721c0219f98741ddebd5d07a052b2f34,016 · Communications Templates,,inventoried_only,Metadata only; no semantic-read claim.
local-evidence/restaurant-ai-automation,.planning/sketches/016-communications-templates/index.html,.html,54200,d1fb8243ba5288d61b76edc1425d6f5e80bf413c8c780a6105290ba249d814af,,,inventoried_only,Metadata only; no semantic-read claim.
local-evidence/restaurant-ai-automation,.planning/sketches/017-event-modal-improved/index.html,.html,55596,1766e9992ef381bcc30ac281587424a118112b95ab16765eac206711fd971fd1,,,inventoried_only,Metadata only; no semantic-read claim.
local-evidence/restaurant-ai-automation,.planning/sketches/018-settings-calendar-subscription/index.html,.html,8279,1f1c5163ab7de8bbf317f56fe1e88b55418612502afacb8252e7fa8b8829efe7,,,inventoried_only,Metadata only; no semantic-read claim.
local-evidence/restaurant-ai-automation,.planning/sketches/019-comms-thread-drawer/v1-email-client.html,.html,34320,97084faa06fa63e81963ce8589692d431602635dd0631dd163e0ccf9b8af7eb3,,,inventoried_only,Metadata only; no semantic-read claim.
local-evidence/restaurant-ai-automation,.planning/sketches/019-comms-thread-drawer/v2-activity-feed.html,.html,35417,10b2409fd468b55db3b4ed2550705a8e73cb2b907075007fd0568aaaf82e4519,,,inventoried_only,Metadata only; no semantic-read claim.
local-evidence/restaurant-ai-automation,.planning/sketches/020-storage-location-layout/README.md,.md,1398,1e6aaf6f90fda039687fcf27b8d910a2b9de33b377901a0b9c7f4460e746c75a,Sketch 020: Storage Location — Layout Philosophy,,inventoried_only,Metadata only; no semantic-read claim.
local-evidence/restaurant-ai-automation,.planning/sketches/020-storage-location-layout/index.html,.html,45984,117637ef6051c9e9dd6dcd81e7431bda6d12e744730cd7ad9a608c66fb2e859f,,,inventoried_only,Metadata only; no semantic-read claim.
local-evidence/restaurant-ai-automation,.planning/sketches/021-location-card-design/README.md,.md,1266,d48e6abe314c171a88166aa744a2872f5df5647045f7d2126cd6347a9c0b0ada,Sketch 021: Location Card Design,,inventoried_only,Metadata only; no semantic-read claim.
local-evidence/restaurant-ai-automation,.planning/sketches/021-location-card-design/index.html,.html,32380,b7818693b30f5e6c9cf72d8e601a42089a14174b396e9560a8211837ea41af74,,,inventoried_only,Metadata only; no semantic-read claim.
local-evidence/restaurant-ai-automation,.planning/sketches/022-mobile-cellar-view/README.md,.md,1306,aa83dbba41b0f25ae262f0cea131e5a6db84ecf38bd3b12606754e3b66eb0c48,Sketch 022: Mobile Cellar View,,inventoried_only,Metadata only; no semantic-read claim.
local-evidence/restaurant-ai-automation,.planning/sketches/022-mobile-cellar-view/index.html,.html,30283,cb85f373f6eab8479a4f18ba721ef57d3f0f8c9fd96cfcb8bce3a3a290eb4f9b,,,inventoried_only,Metadata only; no semantic-read claim.
local-evidence/restaurant-ai-automation,.planning/sketches/023-power-user-enterprise/README.md,.md,1574,27e0b5688606809b61d91c89f67cb00dc1419885910e60aba08d63ebafb1c114,Sketch 023: Power User Enterprise View,,inventoried_only,Metadata only; no semantic-read claim.
local-evidence/restaurant-ai-automation,.planning/sketches/023-power-user-enterprise/index.html,.html,44181,37da04a4fad08cc8ad16329119d8247c6615652787a26f862b46097751e357d4,,,inventoried_only,Metadata only; no semantic-read claim.
local-evidence/restaurant-ai-automation,.planning/sketches/024-new-features-integration/README.md,.md,1811,8299e87b518a98cc9e3944e897b436ea6e26d51dee9757b4acc3c757529e8eaf,Sketch 024: New Features Integration,,inventoried_only,Metadata only; no semantic-read claim.
local-evidence/restaurant-ai-automation,.planning/sketches/024-new-features-integration/index.html,.html,55622,ee4e3acbedf464229acfabd1d1aa3ecc7a9169339ba0e9b558c2b881f2e8d13c,,,inventoried_only,Metadata only; no semantic-read claim.
local-evidence/restaurant-ai-automation,.planning/sketches/025-modal-layout-structure/README.md,.md,1712,049b8f9847740a6a71d647731e2650ef2eb40df67482f801d8f63997b8652d46,Sketch 025: Modal Layout Structure,,inventoried_only,Metadata only; no semantic-read claim.
local-evidence/restaurant-ai-automation,.planning/sketches/025-modal-layout-structure/index.html,.html,47123,54156ca122e20f1559d4d35016cdf7e9cf3b90f30a3d2feb3f7a0dec096efd88,,,inventoried_only,Metadata only; no semantic-read claim.
local-evidence/restaurant-ai-automation,.planning/sketches/026-wine-assignment-ux/README.md,.md,2143,5dce8dabe4ac7314657beae779d05a85327ff7c35611c6f615ef774ce5f87313,Sketch 026: Wine Assignment UX,,inventoried_only,Metadata only; no semantic-read claim.
local-evidence/restaurant-ai-automation,.planning/sketches/026-wine-assignment-ux/index.html,.html,45104,dafb7a59486c502535e8d8ff6f117f38aa7fcd74be71848b4c50311ea4177c05,,,inventoried_only,Metadata only; no semantic-read claim.
local-evidence/restaurant-ai-automation,.planning/sketches/027-honest-inventory/index.html,.html,32914,c3074927d6a99c8fc3ae52932a23038d1c8b5365f37390810e256730a347a115,,,inventoried_only,Metadata only; no semantic-read claim.
local-evidence/restaurant-ai-automation,.planning/sketches/028-living-cellar/README.md,.md,1412,01fc877d2a3946ce9333973f3e5d139e9d2d202b0c38bea5096d12952bc616e5,Sketch 028: Living Cellar,,inventoried_only,Metadata only; no semantic-read claim.
local-evidence/restaurant-ai-automation,.planning/sketches/028-living-cellar/index.html,.html,31103,e39723a14675ef0c07421148c950c54ec94fb0f1fea714750690e4596d222dc5,,,inventoried_only,Metadata only; no semantic-read claim.
local-evidence/restaurant-ai-automation,.planning/sketches/029-cellar-copilot/README.md,.md,1473,d8b2775d20632633f74d6b1193edc2645b3c30933eb57587e482d12c8a9dcb28,Sketch 029: Cellar Copilot,,inventoried_only,Metadata only; no semantic-read claim.
local-evidence/restaurant-ai-automation,.planning/sketches/029-cellar-copilot/index.html,.html,32384,118618c18a75e640de5f03eb2064ae0f3a0f0b250e583e4f6c289311f098241d,,,inventoried_only,Metadata only; no semantic-read claim.
local-evidence/restaurant-ai-automation,.planning/sketches/030-inventory-honest-integration/README.md,.md,1730,3d738e057080f982c3001521d8d6c5c474b42ae6b84d82629d243ce6fbd98e5e,Sketch 030: Honest Inventory → Real /inventory Page,,inventoried_only,Metadata only; no semantic-read claim.
local-evidence/restaurant-ai-automation,.planning/sketches/030-inventory-honest-integration/index.html,.html,31660,dba6799c091436e09296ea5a99750879fcf10025b60072089b14785daad14c6f,,,inventoried_only,Metadata only; no semantic-read claim.
local-evidence/restaurant-ai-automation,.planning/sketches/031-inventory-cellar-integration/README.md,.md,1426,bf61fb817c8fd0a226b27ddb6c7db413fa2031faf32b7e294fb560fb66b53972,Sketch 031: Living Cellar → Real /inventory Page,,inventoried_only,Metadata only; no semantic-read claim.
local-evidence/restaurant-ai-automation,.planning/sketches/031-inventory-cellar-integration/index.html,.html,33894,0e1cda3b8873dcfc0babee25c90f1452ec37b93439363132955b743a1d81f59b,,,inventoried_only,Metadata only; no semantic-read claim.
local-evidence/restaurant-ai-automation,.planning/sketches/032-cellar-map-command/README.md,.md,2252,d3c1c7d7874271241d04755c917058730192b5fb815afeb9d84a11adb5cfdb5d,Sketch 032: Cellar Map Command,,inventoried_only,Metadata only; no semantic-read claim.
local-evidence/restaurant-ai-automation,.planning/sketches/032-cellar-map-command/index.html,.html,38650,dcdcd3dea34195a168556aa73ff592c7842a3280441c090c6b3944c6e416db62,,,inventoried_only,Metadata only; no semantic-read claim.
local-evidence/restaurant-ai-automation,.planning/sketches/033-notification-preferences/index.html,.html,14504,1ad6c2e7a5aa98f92f5ee073654ebe908db81055c625ba6e7aa0812bf3df597a,,,inventoried_only,Metadata only; no semantic-read claim.
local-evidence/restaurant-ai-automation,.planning/sketches/033-notification-preferences/synthesis.html,.html,11599,7ef0a3bcaf708d26ea2899da0fcc5f640ba67dbaf4b4097f2f666decab0d8e2f,,,inventoried_only,Metadata only; no semantic-read claim.
local-evidence/restaurant-ai-automation,.planning/sketches/034-teams-page/README.md,.md,2794,dcb64c75143a8e5d1403a76beb1af35a07fbb1c6595b885088644d0f7b04fdc3,Sketch 034: Teams Page,,inventoried_only,Metadata only; no semantic-read claim.
local-evidence/restaurant-ai-automation,.planning/sketches/034-teams-page/index.html,.html,21733,9632f5c54342b1f83569b238cfae81dbf0db293869010486f200b0921f34c008,,,inventoried_only,Metadata only; no semantic-read claim.
local-evidence/restaurant-ai-automation,.planning/sketches/035-teams-parallax/README.md,.md,2626,83111fb3cf2a3e7b83c275980f2572b3445190afaa599ea8b64688dbbbf8e714,Sketch 035: Teams Page (Parallax + Apple + Taste),,inventoried_only,Metadata only; no semantic-read claim.
local-evidence/restaurant-ai-automation,.planning/sketches/035-teams-parallax/index.html,.html,19574,472ca58bed84dafc79a5909628ee5d92fcca26a00f386c2ea42c682660ec90cb,,,inventoried_only,Metadata only; no semantic-read claim.
local-evidence/restaurant-ai-automation,.planning/sketches/036-team-shifts-v1/README.md,.md,2045,bb8d0224e62ac360f33a19fd75b11b9faeb3e7d96f36c37182ec909513e34847,Sketch 036: Team + Shifts v1,,inventoried_only,Metadata only; no semantic-read claim.
local-evidence/restaurant-ai-automation,.planning/sketches/036-team-shifts-v1/index.html,.html,21648,e9b66a2d0e67a48c7ec499e54f8d23033b59b95bd6116f7805ab96baa35757b7,,,inventoried_only,Metadata only; no semantic-read claim.
local-evidence/restaurant-ai-automation,.planning/sketches/037-team-command/README.md,.md,2094,ba82b14d266a948c7f832a45c7be406df3fa75eb9374cf4f517bc78d916dc16a,Sketch 037: Team Command Surface,,inventoried_only,Metadata only; no semantic-read claim.
local-evidence/restaurant-ai-automation,.planning/sketches/037-team-command/index.html,.html,27871,3a3daef8c6f4bbd4e407652485b712c6bb134dc5df3b38536d4e648cf31ed72f,,,inventoried_only,Metadata only; no semantic-read claim.
local-evidence/restaurant-ai-automation,.planning/sketches/038-inventory-command/index.html,.html,53406,02719e638bb883b84c5a0c9338ed7ece9a47d08684cdb0fa74182731dafffbd1,,,inventoried_only,Metadata only; no semantic-read claim.
local-evidence/restaurant-ai-automation,.planning/sketches/038-manager-shift-desk/README.md,.md,4331,4ab759cf5b2faf6f3dfa90e6aadf39295ebdf8772d4f2476f448aae4cdfaa9ff,Sketch 038: Manager Shift Desk,,inventoried_only,Metadata only; no semantic-read claim.
local-evidence/restaurant-ai-automation,.planning/sketches/038-manager-shift-desk/index.html,.html,82879,89510ac3c71768377f961dba07bb28dc53cd9d285087bff23e9057886566f056,,,inventoried_only,Metadata only; no semantic-read claim.
local-evidence/restaurant-ai-automation,.planning/sketches/040-inventory-insights-panel/README.md,.md,2513,b4f59e4060cb3fb457234ead2e65a0ce0de81f79b6ff8771bd2ca55b9ef8159c,Sketch 040 · Inventory Insights Panel,,inventoried_only,Metadata only; no semantic-read claim.
local-evidence/restaurant-ai-automation,.planning/sketches/040-inventory-insights-panel/index.html,.html,74183,576306767ba54fa24955dc5b8712139100b8001a81bdaaabca289683ea8c64d3,,,inventoried_only,Metadata only; no semantic-read claim.
local-evidence/restaurant-ai-automation,.planning/sketches/041-cellar-command-surface/README.md,.md,3066,24fe00ad8cf0b1d0e0dd74b32354b555a60ee4e747a91c56baab079bc1a07420,Sketch 041 · Cellar Command Surface,,inventoried_only,Metadata only; no semantic-read claim.
local-evidence/restaurant-ai-automation,.planning/sketches/041-cellar-command-surface/index.html,.html,24288,2c5709b069107210a4d3502f0287ee99d8ce940d768bb4e9c997049bc6d36ba4,,,inventoried_only,Metadata only; no semantic-read claim.
local-evidence/restaurant-ai-automation,.planning/sketches/042-mobile-stack-capabilities/README.md,.md,2922,a0ccb383f1a7f0b8331678121c736f51b4a87b61fe5e21e1c8b470376e15c564,Sketch 042: Mobile Stack · Design & Motion,,inventoried_only,Metadata only; no semantic-read claim.
local-evidence/restaurant-ai-automation,.planning/sketches/042-mobile-stack-capabilities/index.html,.html,57005,6dbf6e015ab1df753b6d5059034ab899c751634ce7eb689d5e6d5036a64329a7,,,inventoried_only,Metadata only; no semantic-read claim.
local-evidence/restaurant-ai-automation,.planning/sketches/043-motion-signature-moments/README.md,.md,1911,bf8c1b2bdb7aad582b150295254779ec8ca04a2ae7673647d7a8355f3d6181f8,Sketch 043 · Motion Signature Moments,,inventoried_only,Metadata only; no semantic-read claim.
local-evidence/restaurant-ai-automation,.planning/sketches/043-motion-signature-moments/index.html,.html,29775,b2fed69bc8a02802ab96507ec1a43f09381ab27e3f18bc1f5871336c21e4482b,,,inventoried_only,Metadata only; no semantic-read claim.
local-evidence/restaurant-ai-automation,.planning/sketches/044-wineops-signature-motions/README.md,.md,3926,68c7469a908c8bc4be4094d87292e7597d6a5bfd1214e792445a2c68849ee792,Sketch 044 · WineOps Signature Motions,,inventoried_only,Metadata only; no semantic-read claim.
local-evidence/restaurant-ai-automation,.planning/sketches/044-wineops-signature-motions/index.html,.html,28616,28b66832e78adbfdac3504790cd2ba109f3e5d32eb8d5601fb7498a79003e0ab,,,inventoried_only,Metadata only; no semantic-read claim.
local-evidence/restaurant-ai-automation,.planning/sketches/045-ops-signature-motions/README.md,.md,2428,7f7b15af07583160c90a74e7b51def3387dd71da3ee8bfef5b5814b4aff2776a,Sketch 045 · Ops Signature Motions,,inventoried_only,Metadata only; no semantic-read claim.
local-evidence/restaurant-ai-automation,.planning/sketches/045-ops-signature-motions/index.html,.html,35772,018e0b179e38e89c912071beb99d6af2ba049a6901251c273eb3cf0169971916,,,inventoried_only,Metadata only; no semantic-read claim.
local-evidence/restaurant-ai-automation,.planning/sketches/046-cellar-commit-motions/README.md,.md,2683,505e5c7c40127d6d44aef33a9e9df0d505fe4cfd7e1dbcb57fc7dfe143fca041,Sketch 046 · Cellar Commit Motions,,inventoried_only,Metadata only; no semantic-read claim.
local-evidence/restaurant-ai-automation,.planning/sketches/046-cellar-commit-motions/index.html,.html,30490,657bea36ad120d946a85b1165eaec4ff0f71d03576c5d92a9e0411b2b1b077dc,,,inventoried_only,Metadata only; no semantic-read claim.
local-evidence/restaurant-ai-automation,.planning/sketches/047-cellar-topology-workbench/README.md,.md,3572,80c90d443ff9f1bf4cc52ca5c36aaa969a304a7dec756f3c55d39ca60254b84f,Sketch 047 · Cellar Topology Workbench,,inventoried_only,Metadata only; no semantic-read claim.
local-evidence/restaurant-ai-automation,.planning/sketches/047-cellar-topology-workbench/index.html,.html,82556,67382c6ac88037b792f45b041e11ab0deb9b9328f51b458a85761ca0142ba664,,,inventoried_only,Metadata only; no semantic-read claim.
local-evidence/restaurant-ai-automation,.planning/sketches/048-interactive-guidance/GATES.md,.md,961,9bd1f50bee1fbbb5e099da4818ebb79f394ab8656ae4c8b0381f28d6b902a226,Sketch 048 · Kill / success gates,,inventoried_only,Metadata only; no semantic-read claim.
local-evidence/restaurant-ai-automation,.planning/sketches/048-interactive-guidance/README.md,.md,3609,422549cd07a6e1065727aee18bd3d19df03e14f87de8cf1367bbc9535d02df71,Sketch 048 · Interactive Guidance System,,inventoried_only,Metadata only; no semantic-read claim.
local-evidence/restaurant-ai-automation,.planning/sketches/048-profile-page/README.md,.md,2731,5261158864200b367e6f27030da510c35a6b55972aad78f674f3c929dd9feb37,Sketch 048: Profile Page,,inventoried_only,Metadata only; no semantic-read claim.
local-evidence/restaurant-ai-automation,.planning/sketches/048-profile-page/SCORECARD.md,.md,855,f28da64a22dec6f3e81d02dce16c8e6a5acce38d613ab811beb67cfb6f7120b1,Sketch 048 — Scorecard,,inventoried_only,Metadata only; no semantic-read claim.
local-evidence/restaurant-ai-automation,.planning/sketches/048-profile-page/index.html,.html,15515,930367e9ffa1695182f804ebf93dc28167dc44db7e00bbeccdc66b84d6a28559,,,inventoried_only,Metadata only; no semantic-read claim.
local-evidence/restaurant-ai-automation,.planning/sketches/049-mobile-guidance-web-shell/README.md,.md,1758,dc4b353714f3b526dbd96d7f346b73060deb5d8bfb44faf9574b7066056b0256,Sketch 049 · Mobile Guidance + Web Mobile Shell,,inventoried_only,Metadata only; no semantic-read claim.
local-evidence/restaurant-ai-automation,.planning/sketches/050-activation-flow/README.md,.md,8052,2fc8f736bf6219936addbd46d14c2c4d18d3cd72f415e8e3164574e6c48c3faf,Sketch 050 · Activation Flow (Owner/Manager Get Started),,inventoried_only,Metadata only; no semantic-read claim.
local-evidence/restaurant-ai-automation,.planning/sketches/051-staff-firstrun-tutorial/README.md,.md,5707,48ff31573d6349afc06d11a161d577893c4f5f928a187dfba299ea4e43d0e4a3,Sketch 051 · Staff First-Run + Per-Page First-Visit Tutorial,,inventoried_only,Metadata only; no semantic-read claim.
local-evidence/restaurant-ai-automation,.planning/sketches/052-wineops-document/index.html,.html,15375,b427280443f28f53c343b5ae738e7fc61684baf35407146d999870343b37e2c0,,,inventoried_only,Metadata only; no semantic-read claim.
local-evidence/restaurant-ai-automation,.planning/sketches/053-engineering-agenda-canvas/README.md,.md,3676,10cccf22b3655a14e281103f31f00e99b8aa6c6de5b11495b89a6efe528a9d42,053 — Engineering agenda canvas,,inventoried_only,Metadata only; no semantic-read claim.
local-evidence/restaurant-ai-automation,.planning/sketches/053-engineering-agenda-canvas/canvas.html,.html,17595,7ef65e2a5bbc950ead633fbe97e437ec1a9fdc008e3e2ea2478f58fadfcf6d91,,,inventoried_only,Metadata only; no semantic-read claim.
local-evidence/restaurant-ai-automation,.planning/sketches/054-data-agenda-canvas/README.md,.md,4148,e362699f2a7de38de791a86d15681bc22bd1ff91cc27e65958206f30177ea3ec,Sketch 054 · Data — Agenda Canvas,,inventoried_only,Metadata only; no semantic-read claim.
local-evidence/restaurant-ai-automation,.planning/sketches/054-data-agenda-canvas/canvas.html,.html,27949,f8ef26a9196819e862d8f26a56f4e0ab80f0be12a81deb7266b2013e79b57019,,,inventoried_only,Metadata only; no semantic-read claim.
local-evidence/restaurant-ai-automation,.planning/sketches/055-reliability-sre-agenda-canvas/README.md,.md,4284,4e02d5a7c788ad86e900d90188707a65b5fb428aab1a23856b4358b58ed85899,Sketch 055: Reliability / SRE Agenda Canvas,,inventoried_only,Metadata only; no semantic-read claim.
local-evidence/restaurant-ai-automation,.planning/sketches/055-reliability-sre-agenda-canvas/canvas.html,.html,23026,51385e2d10cc9bb1724422c958ba6973513d6fc46ba307e0c503797ad4e021ee,,,inventoried_only,Metadata only; no semantic-read claim.
local-evidence/restaurant-ai-automation,.planning/sketches/056-ai-orchestration-agenda-canvas/README.md,.md,3119,2b68769f7393352a42b9406e88a768af7c10b9071e91c61689301d9b78e806d2,Sketch 056 · AI Orchestration Agenda Canvas,,inventoried_only,Metadata only; no semantic-read claim.
local-evidence/restaurant-ai-automation,.planning/sketches/056-ai-orchestration-agenda-canvas/canvas.html,.html,14708,cfb69496075055f01123bc1d258a3b5de8a9a63c9d0ecda82a731224f45fd21b,,,inventoried_only,Metadata only; no semantic-read claim.
local-evidence/restaurant-ai-automation,.planning/sketches/057-skills-agenda-canvas/README.md,.md,3398,a7ed85055b750c6901679700ed823aab25106cbfc3182dd074c4fc9baafbec8c,Sketch 057 · Skills Agenda Canvas,,inventoried_only,Metadata only; no semantic-read claim.
local-evidence/restaurant-ai-automation,.planning/sketches/057-skills-agenda-canvas/canvas.html,.html,15843,6385c585990cb9c50939d8f42ba74197fd0f4d0064e8a11ace121de0fb4ac4eb,,,inventoried_only,Metadata only; no semantic-read claim.
local-evidence/restaurant-ai-automation,.planning/sketches/058-research-math-agenda-canvas/README.md,.md,3406,308918eccf2ca4c50b57f7f9c37a719b3e81ff30accb1a7fd0bb74354d839a1f,058 — research-math-agenda-canvas,,inventoried_only,Metadata only; no semantic-read claim.
local-evidence/restaurant-ai-automation,.planning/sketches/058-research-math-agenda-canvas/canvas.html,.html,18782,f2ff3a75d27450dfd996b50d1f4e3064c22de995a4892b25b4b10b30e35f195e,,,inventoried_only,Metadata only; no semantic-read claim.
local-evidence/restaurant-ai-automation,.planning/sketches/059-security-agenda-canvas/README.md,.md,4086,bdd2b920c729cf73462df69907ddbe9f9378f5a0457093e91d9dcbc13a54a957,Sketch 059 · Security Agenda Canvas,,inventoried_only,Metadata only; no semantic-read claim.
local-evidence/restaurant-ai-automation,.planning/sketches/059-security-agenda-canvas/canvas.html,.html,23803,3e239b6227e746566147767aaa01437002c421d5e573c16c6bc93c2f26fa21cf,,,inventoried_only,Metadata only; no semantic-read claim.
local-evidence/restaurant-ai-automation,.planning/sketches/060-analytics-bi-agenda-canvas/README.md,.md,5125,c2d983dfce03f7783f6a7881942ac317643dd46b898374acb1edbe6413cd6b50,Sketch 060 · Analytics &amp; BI — Agenda Canvas,,inventoried_only,Metadata only; no semantic-read claim.
local-evidence/restaurant-ai-automation,.planning/sketches/060-analytics-bi-agenda-canvas/canvas.html,.html,23010,2746ed2103395ec300b623535da0d79601ed7bbf9ce5cbb6d11f9f493b138def,,,inventoried_only,Metadata only; no semantic-read claim.
local-evidence/restaurant-ai-automation,.planning/sketches/061-product-vision-agenda-canvas/README.md,.md,5125,7efad1d9deb365c230f2e51131eaf455df0aa675e53059790ba166aa28c8b18e,Sketch 061 · Product & Vision agenda canvas,,inventoried_only,Metadata only; no semantic-read claim.
local-evidence/restaurant-ai-automation,.planning/sketches/061-product-vision-agenda-canvas/canvas.html,.html,20228,f438eacd15374dcb2e0f0ce98d575c8a7cdbb40819162666b38986d6d85ed41b,,,inventoried_only,Metadata only; no semantic-read claim.
local-evidence/restaurant-ai-automation,.planning/sketches/062-design-agenda-canvas/README.md,.md,3455,d79648464be088f60f250f7690a8caaca0803fe70ccf40238611af250d87d582,Sketch 062 · Design — Agenda Canvas,,inventoried_only,Metadata only; no semantic-read claim.
local-evidence/restaurant-ai-automation,.planning/sketches/062-design-agenda-canvas/canvas.html,.html,18281,cc2f8214573562424f7c284d2420bb1ff4584996ad3e6dc168aa33325b3a7781,,,inventoried_only,Metadata only; no semantic-read claim.
local-evidence/restaurant-ai-automation,.planning/sketches/063-guest-experience-agenda-canvas/README.md,.md,3462,f6706e7119b685159cd8dcc7174ad3ae0237ab5b7ff0d8247467ca612ce9221d,Sketch 063 · Guest Experience — Agenda Canvas,,inventoried_only,Metadata only; no semantic-read claim.
local-evidence/restaurant-ai-automation,.planning/sketches/063-guest-experience-agenda-canvas/canvas.html,.html,20486,3c2e3b716607cd9c33233dbcc706cffe243aa0a23f799a19f843a6785888cb41,,,inventoried_only,Metadata only; no semantic-read claim.
local-evidence/restaurant-ai-automation,.planning/sketches/064-partnerships-integrations-agenda-canvas/README.md,.md,4512,21d88ff76519760216d191b991cf82b46ac82f0dffc9346fbe164c8bc3aa6cc2,Sketch 064: Partnerships & Integrations — Agenda Canvas,,inventoried_only,Metadata only; no semantic-read claim.
local-evidence/restaurant-ai-automation,.planning/sketches/064-partnerships-integrations-agenda-canvas/canvas.html,.html,19256,57e711c301d5b962be47de75a78c760e4df9a3f56876ef5dc911abe991ef0eba,,,inventoried_only,Metadata only; no semantic-read claim.
local-evidence/restaurant-ai-automation,.planning/sketches/065-growth-agenda-canvas/README.md,.md,4717,d46acdd914c1d77378049adc74291ddc30f65a991d167adaa454fcb4c6d769ff,Sketch 065 · Growth Agenda Canvas,,inventoried_only,Metadata only; no semantic-read claim.
local-evidence/restaurant-ai-automation,.planning/sketches/065-growth-agenda-canvas/canvas.html,.html,24546,c05e3bc1c7663f1100b35b447c3c9eaea72bd502fb4937ca4eb150cf6839faf3,,,inventoried_only,Metadata only; no semantic-read claim.
local-evidence/restaurant-ai-automation,.planning/sketches/066-finance-pricing-agenda-canvas/README.md,.md,4296,ce7174d68186fcddf31174cc3207def3e842cda858a7c54e912dc05957374525,Sketch 066: Finance &amp; Pricing · Agenda Canvas,,inventoried_only,Metadata only; no semantic-read claim.
local-evidence/restaurant-ai-automation,.planning/sketches/066-finance-pricing-agenda-canvas/canvas.html,.html,16832,b0c7eab2523efa3c7090b91b2b9d0cfde3aff3f83cb207378bece1fd2e1a27c0,,,inventoried_only,Metadata only; no semantic-read claim.
local-evidence/restaurant-ai-automation,.planning/sketches/067-media-brand-agenda-canvas/README.md,.md,3839,9b2473e54aecf51ba93ec58c1af72b94619c5da65a9a380d7df735e8dac5d557,Sketch 067 · Media & Brand — Agenda Canvas,,inventoried_only,Metadata only; no semantic-read claim.
local-evidence/restaurant-ai-automation,.planning/sketches/067-media-brand-agenda-canvas/canvas.html,.html,24289,fd48afce8a3ce37f0f428e9f1a00ebbda53dcc999cba883d8320e192a3d2ce59,,,inventoried_only,Metadata only; no semantic-read claim.
local-evidence/restaurant-ai-automation,.planning/sketches/068-sales-agenda-canvas/README.md,.md,4242,be322f85a5b1d6b069a1a9a403051e1defc345c59649a891362059bfb3e4804b,Sketch 068 · Sales Agenda Canvas,,inventoried_only,Metadata only; no semantic-read claim.
local-evidence/restaurant-ai-automation,.planning/sketches/068-sales-agenda-canvas/canvas.html,.html,18159,c7df7a25792f2490e49e0e216bec270d83f603a2c3eafdbfa52eb0216c3cef07,,,inventoried_only,Metadata only; no semantic-read claim.
local-evidence/restaurant-ai-automation,.planning/sketches/069-legal-agenda-canvas/README.md,.md,5033,a278b743b0374088d895d555d702c3550b0b4131c3d292ed383b53dadc3202a4,Sketch 069 · Legal agenda canvas,,inventoried_only,Metadata only; no semantic-read claim.
local-evidence/restaurant-ai-automation,.planning/sketches/069-legal-agenda-canvas/canvas.html,.html,23952,65763bc8d431cf006aa12a95e363af37a118d9e6fad994cb758730e3fd178017,,,inventoried_only,Metadata only; no semantic-read claim.
local-evidence/restaurant-ai-automation,.planning/sketches/070-knowledge-documentation-agenda-canvas/README.md,.md,3009,93d27686b19a381df0ed9b223a438e72366f6ca8961ba625861b37ebe0ebd3f0,Sketch 070 · Knowledge & Documentation — Agenda Canvas,,inventoried_only,Metadata only; no semantic-read claim.
local-evidence/restaurant-ai-automation,.planning/sketches/070-knowledge-documentation-agenda-canvas/canvas.html,.html,21424,43e3728045633624ea5c0faf3e7abafa4e9d65022b82d61989ee87768e973979,,,inventoried_only,Metadata only; no semantic-read claim.
local-evidence/restaurant-ai-automation,.planning/sketches/071-compliance-privacy-agenda-canvas/README.md,.md,4744,5891eb4758584cc6f170f5de37764cc09749823ea1d3d56b13d3123d56df1d97,Sketch 071 · Compliance & Privacy — Agenda Canvas,,inventoried_only,Metadata only; no semantic-read claim.
local-evidence/restaurant-ai-automation,.planning/sketches/071-compliance-privacy-agenda-canvas/canvas.html,.html,26041,796c2ed8aebea169b9c1c195db4d2e2052f89361480fe727c56199eb7e500da2,,,inventoried_only,Metadata only; no semantic-read claim.
local-evidence/restaurant-ai-automation,.planning/sketches/072-people-agent-ops-agenda-canvas/README.md,.md,4499,7a8a67c2de951ec2e769bb37d5a0aaaa264c718305ec8685f98951f5b0860e5f,Sketch 072 · People & Agent Ops — Agenda Canvas,,inventoried_only,Metadata only; no semantic-read claim.
local-evidence/restaurant-ai-automation,.planning/sketches/072-people-agent-ops-agenda-canvas/canvas.html,.html,25095,201e63d69d98c1886454fe25147f1bceb15ef96cd640bcca284337e9aa1d4402,,,inventoried_only,Metadata only; no semantic-read claim.
local-evidence/restaurant-ai-automation,.planning/sketches/073-strategy-fundraising-agenda-canvas/README.md,.md,7323,c54653952bac47eb50ff3111ec7c519475ea99d9c25c02e7ad18b387f03842a5,Sketch 073 · Strategy & Fundraising agenda canvas,,inventoried_only,Metadata only; no semantic-read claim.
local-evidence/restaurant-ai-automation,.planning/sketches/073-strategy-fundraising-agenda-canvas/canvas.html,.html,34585,88617a6832fb6fa0343d11520e2b5e1cc69fb7f41d76a35f8837156970dcd7b6,,,inventoried_only,Metadata only; no semantic-read claim.
local-evidence/restaurant-ai-automation,.planning/sketches/074-architecture-review-agenda-canvas/README.md,.md,5508,a5dd217750f2c54d427b6fa9a6b62b1ce5c62e585d45016bef4a1f6b640bc274,Sketch 074 · Architecture Review — Agenda Canvas,,inventoried_only,Metadata only; no semantic-read claim.
local-evidence/restaurant-ai-automation,.planning/sketches/074-architecture-review-agenda-canvas/canvas.html,.html,35869,1aefaef431ac9916f552788d34bd18b4104da5407649000c46d09304302ed91c,,,inventoried_only,Metadata only; no semantic-read claim.
local-evidence/restaurant-ai-automation,.planning/sketches/075-red-team-agenda-canvas/README.md,.md,5642,d47806758c719a13dbff40e1a6ad5fe0a73bccaeca996faf4d3cf1dca831ab69,Sketch 075 · Red Team — Agenda Canvas,,inventoried_only,Metadata only; no semantic-read claim.
local-evidence/restaurant-ai-automation,.planning/sketches/075-red-team-agenda-canvas/canvas.html,.html,26227,dbf3aaa575c6585135ae1c717b00a4b3e1c1505410a374b70ecf095833d05eab,,,inventoried_only,Metadata only; no semantic-read claim.
local-evidence/restaurant-ai-automation,.planning/sketches/076-decision-office-agenda-canvas/README.md,.md,6132,0bb2dede8667b4c29f9074a4fc81127043a92db6b7577ec97a1d405459b055ea,Sketch 076 · Decision Office agenda canvas,,inventoried_only,Metadata only; no semantic-read claim.
local-evidence/restaurant-ai-automation,.planning/sketches/076-decision-office-agenda-canvas/canvas.html,.html,24551,6a11372c2c9be9766ecbb2cc6d502fd7f3e4081ee8911be9794cb17c79ed5ae3,,,inventoried_only,Metadata only; no semantic-read claim.
local-evidence/restaurant-ai-automation,.planning/sketches/077-mudavym-habitue/index.html,.html,45620,588ee95f14b324185826a9054263da3d329588253cc1ce038dc16cf6ca344e4f,,,inventoried_only,Metadata only; no semantic-read claim.
local-evidence/restaurant-ai-automation,.planning/sketches/077-mudavym-habitue/notes.md,.md,7988,f5f0cd56f8fefed0388b9d15927344c40d310e863717f7ff800117215fba3950,077 — The Habitué · rationale and voice guide,,inventoried_only,Metadata only; no semantic-read claim.
local-evidence/restaurant-ai-automation,.planning/sketches/078-mudavym-instrument/index.html,.html,56743,2c2454e8917d1d12d1e1413107771fdd976dd5cba0f3ddd08d32bf6fa84d9944,,,inventoried_only,Metadata only; no semantic-read claim.
local-evidence/restaurant-ai-automation,.planning/sketches/078-mudavym-instrument/notes.md,.md,11110,dc046f6aba30c0f0c3c2a770af338924305f434983a7b1122122cdc3f14efd42,078 — Mudavym: The Instrument,,inventoried_only,Metadata only; no semantic-read claim.
local-evidence/restaurant-ai-automation,.planning/sketches/079-mudavym-cellar/index.html,.html,56387,ac4d871707ded841634cd08842f244d0e261e47328868e3f796d2bab73c43b88,,,inventoried_only,Metadata only; no semantic-read claim.
local-evidence/restaurant-ai-automation,.planning/sketches/079-mudavym-cellar/notes.md,.md,11061,fcf16869180b82de6da2c30692b6590a7696979268caacf09dc40859d685562d,079 · mudavym-cellar — The Cellar (brand direction 05 of 5),,inventoried_only,Metadata only; no semantic-read claim.
local-evidence/restaurant-ai-automation,.planning/sketches/080-mudavym-pass/index.html,.html,44894,9c46ddfde71e3dc524701ee71f114bfad8615c54e0768ac61fef33f3adf61e5f,,,inventoried_only,Metadata only; no semantic-read claim.
local-evidence/restaurant-ai-automation,.planning/sketches/080-mudavym-pass/notes.md,.md,9069,fbb052f85286faa0384638341605725b2014fac4ea829b4a23b1a343c1e91ab7,"080 — Mudavym · ""The Pass""",,inventoried_only,Metadata only; no semantic-read claim.
local-evidence/restaurant-ai-automation,.planning/sketches/081-mudavym-ledger/index.html,.html,46578,89de8a53af8232d6cb7fa1bcc45368dd908147dc4a82dd2b2ae7e97f26639d73,,,inventoried_only,Metadata only; no semantic-read claim.
local-evidence/restaurant-ai-automation,.planning/sketches/081-mudavym-ledger/notes.md,.md,11946,df5aeae4785db88ef8726b51c7445dd3471c097a60b002062fefa3bb156480d7,081 — Mudavym · The Ledger,,inventoried_only,Metadata only; no semantic-read claim.
local-evidence/restaurant-ai-automation,.planning/sketches/082-mudavym-3d-marks/index.html,.html,2291,f3b95a520473b270c779ceffdff5406b7a8ce822c272e38d314ee24646efea7c,,,inventoried_only,Metadata only; no semantic-read claim.
local-evidence/restaurant-ai-automation,.planning/sketches/082-mudavym-3d-marks/notes.md,.md,5076,f822159d878881971a0efd019f9f18ce0e7a2e4b87bddf2f337fc42a9044e289,082 — Mudavym brand marks in three dimensions (Blender),,inventoried_only,Metadata only; no semantic-read claim.
local-evidence/restaurant-ai-automation,.planning/sketches/083-mudavym-house/index.html,.html,102860,f8ed988ebdd0d95399dedcf634eefa780caf52c041984fbbd45549c6f6bd707b,,,inventoried_only,Metadata only; no semantic-read claim.
local-evidence/restaurant-ai-automation,.planning/sketches/083-mudavym-house/notes.md,.md,22694,8afef02ce09b0212a55c02d682ce260515c6fd3e2b5c3b1a348c54b10d97193d,083 — Mudavym · The House,,inventoried_only,Metadata only; no semantic-read claim.
local-evidence/restaurant-ai-automation,.planning/sketches/084-mudavym-anatolian/index.html,.html,81419,ee8ff019efba79581108f3a1d57970714ac42b41e8af612d486b4aad1c2d9101,,,inventoried_only,Metadata only; no semantic-read claim.
local-evidence/restaurant-ai-automation,.planning/sketches/084-mudavym-anatolian/notes.md,.md,21322,610e8d27a97930dd3c4dadf71111718a741959469feb0c675691b9a70b1bab8f,084 — Mudavym · Anatolian,,inventoried_only,Metadata only; no semantic-read claim.
local-evidence/restaurant-ai-automation,.planning/sketches/085-mudavym-guestbook/index.html,.html,80653,14dd627d2f9d6bf6afa4dc27236fba12fb7f7d2229a0e0a9da02771bb1183d31,,,inventoried_only,Metadata only; no semantic-read claim.
local-evidence/restaurant-ai-automation,.planning/sketches/085-mudavym-guestbook/notes.md,.md,21116,2f1f8b128eeb5afdafdb06781195a7caabf68dad9414123d0047405037ee6867,085 — Mudavym · The Guest Book,,inventoried_only,Metadata only; no semantic-read claim.
local-evidence/restaurant-ai-automation,.planning/sketches/086-mudavym-warmmachine/index.html,.html,91821,32a9bace6e42ae8bf84dab4001c90abcc9e5ab6ea8758041bff16fa4bdc3f5e9,,,inventoried_only,Metadata only; no semantic-read claim.
local-evidence/restaurant-ai-automation,.planning/sketches/086-mudavym-warmmachine/notes.md,.md,28089,a5242850a6023a92bb00dffd504b857c8e00e60972ce56dcfb979dcf45774307,086 — Mudavym: Warm Machine,,inventoried_only,Metadata only; no semantic-read claim.
local-evidence/restaurant-ai-automation,.planning/sketches/087-mudavym-motion-canvas/CONTRACT.md,.md,3714,5af717f502866d226f321a213ad25faa9c786be57b3b1d5ff6b1d0fdf8574583,Motion-part contract (087 canvas),,inventoried_only,Metadata only; no semantic-read claim.
local-evidence/restaurant-ai-automation,.planning/sketches/087-mudavym-motion-canvas/index.html,.html,870511,01fe56e5e963466bb0abe7bfbd2a750b3e45101be5aa127a209b80fc1b85b110,,,inventoried_only,Metadata only; no semantic-read claim.
local-evidence/restaurant-ai-automation,.planning/sketches/087-mudavym-motion-canvas/notes.md,.md,17957,2bce89fe5bcf5f607a39502c65f4bf4803bf38f0b4837d6bc3f06f23a46312d3,087 — Motion canvas,,inventoried_only,Metadata only; no semantic-read claim.
local-evidence/restaurant-ai-automation,.planning/sketches/087-mudavym-motion-canvas/parts/acc.html,.html,71425,5326e438aa6438e15ace7662f2495ad380e87302214982b5331d245cc2218aaf,,,inventoried_only,Metadata only; no semantic-read claim.
local-evidence/restaurant-ai-automation,.planning/sketches/087-mudavym-motion-canvas/parts/ent.html,.html,49595,74be78dfcd46a2d1dfded5f63d8bca54cc78293f814bb044526ebe1e1cbfcf32,,,inventoried_only,Metadata only; no semantic-read claim.
local-evidence/restaurant-ai-automation,.planning/sketches/087-mudavym-motion-canvas/parts/inv.html,.html,70580,0315c8b93296e1da8db8a32b4f51e47c0af4565bfc1bceb7b9723474ca7ac2d5,,,inventoried_only,Metadata only; no semantic-read claim.
local-evidence/restaurant-ai-automation,.planning/sketches/087-mudavym-motion-canvas/parts/itl.html,.html,65899,cb3a2b185ec099f61e2dfa3fae01a40611392a2b14c4d3b912483b376afae9ef,,,inventoried_only,Metadata only; no semantic-read claim.
local-evidence/restaurant-ai-automation,.planning/sketches/087-mudavym-motion-canvas/parts/nav.html,.html,52477,9e1c61f331f89544a6c006543a6060c88cc3fe293c0a334ef84ae5e610859bfc,,,inventoried_only,Metadata only; no semantic-read claim.
local-evidence/restaurant-ai-automation,.planning/sketches/087-mudavym-motion-canvas/parts/num.html,.html,42143,ee1cdf7cb21556fb5c2c420d0c62aea3ea9a8e89a8316749d68041b2741bafdf,,,inventoried_only,Metadata only; no semantic-read claim.
local-evidence/restaurant-ai-automation,.planning/sketches/087-mudavym-motion-canvas/parts/prc.html,.html,65371,8e21e879efc8f3e353dd5648357221f0fd4da82020e885bf3df11b4bb555cb1e,,,inventoried_only,Metadata only; no semantic-read claim.
local-evidence/restaurant-ai-automation,.planning/sketches/087-mudavym-motion-canvas/parts/sig-a.html,.html,48581,245e6a5f83555ddb561705d9cd9ca7f5470805175ddcfca85aa386fd242bb931,,,inventoried_only,Metadata only; no semantic-read claim.
local-evidence/restaurant-ai-automation,.planning/sketches/087-mudavym-motion-canvas/parts/sig-b.html,.html,54685,44651139d9f84ad38f40571dabaa3fff2292d8fcf0c7893a4154e0680bea78b2,,,inventoried_only,Metadata only; no semantic-read claim.
local-evidence/restaurant-ai-automation,.planning/sketches/087-mudavym-motion-canvas/parts/sig-c.html,.html,53596,e8bb66489419b9a1bdbfb408731a37f9e4efdc01d077c47d5e4e9ad43bfc1f38,,,inventoried_only,Metadata only; no semantic-read claim.
local-evidence/restaurant-ai-automation,.planning/sketches/087-mudavym-motion-canvas/parts/sig-d.html,.html,44403,c215504e6ba333194201f80d0ef1913515b00e63f04a3b8d7bc3ea20478281e8,,,inventoried_only,Metadata only; no semantic-read claim.
local-evidence/restaurant-ai-automation,.planning/sketches/087-mudavym-motion-canvas/parts/sig-hero.html,.html,13102,2e758b4f4670ebdb39acafa1c2fce4e9ba11ce639e8b9036463e020038f7ba7c,,,inventoried_only,Metadata only; no semantic-read claim.
local-evidence/restaurant-ai-automation,.planning/sketches/087-mudavym-motion-canvas/parts/srf.html,.html,72155,782eaf3cf5988ff4db2035f32cbeaf6e87e02254a4aa143cc950bce4f92d467f,,,inventoried_only,Metadata only; no semantic-read claim.
local-evidence/restaurant-ai-automation,.planning/sketches/087-mudavym-motion-canvas/parts/st.html,.html,51337,05fc52d6d1f6c19e6bd3db842b4d6f1d1729dcabbcf90891993f3d44cb985c04,,,inventoried_only,Metadata only; no semantic-read claim.
local-evidence/restaurant-ai-automation,.planning/sketches/087-mudavym-motion-canvas/parts/sys.html,.html,56841,44efe1ea3a48bd03abe24973b252d6a1ed362f859e4ae04cf0117e4f56c983bc,,,inventoried_only,Metadata only; no semantic-read claim.
local-evidence/restaurant-ai-automation,.planning/sketches/087-mudavym-motion-canvas/shortlist.html,.html,872734,12f4eb7f007d0903612e1d4aaa40c5d098c39545ec630073a1eb4990ee768eba,,,inventoried_only,Metadata only; no semantic-read claim.
local-evidence/restaurant-ai-automation,.planning/sketches/088-documents-reports-directions/DirectionA.dc.html,.html,7332,328fc0577e2e34705b3113eca0a17700678e2888d87ddd4fa06b8f7e9f7758bc,,,inventoried_only,Metadata only; no semantic-read claim.
local-evidence/restaurant-ai-automation,.planning/sketches/088-documents-reports-directions/DirectionC.dc.html,.html,5210,594b4d53257fb7f7a8d3d0ff66b340f78ef79b3f1fdcf715c50730c3d1b1c78b,,,inventoried_only,Metadata only; no semantic-read claim.
local-evidence/restaurant-ai-automation,.planning/sketches/088-documents-reports-directions/DirectionD.dc.html,.html,9607,8d506015cb4e558c6db7167b9bce1e4a8554e67012f8a7a9ce3d8c42943f1b24,,,inventoried_only,Metadata only; no semantic-read claim.
local-evidence/restaurant-ai-automation,.planning/sketches/088-documents-reports-directions/DirectionE.dc.html,.html,8679,8d99fe70d37f7ffdeab2e47f1182bfd8b2e9ad8defaaa15d7a506885b46a4927,,,inventoried_only,Metadata only; no semantic-read claim.
local-evidence/restaurant-ai-automation,.planning/sketches/088-documents-reports-directions/Main.dc.html,.html,10224,e52706343c0974c623e7bdea6b85499dde26def235dcaa4cad6786e16192c76b,,,inventoried_only,Metadata only; no semantic-read claim.
local-evidence/restaurant-ai-automation,.planning/sketches/089-agreed-invoice-directions/DirectionA.dc.html,.html,48683,9ab203568d27b040cc03f366d9a10db4ae1d19d823301bbcb98abc4700620565,,,inventoried_only,Metadata only; no semantic-read claim.
local-evidence/restaurant-ai-automation,.planning/sketches/089-agreed-invoice-directions/DirectionB.dc.html,.html,49944,32729139ce37b9b43714618d70c498c3be64785d6cd215f68d22a735edcf1e71,,,inventoried_only,Metadata only; no semantic-read claim.
local-evidence/restaurant-ai-automation,.planning/sketches/089-agreed-invoice-directions/DirectionC.dc.html,.html,59272,92d646346a3be0bd4a49037cf19aba267cfaa122a89a6945753d25e49b5adf2c,,,inventoried_only,Metadata only; no semantic-read claim.
local-evidence/restaurant-ai-automation,.planning/sketches/MANIFEST.md,.md,24846,1e3467c4bd1fb2ea4d56dd3afc932224ab775f59fcc2ad7b2d840fce2eed151a,Sketch Manifest,,read_targeted,Selected sections/excerpts reviewed; not whole document.
local-evidence/restaurant-ai-automation,.planning/testing/EXISTING-TEST-INVENTORY.md,.md,23607,a16a2ca3a600806905c2f348859b560df3002fc69251702fb498a3f35eb6c3e2,Existing Test Inventory,,inventoried_only,Metadata only; no semantic-read claim.
local-evidence/restaurant-ai-automation,.planning/testing/FUNCTIONALITY-REGISTRY.md,.md,17045,075adcbe0df5b48227f63565044fdf6d932cb1c57c7268d14a736e12551e578c,Functionality Registry,,inventoried_only,Metadata only; no semantic-read claim.
local-evidence/restaurant-ai-automation,.planning/testing/README.md,.md,3571,135007bb58ea354941ea5afbd7c55f3bfcf0468ac98bcc41e07d5293581ecf65,Testing Campaign — Operator Front Door,,inventoried_only,Metadata only; no semantic-read claim.
local-evidence/restaurant-ai-automation,.planning/testing/RUBRIC.md,.md,3504,ab3d5b023db61bc53f314434114f8776d6d06d23d4d129110765c3ea354623b0,Testing Campaign Rubric (T0–T4),,inventoried_only,Metadata only; no semantic-read claim.
local-evidence/restaurant-ai-automation,.planning/testing/SYNTHETIC-TENANT.md,.md,15523,488915f784a9f95d1539653ab92061e156bce65a73a73873495329de7ef445c6,Synthetic Tenant Isolation Convention (TFND-06),,inventoried_only,Metadata only; no semantic-read claim.
local-evidence/restaurant-ai-automation,.planning/testing/TESTING-SCORECARD.md,.md,7047,dc8232f2c1b0f5271f5f70a684549abfa2236ef57e26ae538428a953e0cee7a2,Testing Scorecard (Baseline),,inventoried_only,Metadata only; no semantic-read claim.
local-evidence/restaurant-ai-automation,.planning/testing/checklists/README.md,.md,1106,0f3c9d4c7f9b17cda08337bd510713a9453185b752b47771fe278a9c7e1348c8,Manual checklists — naming contract,,inventoried_only,Metadata only; no semantic-read claim.
local-evidence/restaurant-ai-automation,.planning/v3.0-TECH-DEBT.md,.md,242947,867b28ecf7cc492a732d8301f25c85d00d315562f88a9a3dfea791623ea61a29,v3.0 — Phase 44: v2.0 Carry-Forward & Debt Consolidation,,inventoried_only,Metadata only; no semantic-read claim.
local-evidence/restaurant-ai-automation,.railway/README.md,.md,1367,a16e033927f0d7864f5b088152f339ea6c663fd40f9d6418188c366ba7726571,Railway configuration,,inventoried_only,Metadata only; no semantic-read claim.
local-evidence/restaurant-ai-automation,CLAUDE.md,.md,13850,69884346ac6d06ee2dc01efa2650083fd3d0080d17d621e936c7cfd99ca91f51,CLAUDE.md — Working instructions for this repo,,read_full,Complete displayed text reviewed.
local-evidence/restaurant-ai-automation,FEATURE_FLAGS_IMPLEMENTATION.md,.md,5914,97de0911a7443ce3acabbc73d3a138c037ab822225abfcd9e19407bda8182392,Feature Flags Implementation,,inventoried_only,Metadata only; no semantic-read claim.
local-evidence/restaurant-ai-automation,IMPLEMENTATION_COMPLETE.md,.md,11673,e62eca760fadad04321629ecbbcdbfd72b394cacc8351bf23e3dd03c6e0bf257,Scanning Pipeline v3: Implementation Complete ✅,,inventoried_only,Metadata only; no semantic-read claim.
local-evidence/restaurant-ai-automation,IMPLEMENTATION_SUMMARY.md,.md,12925,176bb414e57c57dd86ed9db6d469bf58091601ab1010cc07177a6330e8996a8d,WineOps AI - Implementation Summary,,inventoried_only,Metadata only; no semantic-read claim.
local-evidence/restaurant-ai-automation,LOCKED_FILES_PATCH_GUIDE.md,.md,6878,8cf43cd11e1b310bb55a5f26b8657446e7b119f2e19436dc0e0ccfee8a61e4f9,Locked Files Patch Guide,,inventoried_only,Metadata only; no semantic-read claim.
local-evidence/restaurant-ai-automation,MEMORY.md,.md,5951,7cbe9038f7a45183a5bd5132101ac35c8e74725f96b9e1762180e4dcc9449edf,WineOps AI - Project Memory,,read_targeted,Selected sections/excerpts reviewed; not whole document.
local-evidence/restaurant-ai-automation,PATCH_GUIDE_LOCKED_FILES.md,.md,10681,f46b772d7af8a93491d0f0dc71384a901e957c976ba321b419529feb48b715ae,Patch Guide for Locked Files,,inventoried_only,Metadata only; no semantic-read claim.
local-evidence/restaurant-ai-automation,README.md,.md,80,d8660e79a0d57980f0eb2310d0d6c414af70cc1e0ec7bae2962fe03d5bfdd670,RestaurantAIAutomation,,inventoried_only,Metadata only; no semantic-read claim.
local-evidence/restaurant-ai-automation,REPORT.md,.md,3780,ae710b524cecdf518f1750182b39216031113e0d6e38d282f7a5e9b2201b9c71,Phase 2 E2E Crawl Report,,inventoried_only,Metadata only; no semantic-read claim.
local-evidence/restaurant-ai-automation,SCANNING_PIPELINE_SETUP.md,.md,19208,99b95d8b31bf6d2fe70d843a2af7f56eae282dd013f4d9b07e19f4ff2f543ff8,Scanning Pipeline Setup Guide,,inventoried_only,Metadata only; no semantic-read claim.
local-evidence/restaurant-ai-automation,SKILLS.md,.md,1862,99f19cd1539f8cae9654dfbbd77878ad941ca25ab7e8f1a12a32844e3396ff2a,SKILLS.md — retired 2026-08-24,,inventoried_only,Metadata only; no semantic-read claim.
local-evidence/restaurant-ai-automation,SYNC_AUDIT_REPORT.md,.md,13103,fd6116a607e9ee8f0dc1047d232e255c7a87fb2880d09a451d854f223d01b385,WineOps AI - Cross-Page Sync Audit Report,,inventoried_only,Metadata only; no semantic-read claim.
local-evidence/restaurant-ai-automation,apps/api-gateway/src/inventory-ledger/LEDGER_V1_DEPRECATED.md,.md,1647,526b9e7c75018eaeaf72e33e26b0aa835b0bcf113f4dfe3ea77f2123181e809c,"inventory-ledger — repaired 2026-08-05 (SimPOS testbed plan, spine repair)",,inventoried_only,Metadata only; no semantic-read claim.
local-evidence/restaurant-ai-automation,apps/mobile/.expo/README.md,.md,756,3858a72afab113a01508b58b4df4d20aa3d2236d2b629878b8dc2317aee0fe6c,,,inventoried_only,Metadata only; no semantic-read claim.
local-evidence/restaurant-ai-automation,apps/mobile/README.md,.md,297,dde45525515600ab655779ae54961abfbda9900c32cf94a127dc2a1469b27cd5,📱 WineOps AI Mobile App,,inventoried_only,Metadata only; no semantic-read claim.
local-evidence/restaurant-ai-automation,apps/web/src/pages/communications/next/MOTIONS.md,.md,842,f87dca65632d2a18e0c5c2230d053a975a6c4aacf6c241e315f1cb29b84cf8a3,"CommunicationsNext — motions, canonical",,inventoried_only,Metadata only; no semantic-read claim.
local-evidence/restaurant-ai-automation,apps/web/src/pages/dashboard/next/MOTIONS.md,.md,3800,d45fdd791fef018f5bde135dc7bd1b3ff7305c1d8c0be725621ac56e7dca2a9d,DashboardNext — motion map,,inventoried_only,Metadata only; no semantic-read claim.
local-evidence/restaurant-ai-automation,apps/web/src/pages/documents-reports/next/MOTIONS.md,.md,1348,25c8c987938193ac4bd870b890fc1adc59ada3a89fc213b5b63c790e35d0ff92,"DocumentsReportsNext (the Sorting Office) — motions, canonical",,inventoried_only,Metadata only; no semantic-read claim.
local-evidence/restaurant-ai-automation,apps/web/src/pages/orders/next/MOTIONS.md,.md,3918,20e19e0d8f6ce07e7ec8a1c3b6443e36b24dcc7566eeac5c94d022e1fcae0102,OrdersNext — motion map,,inventoried_only,Metadata only; no semantic-read claim.
local-evidence/restaurant-ai-automation,apps/web/src/pages/providers/next/MOTIONS.md,.md,892,573b7a2c7b16c58ab0a216cbf9541848d8a9f03f851fee08fd524ccfca24b6b6,"ProvidersNext — motions, canonical",,inventoried_only,Metadata only; no semantic-read claim.
local-evidence/restaurant-ai-automation,apps/web/src/pages/receipts/next/MOTIONS.md,.md,1032,81060c235a54d273b9b71ae89281b6e0f217c62b5392ece73ba84ae7945ed5ac,"ReceiptsNext — motions, canonical",,inventoried_only,Metadata only; no semantic-read claim.
local-evidence/restaurant-ai-automation,apps/web/src/pages/receiving/next/MOTIONS-door.md,.md,3403,1863c5aebec49fa6a697da3ce8d8f05bc40a42b7bd50d09fd5b83505bd73aa85,DoorNext — motion map,,inventoried_only,Metadata only; no semantic-read claim.
local-evidence/restaurant-ai-automation,apps/web/src/pages/receiving/next/MOTIONS-receiving.md,.md,4079,2cd5f65b64d858edaf585a16948a0da9662d0182bc6572ef3fc2189f62eb0fdb,ReceivingNext — motion map,,inventoried_only,Metadata only; no semantic-read claim.
local-evidence/restaurant-ai-automation,apps/web/src/pages/team/next/MOTIONS.md,.md,697,62bd112994584a7e78a053d2c121f6e4b29662e13dd7949aefb1f6c3b4073eff,"TeamNext — motions, canonical",,inventoried_only,Metadata only; no semantic-read claim.
local-evidence/restaurant-ai-automation,backend/README.md,.md,1468,55be97ccab61de0331e540f09734b64018052277d4bb4367bccbc0a485ac2989,Restaurant AI Automation - Backend,,inventoried_only,Metadata only; no semantic-read claim.
local-evidence/restaurant-ai-automation,datasets/OCR_CONFIDENCE_REPORT.md,.md,2353,abb300b6dac137d454efb38172fba4c388892ccd95d1881c08520b11079b5775,OCR Confidence Report — WineOps Menu Scanning Pipeline,,inventoried_only,Metadata only; no semantic-read claim.
local-evidence/restaurant-ai-automation,datasets/annotation_inbox/pdfs/AUTOMATED_MENU_DISCOVERY.md,.md,24768,eca4af77160755f3ca808ebd6f622522387e0f32a18ee26f52e505224285eee9,Automated Menu Discovery & Collection System,,inventoried_only,Metadata only; no semantic-read claim.
local-evidence/restaurant-ai-automation,datasets/annotation_inbox/pdfs/AUTOMATION_TECHNICAL_SETUP.md,.md,15753,6086b5a8e3198e07f0c820a873fc6b9e0edb9fa83f27733980f77e7cf78203f0,Automation & API Integration Setup for 1000 Wines/Week,,inventoried_only,Metadata only; no semantic-read claim.
local-evidence/restaurant-ai-automation,datasets/annotation_inbox/pdfs/EXECUTION_PLAN.md,.md,24150,0ec97f0c6f2d83dec78000fc70d9bef7cc53f4f395aad26133578d0aa3c5b86e,Wine Menu Discovery & Enrichment - Execution Plan,,inventoried_only,Metadata only; no semantic-read claim.
local-evidence/restaurant-ai-automation,datasets/annotation_inbox/pdfs/EXPANDED_SCOPE_SUMMARY.md,.md,11017,985c7a2bd9168802f5e4008a1fc658a923f13510ca896bd5f2e5838a46d70d33,"Expanded Scope Summary: 10 Restaurants, ~200 Wines Per Cycle",,inventoried_only,Metadata only; no semantic-read claim.
local-evidence/restaurant-ai-automation,datasets/annotation_inbox/pdfs/EXTRACTION_RUN_SUMMARY.md,.md,4392,cfd1f027f89ec0732a03fd23616e9c0c23588dd67b6532a1561128876367d50a,Stage 2 Wine Menu Extraction - Nightly Run Summary,,inventoried_only,Metadata only; no semantic-read claim.
local-evidence/restaurant-ai-automation,datasets/annotation_inbox/pdfs/FINAL_RECOMMENDATION_STACK.md,.md,15641,0e30d4fd103ad6f71acaf5feb6325fb0ddea4dfd183b636c56136d47c8b7c2a5,Final Recommendation: Complete Free Stack to 100K+ Wines/Month,,inventoried_only,Metadata only; no semantic-read claim.
local-evidence/restaurant-ai-automation,datasets/annotation_inbox/pdfs/FREE_SCALING_PLAN_1000_WINES.md,.md,24135,95d9cf487d432e64a2338cf6da26c61078bdd5d9f9d4ca302a3e952520d1b782,Free/Minimal Cost Scaling to 1000 Wines Per Week,,inventoried_only,Metadata only; no semantic-read claim.
local-evidence/restaurant-ai-automation,datasets/annotation_inbox/pdfs/INDEX.md,.md,2920,2391cc0346c2d70b3dc6dda67af41b9d6e46b86b445a7a6f239d5e744a70c883,Wine Automation Project - Master Index,,inventoried_only,Metadata only; no semantic-read claim.
local-evidence/restaurant-ai-automation,datasets/annotation_inbox/pdfs/PAID_vs_FREE_COMPARISON.md,.md,9325,4c9a19481f2aa87f39dceadec75cb058ae46b672c0ba38c6dbc4f4ed73edd7cf,Paid vs Free: 1000 Wines/Week Scaling Comparison,,inventoried_only,Metadata only; no semantic-read claim.
local-evidence/restaurant-ai-automation,datasets/annotation_inbox/pdfs/README.md,.md,12158,ce68e7e3d41f24b4cc471b1068039c4498656298dab48cd6ab9c06751555b47f,Wine Menu Discovery & Enrichment - Project Overview,,inventoried_only,Metadata only; no semantic-read claim.
local-evidence/restaurant-ai-automation,datasets/annotation_inbox/pdfs/RESEARCH_REPORT.md,.md,13417,103eb3d4a3ceaf282330b272d0bd861d1b146b8c44165d3678b3acd5d4b82b56,Wine Menu Discovery & Enrichment - Research Report,,inventoried_only,Metadata only; no semantic-read claim.
local-evidence/restaurant-ai-automation,datasets/annotation_inbox/pdfs/RESTAURANT_LIST_EXPANDED.md,.md,13958,7810de5f089e23b10be4ff85560838b8f93c492798ff765aa790f8352c1f9914,Wine Menu Discovery - Expanded Restaurant List (10+ Priority Restaurants),,inventoried_only,Metadata only; no semantic-read claim.
local-evidence/restaurant-ai-automation,datasets/annotation_inbox/pdfs/SCALING_TO_1000_WINES_WEEKLY.md,.md,17623,b836aacede8bd262b695ad35538520dff5c5d3edfb368a7630bd737d9a9f81dc,Scaling to 1000 Wines Per Week - Strategic Plan,,inventoried_only,Metadata only; no semantic-read claim.
local-evidence/restaurant-ai-automation,datasets/annotation_inbox/pdfs/WEEK1_COMPLETE.md,.md,3975,da699834922623cfb881e2e8b92dcf554aa1c43b4e7c9e80573e4f76f54d3df9,Week 1: Infrastructure Build - COMPLETE ✅,,inventoried_only,Metadata only; no semantic-read claim.
local-evidence/restaurant-ai-automation,datasets/annotation_inbox/pdfs/WEEK1_SETUP_GUIDE.md,.md,11636,c431ad49e804f0f9145e1d366adb767221bdeaaa1191da17ce8c1bf24094569f,Week 1 Setup Guide: Automated Menu Discovery Infrastructure,,inventoried_only,Metadata only; no semantic-read claim.
local-evidence/restaurant-ai-automation,datasets/annotation_inbox/pdfs/WINE_EVIDENCE_VERIFICATION_REPORT_20260905.md,.md,10448,50cbf5ee740c13bdd0bc9a6ecb711da600b85defa0ee6084026195bdbf164e21,🍷 Wine Evidence Verification Report - Stage 3,,inventoried_only,Metadata only; no semantic-read claim.
local-evidence/restaurant-ai-automation,datasets/annotation_inbox/pdfs/WINE_EVIDENCE_VERIFICATION_REPORT_20260912.md,.md,7382,ab9fd4fef5878bafd0631dc3bcb79bd6449be3b16f32abbda4d1f38e710c3c6b,🍷 Wine Evidence Verification Report — Stage 3,,inventoried_only,Metadata only; no semantic-read claim.
local-evidence/restaurant-ai-automation,datasets/annotation_inbox/pdfs/wine-pipeline/AUDIT_2026-08-26.md,.md,10677,6dd9106448d857d176639b2e87b50ba6c777483ab9a0f203f413f80b5ab6ed57,Pipeline Audit — 26 August 2026,,inventoried_only,Metadata only; no semantic-read claim.
local-evidence/restaurant-ai-automation,datasets/annotation_inbox/pdfs/wine-pipeline/RUN_2026-08-31_extract-nightly_ABORTED.md,.md,3948,bd3cd7735f2c78e95af2040a6091b2b1bcfcf71c26637c467a4a91ce4fdaa8e0,wine-extract-nightly — 2026-08-31 — ABORTED BEFORE STAGE 1,,inventoried_only,Metadata only; no semantic-read claim.
local-evidence/restaurant-ai-automation,datasets/annotation_inbox/pdfs/wine-pipeline/RUN_2026-08-31_verify-nightly.md,.md,11971,7a8bfc53b5cc0d68503840e78bf0f41b6ee672cacdf792d3df04b745ffefc7c3,wine-verify-nightly — 2026-08-31,,inventoried_only,Metadata only; no semantic-read claim.
local-evidence/restaurant-ai-automation,datasets/annotation_inbox/pdfs/wine-pipeline/RUN_2026-09-01_verify-nightly.md,.md,15187,95d2b7130d704debb2a8718b5f4c9da315f8108c981c8458dae6be9d395564d3,wine-verify-nightly — 2026-09-01,,inventoried_only,Metadata only; no semantic-read claim.
local-evidence/restaurant-ai-automation,datasets/annotation_inbox/pdfs/wine-pipeline/RUN_2026-09-02_verify-nightly.md,.md,15574,e51eec4ee56d2f0c6b65e4c5cd82c42dcef117f44d2c30120a50ebfb4d52a261,wine-verify-nightly — 2026-09-02,,inventoried_only,Metadata only; no semantic-read claim.
local-evidence/restaurant-ai-automation,datasets/annotation_inbox/pdfs/wine-pipeline/SKILL.md,.md,5663,c74072e75f2a5ee6e90d3018a66a71ab9a8baefde8da6ae5623f94b7aac39f9c,Wine Menu Discovery & Enrichment,,inventoried_only,Metadata only; no semantic-read claim.
local-evidence/restaurant-ai-automation,datasets/annotation_inbox/pdfs/wine-pipeline/scheduled/schedules.md,.md,2375,fbd6a3ce317ba07c1ff1d43e578f18a33c9451665b60ef38d39429aeda561c03,Inner schedules,,inventoried_only,Metadata only; no semantic-read claim.
local-evidence/restaurant-ai-automation,datasets/annotation_inbox/pdfs/wine_audit_2026-08-31.md,.md,18662,1e6e65e72737615607d088bb584703180c1fc4ff2eb371835e3277921ddd89fb,Stage 4 — Adversarial Audit — 2026-08-31,,inventoried_only,Metadata only; no semantic-read claim.
local-evidence/restaurant-ai-automation,datasets/canonical/CORPUS-RUN-2026-09-03.md,.md,2073,01fa5e03fa4cd367a013ba1fc613783ba246ce6def48caca8f594322c9d4d831,Canonical corpus run — 2026-09-03,,inventoried_only,Metadata only; no semantic-read claim.
local-evidence/restaurant-ai-automation,datasets/canonical/CORPUS-RUN-2026-09-04.md,.md,3233,baa108fae10cf57e482b184145b370198168eec02442df9b9b0fc5cc2a750c69,Canonical corpus run — 2026-09-04,,inventoried_only,Metadata only; no semantic-read claim.
local-evidence/restaurant-ai-automation,datasets/canonical/CORPUS-RUN-2026-09-05-after-306.md,.md,2956,8e186d3374745f414ea9c3f35e909e11750c492fdd3328c1998e514c7211b070,Canonical corpus run — 2026-09-05,,inventoried_only,Metadata only; no semantic-read claim.
local-evidence/restaurant-ai-automation,datasets/canonical/CORPUS-RUN-2026-09-05.md,.md,3815,4b028bf29b9d3feb77e43f49022493d29e13165ab93449c4a8640bce5c5dc9e6,Canonical corpus run — 2026-09-05,,inventoried_only,Metadata only; no semantic-read claim.
local-evidence/restaurant-ai-automation,datasets/library/REPAIR-2026-09-05-measure.md,.md,25393,2cec45510b1f275ad9061da7d1908dc7afff70139db47a91e8ea3c903662b257,"Master wine library — sim-tenant repair, stop 1: measurement",,inventoried_only,Metadata only; no semantic-read claim.
local-evidence/restaurant-ai-automation,datasets/library/REPAIR-2026-09-05.md,.md,12119,e15d49c5eb86310077c9821d6039d1665686e254781f57221db69d6ee08eddc6,Master wine library — sim-tenant repair,,inventoried_only,Metadata only; no semantic-read claim.
local-evidence/restaurant-ai-automation,datasets/menu_corpus/README.md,.md,1991,5d3cbfdc04d2404705dde1b9a8c25b573d9a34821bcd0dab052b4e00af958e94,Menu corpus — extracted and enriched,,inventoried_only,Metadata only; no semantic-read claim.
local-evidence/restaurant-ai-automation,datasets/sim/venues/meyhouse-palo-alto/SOURCES.md,.md,12853,882aa23f4674059bd8a4b90cd2efd4de05dd2b593a9d586c552769571523e844,Sources — Meyhouse Palo Alto behaviour profile,,inventoried_only,Metadata only; no semantic-read claim.
local-evidence/restaurant-ai-automation,datasets/sim/venues/vanilla-antalya-kaleici/SOURCES.md,.md,24332,d1e1fa544d9baae229a1589b203942f725e98a6e696b86507901b17db1636f71,"Sources — Vanilla Restaurant (Kaleiçi, Antalya) behaviour profile",,inventoried_only,Metadata only; no semantic-read claim.
local-evidence/restaurant-ai-automation,docker/label-studio/README.md,.md,3707,b0ed47165a0bc22cb0c91ceeac83ed06ccf610eae83a2198b9c1f0c043b3a289,Label Studio Setup for Wine Menu Review,,inventoried_only,Metadata only; no semantic-read claim.
local-evidence/restaurant-ai-automation,docker/label-studio/VERIFIED_WORKING.md,.md,1988,da70ba4f186811cf7c3bb59f5ac7843d60abc9da78e883f17b1e6d153abff7b6,✅ Label Studio - Verified Working,,inventoried_only,Metadata only; no semantic-read claim.
local-evidence/restaurant-ai-automation,md/Agent_Chat_History/WINEOPS_AI_AGENT_CHAT_HISTORY/CURSOR_CHAT_BACKEND.md,.md,91431,56bfb340f393cdae2a440886621f8b7c0327ea678bb12dd51d6d2ee807bf064e,BACKEND,,inventoried_only,Metadata only; no semantic-read claim.
local-evidence/restaurant-ai-automation,md/Agent_Chat_History/WINEOPS_AI_AGENT_CHAT_HISTORY/CURSOR_CHAT_MAINOLD.md,.md,5409376,c583c981b939168917b25a84f478d47fae12830f541a4128ceba1c661932a1b4,MAIN_OLD,,inventoried_only,Metadata only; no semantic-read claim.
local-evidence/restaurant-ai-automation,md/Agent_Chat_History/WINEOPS_AI_AGENT_CHAT_HISTORY/CURSOR_CHAT_MAINOLD.md -> local-evidence/Restaurant AI Automation/md/Agent_Chat_History/WINEOPS_AI_AGENT_CHAT_HISTORY/CURSOR_CHAT_MAINOLD.md,.md,0,e3b0c44298fc1c149afbf4c8996fb92427ae41e4649b934ca495991b7852b855,,,inventoried_only,Metadata only; no semantic-read claim.
local-evidence/restaurant-ai-automation,md/Agent_Chat_History/WINEOPS_AI_AGENT_CHAT_HISTORY/WINEOPS_CURSOR_FRONTEND.md,.md,17377,d3474a3da0801e39d2bcec53a240b4589d69ed786e6825828dd02cb1f35765a5,FRONTEND,,inventoried_only,Metadata only; no semantic-read claim.
local-evidence/restaurant-ai-automation,md_files/Agent_Chat_History/WINEOPS_AI_AGENT_CHAT_HISTORY/CURSOR_CHAT_MAINOLD.md,.md,5409376,c583c981b939168917b25a84f478d47fae12830f541a4128ceba1c661932a1b4,MAIN_OLD,,inventoried_only,Metadata only; no semantic-read claim.
local-evidence/restaurant-ai-automation,md_files/Agent_Chat_History/WINEOPS_AI_AGENT_CHAT_HISTORY/CURSOR_CHAT_MAINOLD.md -> local-evidence/Restaurant AI Automation/md/Agent_Chat_History/WINEOPS_AI_AGENT_CHAT_HISTORY/CURSOR_CHAT_MAINOLD.md,.md,0,e3b0c44298fc1c149afbf4c8996fb92427ae41e4649b934ca495991b7852b855,,,inventoried_only,Metadata only; no semantic-read claim.
local-evidence/restaurant-ai-automation,notebooks/README.md,.md,2215,4aa3b2e0c69a497b9be749589a57a1a35cb95f2b4649826482f4a0f2ae2aa5bc,WineOps ML Notebooks,,inventoried_only,Metadata only; no semantic-read claim.
local-evidence/restaurant-ai-automation,scripts/bakeoff/README.md,.md,22959,8bcb1d91b046836c52bb8df94fa991cef3c8604b547ab4e43268b570d7423806,The OD-03 bake-off — protocol,,inventoried_only,Metadata only; no semantic-read claim.
local-evidence/restaurant-ai-automation,scripts/bakeoff/RESEARCH.md,.md,16364,bd3530db14efecf2915ceb045fb924571f3d5b91c92ac06d0db96b1b9f3bf9e0,OD-03 candidates — verified research appendix,,inventoried_only,Metadata only; no semantic-read claim.
local-evidence/restaurant-ai-automation,scripts/bakeoff/out/SCORECARD.md,.md,4748,5d06010813d89d6f87f79652f82ddf68751543d519c2a6d3c5a02d7c4381daad,OD-03 bake-off — scorecard,,inventoried_only,Metadata only; no semantic-read claim.
local-evidence/restaurant-ai-automation,scripts/simulate/square_day/EVIDENCE.md,.md,9265,8374db4ab84eaa4c6ddc7b808aca39f4c1c14a4c2042df9cd840a4e8ede64588,"[SQ-DAY-RUN] One Meyhouse Friday, posted for real — measured",,inventoried_only,Metadata only; no semantic-read claim.
local-evidence/restaurant-ai-automation,services/agent-orchestrator/VENV_TRAP.md,.md,3852,38ee21466ad9d65be53b4196525cd81c19d6d8b0eede6e363800a5c55bde0fc2,The venv in this checkout runs code from a different checkout,,inventoried_only,Metadata only; no semantic-read claim.
local-evidence/restaurant-ai-automation,services/database/ARCHIVED_README.md,.md,2072,43a778a6a8514ff55c1a1ad8864b74b155a22bb28f57e179faf227856a741cb7,ARCHIVED - Legacy Migration Files,,inventoried_only,Metadata only; no semantic-read claim.
local-evidence/restaurant-ai-automation,supabase/SCHEMA_DRIFT.md,.md,6451,2bbf671d5e601e01797db285f9971c457f15f1c6e2dbd544be74d8732ba0a03b,Schema drift — findings and how to check,,inventoried_only,Metadata only; no semantic-read claim.
local-evidence/restaurant-ai-automation,wineops_implementation_plan.docx,.docx,33078,72f73d8d52c220315b6ddba9107c7b2314c8a916887550019edfc030056afd81,,,inventoried_only,Metadata only; no semantic-read claim.
local-evidence/wt-handoff,.planning/handoff/PROGRESS.md,.md,17541,cc713550154db97bea60d8abe43c7571e64a748e786d86f93f9a72b755b2aa73,"Handoff: the merge queue and the page wave, 2026-09-12",,read_full,Supplemental registered Git worktree; reviewed complete text.
local-evidence/wt-pr328,.planning/decisions/0131-the-new-house-goes-live-dark-then-one-house-at-a-time.md,.md,15746,7ff4f8abcc0ad497d5946456fea34f5692f6b007cf84bf2b713cf2142a99eb4b,"0131 — The new house goes live: dark on merge, then one house at a time",,read_full,Supplemental registered Git worktree; reviewed complete text.
local-evidence/wt-p4,.planning/decisions/0143-the-arrival-the-desk-the-sommelier-and-the-two-rooms.md,.md,19300,33bc7f6a3c719e2937b736a10713a4e6030baf6466a1d10bff5782b2e37c6108,"0143 — The arrival, the desk, the sommelier, and the two rooms nobody visits",,read_targeted,"Supplemental registered Git worktree; selected current decisions, headers or sections reviewed."
local-evidence/wt-p4,.planning/decisions/0144-the-book-opens-on-evidence-and-three-pages-get-a-job.md,.md,9870,d6319eb110a33fea846007bb725293f0d3ebb58fbe2531147df00efa78ee43f2,"0144 — The book opens on evidence, and three pages are given a job",,read_targeted,"Supplemental registered Git worktree; selected current decisions, headers or sections reviewed."
local-evidence/wt-p4,.planning/decisions/0145-mudavym-answers-out-of-a-reading.md,.md,50743,b0ef9f4973bffdc8b9723f0c905ff440a4bf734a2ded215fb006d45136129c5a,"0145 — Mudavym answers out of a reading, and only the query that ran may mint one",,read_targeted,"Supplemental registered Git worktree; selected current decisions, headers or sections reviewed."
local-evidence/wt-judge,.planning/decisions/0134-one-motion-per-act-across-every-page.md,.md,28520,a3236b4c597856b5b5337453856d9e00fb829952f62506815d7f5e6dd9262661,"0134 — A motion answers an act, and every page answers with the same motion",,read_targeted,"Supplemental registered Git worktree; selected current decisions, headers or sections reviewed."
local-evidence/wt-handoff,.planning/decisions/0112-one-modal-policy-three-shapes-one-primitive.md,.md,30801,cae49d75d864f6329f85d41521531b5350287577ed7ebdc38e6a2d45a02557a5,"0112 — One modal policy: three shapes, one primitive, and the overlay wears the page's ground",,read_targeted,"Supplemental source; headers and specific sections reviewed, not full semantic audit."
local-evidence/wt-p4,.planning/decisions/0044-mudavym-implementation-kickoff.md,.md,16656,765bf1ab59d36d9d660fbf1bc003a9a32b215825a79bd911e6540b9e5007da58,0044 — Mudavym design implementation kickoff,,read_targeted,"Supplemental source; headers and specific sections reviewed, not full semantic audit."
local-evidence/p4-scratch,wave/DIGEST.md,.md,148990,6b94945d854a9416f519286e187e824b6914fc0da419426b6a80c0ab7d7970b7,Page wave build-readiness digest (wf_dc01953e-3af),,read_targeted,"Supplemental source; headers and specific sections reviewed, not full semantic audit."
https://github.com/aldemirkonuk/RestaurantAIAutomation/tree/60ed83a7e6d5eb8b8e0e631783a598cd0f562bff,.planning/handoff/PROGRESS.md,.md,18877,a9b96ac992918a42eb475b15213e76856a3f50f5935453ac43bd43be0e740b27,"Handoff: the merge queue and the page wave, 2026-09-12",,read_full,"Fetched immutable current-main handoff; complete text read, sections0a/0/3 precedence reconciled to PR373."
